equation_id,seed,method,reward_function,min_error,success,best_expr,expr_tokens,expr_params,original_equation,ground_truth,n_variables,evaluation_calls,best_expr_simplified
I.10.7,0,GRAMS-PUCT,BIC,0.06635291727222493,False,X_0*C+cos(C-C/X_2*X_1),"['X_0', '*', 'C', '+', 'cos', '(', 'C', '-', 'C', '/', 'X_2', '*', 'X_1', ')']","[np.float64(1.0452284085541874), np.float64(4.396517755193412), np.float64(-1.2131913790548032)]",m = m_0/sqrt(1-v^2/c^2),"['X_0', '/', 'sqrt', '(', '1', '-', 'X_1', '^2', '/', 'X_2', '^2', ')']",3,10000,C*X_0+cos((C*X_1)/X_2+C)
I.10.7,1,GRAMS-PUCT,BIC,0.054767803891365464,False,X_0+(C*X_1+X_0)*X_1/(X_2)*C+X_2*C,"['X_0', '+', '(', 'C', '*', 'X_1', '+', 'X_0', ')', '*', 'X_1', '/', '(', 'X_2', ')', '*', 'C', '+', 'X_2', '*', 'C']","[np.float64(0.9883310708656171), np.float64(0.19358673225593792), np.float64(-0.014052652612125358)]",m = m_0/sqrt(1-v^2/c^2),"['X_0', '/', 'sqrt', '(', '1', '-', 'X_1', '^2', '/', 'X_2', '^2', ')']",3,10000,((((C*X_0)*X_1)/X_2+(C*X_1^2)/X_2)+C*X_2)+X_0
I.10.7,2,GRAMS-PUCT,BIC,0.04300854970021929,False,X_0*(X_1/X_2*C/C+C*X_0-C),"['X_0', '*', '(', 'X_1', '/', 'X_2', '*', 'C', '/', 'C', '+', 'C', '*', 'X_0', '-', 'C', ')']","[np.float64(-1.9822826314112276), np.float64(-5.0), np.float64(0.00017856939434036028), np.float64(-0.9410834810997015)]",m = m_0/sqrt(1-v^2/c^2),"['X_0', '/', 'sqrt', '(', '1', '-', 'X_1', '^2', '/', 'X_2', '^2', ')']",3,10000,(C*X_0^2+((C*X_0)*X_1)/X_2)+C*X_0
I.10.7,0,GRAMS-PUCT,RMSE,0.0730235651395394,False,(X_1/X_2)+X_0-(C/X_2)*X_0+C/X_0,"['(', 'X_1', '/', 'X_2', ')', '+', 'X_0', '-', '(', 'C', '/', 'X_2', ')', '*', 'X_0', '+', 'C', '/', 'X_0']","[np.float64(-0.015188371497976192), np.float64(-0.3120481202181345)]",m = m_0/sqrt(1-v^2/c^2),"['X_0', '/', 'sqrt', '(', '1', '-', 'X_1', '^2', '/', 'X_2', '^2', ')']",3,10000,(((C*X_0)/X_2+C/X_0)+X_0)+X_1/X_2
I.10.7,1,GRAMS-PUCT,RMSE,0.035774047334725285,False,X_0/C/(X_1-X_1/C-X_2)*X_2-C,"['X_0', '/', 'C', '/', '(', 'X_1', '-', 'X_1', '/', 'C', '-', 'X_2', ')', '*', 'X_2', '-', 'C']","[np.float64(-1.051593446900277), np.float64(1.5150033310593547), np.float64(0.00033872013012840126)]",m = m_0/sqrt(1-v^2/c^2),"['X_0', '/', 'sqrt', '(', '1', '-', 'X_1', '^2', '/', 'X_2', '^2', ')']",3,10000,((C*X_0)*X_2)/((C*X_1+X_1)+-1*X_2)+C
I.10.7,2,GRAMS-PUCT,RMSE,0.06578844341791425,False,(C+C*X_0/(exp(X_2))+C+X_0)+(X_1)*C,"['(', 'C', '+', 'C', '*', 'X_0', '/', '(', 'exp', '(', 'X_2', ')', ')', '+', 'C', '+', 'X_0', ')', '+', '(', 'X_1', ')', '*', 'C']","[np.float64(-0.91852285903281), np.float64(3.3868013463819033), np.float64(0.6968757339466596), np.float64(0.18846614598765454)]",m = m_0/sqrt(1-v^2/c^2),"['X_0', '/', 'sqrt', '(', '1', '-', 'X_1', '^2', '/', 'X_2', '^2', ')']",3,10000,(((C*X_0)*exp(-1*X_2)+C*X_1)+C)+X_0
I.10.7,0,GRAMS-UCT,BIC,0.04300934897528798,False,C+C*(C*C)*X_0-C-C*X_1/X_2*C*X_0,"['C', '+', 'C', '*', '(', 'C', '*', 'C', ')', '*', 'X_0', '-', 'C', '-', 'C', '*', 'X_1', '/', 'X_2', '*', 'C', '*', 'X_0']","[np.float64(2.878681047251887), np.float64(1.4836763543074218), np.float64(1.0293578627589255), np.float64(0.6168770408030234), np.float64(2.8799162407139156), np.float64(0.28705709137054336), np.float64(-1.3812393386356625)]",m = m_0/sqrt(1-v^2/c^2),"['X_0', '/', 'sqrt', '(', '1', '-', 'X_1', '^2', '/', 'X_2', '^2', ')']",3,10000,(((C*X_0)*X_1)/X_2+C*X_0)+C
I.10.7,1,GRAMS-UCT,BIC,0.034270179016831354,False,C*X_1*C/C/(X_1+C-C)/(X_1*X_2)/X_2/((X_2/sin(X_0*C/C)))+X_0,"['C', '*', 'X_1', '*', 'C', '/', 'C', '/', '(', 'X_1', '+', 'C', '-', 'C', ')', '/', '(', 'X_1', '*', 'X_2', ')', '/', 'X_2', '/', '(', '(', 'X_2', '/', 'sin', '(', 'X_0', '*', 'C', '/', 'C', ')', ')', ')', '+', 'X_0']","[np.float64(4.934435668991869), np.float64(4.999318536173606), np.float64(-0.5018971311274428), np.float64(1.850585471270402), np.float64(4.225364705832489), np.float64(-0.4164376759042513), np.float64(-5.0)]",m = m_0/sqrt(1-v^2/c^2),"['X_0', '/', 'sqrt', '(', '1', '-', 'X_1', '^2', '/', 'X_2', '^2', ')']",3,10000,(C*sin(C*X_0))/(C*X_2^3+X_1*X_2^3)+X_0
I.10.7,2,GRAMS-UCT,BIC,0.049973242046978644,False,X_0/C*X_0*C/X_0+C-((X_0*(C+C/X_0*X_1)+C)*C-X_2*X_0*C)/X_2,"['X_0', '/', 'C', '*', 'X_0', '*', 'C', '/', 'X_0', '+', 'C', '-', '(', '(', 'X_0', '*', '(', 'C', '+', 'C', '/', 'X_0', '*', 'X_1', ')', '+', 'C', ')', '*', 'C', '-', 'X_2', '*', 'X_0', '*', 'C', ')', '/', 'X_2']","[np.float64(-4.284895006903842), np.float64(-4.94999433541102), np.float64(0.0075257075137469915), np.float64(0.6939920767861163), np.float64(1.4869464824105862), np.float64(-2.2782157510578505), np.float64(-0.8622071459668682), np.float64(-0.2140210234632274)]",m = m_0/sqrt(1-v^2/c^2),"['X_0', '/', 'sqrt', '(', '1', '-', 'X_1', '^2', '/', 'X_2', '^2', ')']",3,10000,((((2*C)*X_0+(C*X_0)/X_2)+(C*X_1)/X_2)+C)+C/X_2
I.10.7,0,GRAMS-UCT,RMSE,0.035774233154559104,False,(X_2)*X_0/(C*X_2-C*X_0/X_0*X_1),"['(', 'X_2', ')', '*', 'X_0', '/', '(', 'C', '*', 'X_2', '-', 'C', '*', 'X_0', '/', 'X_0', '*', 'X_1', ')']","[np.float64(1.0516990592586097), np.float64(0.3575412778352264)]",m = m_0/sqrt(1-v^2/c^2),"['X_0', '/', 'sqrt', '(', '1', '-', 'X_1', '^2', '/', 'X_2', '^2', ')']",3,10000,(X_0*X_2)/(C*X_1+C*X_2)
I.10.7,1,GRAMS-UCT,RMSE,0.058714804868557395,False,(X_1+X_0*(cos(C-X_0))/C-C*C*C*X_2-C/X_0)*C/X_2*X_0,"['(', 'X_1', '+', 'X_0', '*', '(', 'cos', '(', 'C', '-', 'X_0', ')', ')', '/', 'C', '-', 'C', '*', 'C', '*', 'C', '*', 'X_2', '-', 'C', '/', 'X_0', ')', '*', 'C', '/', 'X_2', '*', 'X_0']","[np.float64(-2.2533668360007124), np.float64(4.990411061005478), np.float64(-2.7142741815909783), np.float64(-4.156601494705298), np.float64(-0.383501805673354), np.float64(-2.7946503132552816), np.float64(0.21667832903789927)]",m = m_0/sqrt(1-v^2/c^2),"['X_0', '/', 'sqrt', '(', '1', '-', 'X_1', '^2', '/', 'X_2', '^2', ')']",3,10000,((((C*X_0^2)*cos(C-X_0))/X_2+((C*X_0)*X_1)/X_2)+C*X_0)+C/X_2
I.10.7,2,GRAMS-UCT,RMSE,0.04301186300710842,False,C/C*X_1*C*X_0/X_2+C*X_0,"['C', '/', 'C', '*', 'X_1', '*', 'C', '*', 'X_0', '/', 'X_2', '+', 'C', '*', 'X_0']","[np.float64(3.075243035048805), np.float64(3.6224105976119514), np.float64(0.46719145389072203), np.float64(0.9417177418192307)]",m = m_0/sqrt(1-v^2/c^2),"['X_0', '/', 'sqrt', '(', '1', '-', 'X_1', '^2', '/', 'X_2', '^2', ')']",3,10000,((C*X_0)*X_1)/X_2+C*X_0
I.10.7,0,MC,N/A,0.05746763752300352,False,(C+((X_0-C/((X_0*C*C-X_0+C*X_1-X_2*X_2)/X_0*X_0)*X_0)+(C)+C*X_0*C)),"['(', 'C', '+', '(', '(', 'X_0', '-', 'C', '/', '(', '(', 'X_0', '*', 'C', '*', 'C', '-', 'X_0', '+', 'C', '*', 'X_1', '-', 'X_2', '*', 'X_2', ')', '/', 'X_0', '*', 'X_0', ')', '*', 'X_0', ')', '+', '(', 'C', ')', '+', 'C', '*', 'X_0', '*', 'C', ')', ')']","[np.float64(-1.6560476056004767), np.float64(0.7747540768755876), np.float64(0.7725917033470986), np.float64(0.7705758879529826), np.float64(4.252592853485222), np.float64(1.6398926333954755), np.float64(0.008506660361899142), np.float64(1.3948018181989148)]",m = m_0/sqrt(1-v^2/c^2),"['X_0', '/', 'sqrt', '(', '1', '-', 'X_1', '^2', '/', 'X_2', '^2', ')']",3,10000,((C*X_0+(C*X_0)/(((C*X_0+C*X_1)+-1*X_0)+-1*X_2^2))+C)+X_0
I.10.7,1,MC,N/A,0.04191316001535079,False,(X_0)+X_0/(C+X_2*C+X_2+X_1/C*C*(X_1)),"['(', 'X_0', ')', '+', 'X_0', '/', '(', 'C', '+', 'X_2', '*', 'C', '+', 'X_2', '+', 'X_1', '/', 'C', '*', 'C', '*', '(', 'X_1', ')', ')']","[np.float64(-3.5110407830579207), np.float64(5.0), np.float64(-1.46310046518824), np.float64(4.63208847464975)]",m = m_0/sqrt(1-v^2/c^2),"['X_0', '/', 'sqrt', '(', '1', '-', 'X_1', '^2', '/', 'X_2', '^2', ')']",3,10000,X_0+X_0/(((C*X_1^2+C*X_2)+C)+X_2)
I.10.7,2,MC,N/A,0.04842258908340066,False,(X_2)*X_0/C*X_0/X_0/C/(X_2*C-X_2*C*C/C-sqrt(X_2/C*X_0)*cos(exp(C))*X_1/X_2),"['(', 'X_2', ')', '*', 'X_0', '/', 'C', '*', 'X_0', '/', 'X_0', '/', 'C', '/', '(', 'X_2', '*', 'C', '-', 'X_2', '*', 'C', '*', 'C', '/', 'C', '-', 'sqrt', '(', 'X_2', '/', 'C', '*', 'X_0', ')', '*', 'cos', '(', 'exp', '(', 'C', ')', ')', '*', 'X_1', '/', 'X_2', ')']","[np.float64(-1.5524465505446325), np.float64(1.7301733203206249), np.float64(1.557613865020853), np.float64(-4.292171470343545), np.float64(0.9798465526912029), np.float64(-2.1713370117127), np.float64(4.583178812143123), np.float64(2.6643277164832226)]",m = m_0/sqrt(1-v^2/c^2),"['X_0', '/', 'sqrt', '(', '1', '-', 'X_1', '^2', '/', 'X_2', '^2', ')']",3,10000,((C*X_0)*X_2)/(((C*X_1)*((C*X_0)*X_2)^0.5)/X_2+C*X_2)
I.11.19,0,GRAMS-PUCT,BIC,4.904465615465,False,X_0*(X_1)+(X_5/C*(C*X_4)*sqrt(X_3-C*C*X_3)*C-(X_4/C+X_2/C)*X_4-X_4),"['X_0', '*', '(', 'X_1', ')', '+', '(', 'X_5', '/', 'C', '*', '(', 'C', '*', 'X_4', ')', '*', 'sqrt', '(', 'X_3', '-', 'C', '*', 'C', '*', 'X_3', ')', '*', 'C', '-', '(', 'X_4', '/', 'C', '+', 'X_2', '/', 'C', ')', '*', 'X_4', '-', 'X_4', ')']","[np.float64(4.256818460845597), np.float64(-2.8817964862635677), np.float64(-2.249004371223599), np.float64(2.654901898646723), np.float64(-0.41386458615831123), np.float64(4.779307188191265), np.float64(-0.8554779338622178)]",A = x1*y1+x2*y2+x3*y3,"['X_0', '*', 'X_3', '+', 'X_1', '*', 'X_4', '+', 'X_2', '*', 'X_5']",6,10000,((((C*X_2)*X_4+C*X_4^2)+((C*X_4)*X_5)*(C*X_3+X_3)^0.5)+X_0*X_1)+-1*X_4
I.11.19,1,GRAMS-PUCT,BIC,4.352982630881039,False,(X_2*C+X_1+X_1*X_4-X_5*C*X_3)+X_2,"['(', 'X_2', '*', 'C', '+', 'X_1', '+', 'X_1', '*', 'X_4', '-', 'X_5', '*', 'C', '*', 'X_3', ')', '+', 'X_2']","[np.float64(1.487359863275332), np.float64(-0.8525067770387691)]",A = x1*y1+x2*y2+x3*y3,"['X_0', '*', 'X_3', '+', 'X_1', '*', 'X_4', '+', 'X_2', '*', 'X_5']",6,10000,(((C*X_2+(C*X_3)*X_5)+X_1*X_4)+X_1)+X_2
I.11.19,2,GRAMS-PUCT,BIC,4.877818082780233,False,X_1+C*X_5-C*C-((C*X_4/C+C))*X_3*X_0,"['X_1', '+', 'C', '*', 'X_5', '-', 'C', '*', 'C', '-', '(', '(', 'C', '*', 'X_4', '/', 'C', '+', 'C', ')', ')', '*', 'X_3', '*', 'X_0']","[np.float64(2.957524635381118), np.float64(-3.4385166288102464), np.float64(1.7781057083027303), np.float64(0.7133047878458069), np.float64(-2.7393179880831564), np.float64(-0.21249615224370033)]",A = x1*y1+x2*y2+x3*y3,"['X_0', '*', 'X_3', '+', 'X_1', '*', 'X_4', '+', 'X_2', '*', 'X_5']",6,10000,(((((C*X_0)*X_3)*X_4+(C*X_0)*X_3)+C*X_5)+C)+X_1
I.11.19,0,GRAMS-PUCT,RMSE,4.030491503941939,False,(((C*X_0+X_1+X_5+((X_2+sin(X_3/X_2)/X_0*X_1-C*C/C/X_3/X_5*C)*X_4+X_1)+C+C))),"['(', '(', '(', 'C', '*', 'X_0', '+', 'X_1', '+', 'X_5', '+', '(', '(', 'X_2', '+', 'sin', '(', 'X_3', '/', 'X_2', ')', '/', 'X_0', '*', 'X_1', '-', 'C', '*', 'C', '/', 'C', '/', 'X_3', '/', 'X_5', '*', 'C', ')', '*', 'X_4', '+', 'X_1', ')', '+', 'C', '+', 'C', ')', ')', ')']","[np.float64(3.9113510601984456), np.float64(-3.8429807728845584), np.float64(2.0986572177379132), np.float64(3.9364317945052614), np.float64(-3.660419385637705), np.float64(1.533410427308842), np.float64(-3.1291902775200096)]",A = x1*y1+x2*y2+x3*y3,"['X_0', '*', 'X_3', '+', 'X_1', '*', 'X_4', '+', 'X_2', '*', 'X_5']",6,10000,(((((C*X_0+(C*X_4)/(X_3*X_5))+C)+2*X_1)+X_2*X_4)+X_5)+((X_1*X_4)*sin(X_3/X_2))/X_0
I.11.19,1,GRAMS-PUCT,RMSE,4.869160216907324,False,C-((C*X_2-X_2)*X_3+C+C*(X_1/C*(C/X_1-X_5)/X_1*X_4)-C+X_5-X_3-C),"['C', '-', '(', '(', 'C', '*', 'X_2', '-', 'X_2', ')', '*', 'X_3', '+', 'C', '+', 'C', '*', '(', 'X_1', '/', 'C', '*', '(', 'C', '/', 'X_1', '-', 'X_5', ')', '/', 'X_1', '*', 'X_4', ')', '-', 'C', '+', 'X_5', '-', 'X_3', '-', 'C', ')']","[np.float64(2.1587533681027424), np.float64(0.225348207151365), np.float64(-4.994925258253798), np.float64(2.4726515723500864), np.float64(1.8198915565158176), np.float64(3.24887181975246), np.float64(0.9115862468734491), np.float64(5.0)]",A = x1*y1+x2*y2+x3*y3,"['X_0', '*', 'X_3', '+', 'X_1', '*', 'X_4', '+', 'X_2', '*', 'X_5']",6,10000,((((((C*X_2)*X_3+(C*X_4)*X_5)+C)+(C*X_4)/X_1)+X_2*X_3)+X_3)+-1*X_5
I.11.19,2,GRAMS-PUCT,RMSE,4.445997857188917,False,X_1*C+C*X_5/X_3+(C-X_1+X_3/C/C*X_2-sin(X_5)*(C*C)-X_0)/C,"['X_1', '*', 'C', '+', 'C', '*', 'X_5', '/', 'X_3', '+', '(', 'C', '-', 'X_1', '+', 'X_3', '/', 'C', '/', 'C', '*', 'X_2', '-', 'sin', '(', 'X_5', ')', '*', '(', 'C', '*', 'C', ')', '-', 'X_0', ')', '/', 'C']","[np.float64(0.014347120717562757), np.float64(-0.28548037834501633), np.float64(-0.38810730386640363), np.float64(2.3940608106976073), np.float64(-1.3389139483389727), np.float64(3.9871921595757365), np.float64(-0.3796258433537001), np.float64(-0.3342875933194378)]",A = x1*y1+x2*y2+x3*y3,"['X_0', '*', 'X_3', '+', 'X_1', '*', 'X_4', '+', 'X_2', '*', 'X_5']",6,10000,((((C*X_0+(2*C)*X_1)+(C*X_2)*X_3)+C*sin(X_5))+C)+(C*X_5)/X_3
I.11.19,0,GRAMS-UCT,BIC,3.414475571519977,False,X_2+C+C*(C*sqrt(X_5*X_4)-X_3+C-X_0)+C/X_2*C*C/X_1-X_4,"['X_2', '+', 'C', '+', 'C', '*', '(', 'C', '*', 'sqrt', '(', 'X_5', '*', 'X_4', ')', '-', 'X_3', '+', 'C', '-', 'X_0', ')', '+', 'C', '/', 'X_2', '*', 'C', '*', 'C', '/', 'X_1', '-', 'X_4']","[np.float64(-2.9828092398194967), np.float64(-2.993876626973347), np.float64(-2.240346615986114), np.float64(0.8241582679664823), np.float64(4.284061405822957), np.float64(1.7462382791616837), np.float64(-3.987925247961046)]",A = x1*y1+x2*y2+x3*y3,"['X_0', '*', 'X_3', '+', 'X_1', '*', 'X_4', '+', 'X_2', '*', 'X_5']",6,10000,(((((C*X_0+C*X_3)+C*(X_4*X_5)^0.5)+C)+C/(X_1*X_2))+X_2)+-1*X_4
I.11.19,1,GRAMS-UCT,BIC,4.158847792849893,False,X_2*X_5-X_1/C+X_4*X_0-C/C*X_1+C-C/(X_0),"['X_2', '*', 'X_5', '-', 'X_1', '/', 'C', '+', 'X_4', '*', 'X_0', '-', 'C', '/', 'C', '*', 'X_1', '+', 'C', '-', 'C', '/', '(', 'X_0', ')']","[np.float64(3.2775667205543724), np.float64(2.4825554482589203), np.float64(-0.7701042153655254), np.float64(0.1843408810617582), np.float64(-0.1210728564985828)]",A = x1*y1+x2*y2+x3*y3,"['X_0', '*', 'X_3', '+', 'X_1', '*', 'X_4', '+', 'X_2', '*', 'X_5']",6,10000,(((C*X_1+C)+C/X_0)+X_0*X_4)+X_2*X_5
I.11.19,2,GRAMS-UCT,BIC,3.6177537819608454,False,(C/C*X_4)-X_1*C/X_0/X_3+X_5*C+X_4-X_3*(C*X_2)+C+(X_1*X_4/C+X_5/(C)),"['(', 'C', '/', 'C', '*', 'X_4', ')', '-', 'X_1', '*', 'C', '/', 'X_0', '/', 'X_3', '+', 'X_5', '*', 'C', '+', 'X_4', '-', 'X_3', '*', '(', 'C', '*', 'X_2', ')', '+', 'C', '+', '(', 'X_1', '*', 'X_4', '/', 'C', '+', 'X_5', '/', '(', 'C', ')', ')']","[np.float64(4.692976787993103), np.float64(-2.783441366460302), np.float64(5.0), np.float64(3.1767151739621546), np.float64(-0.791700370387163), np.float64(4.335102347300253), np.float64(0.8103768928546067), np.float64(-4.293739722974883)]",A = x1*y1+x2*y2+x3*y3,"['X_0', '*', 'X_3', '+', 'X_1', '*', 'X_4', '+', 'X_2', '*', 'X_5']",6,10000,((((((C*X_1)*X_4+(C*X_1)/(X_0*X_3))+(C*X_2)*X_3)+C*X_4)+C*X_5)+C)+X_4
I.11.19,0,GRAMS-UCT,RMSE,4.008980128073868,False,C*X_2*X_3*C*(X_0)+X_1+X_4-C*X_5+C-C/X_5*exp(C)*X_2*C*X_1-C,"['C', '*', 'X_2', '*', 'X_3', '*', 'C', '*', '(', 'X_0', ')', '+', 'X_1', '+', 'X_4', '-', 'C', '*', 'X_5', '+', 'C', '-', 'C', '/', 'X_5', '*', 'exp', '(', 'C', ')', '*', 'X_2', '*', 'C', '*', 'X_1', '-', 'C']","[np.float64(2.8936346786846325), np.float64(0.09834952919310888), np.float64(-3.7901839154750543), np.float64(2.4118014488908366), np.float64(1.7316466966737094), np.float64(-2.4963967173613155), np.float64(-3.8980395383515165), np.float64(2.544829920399306)]",A = x1*y1+x2*y2+x3*y3,"['X_0', '*', 'X_3', '+', 'X_1', '*', 'X_4', '+', 'X_2', '*', 'X_5']",6,10000,((((((C*X_0)*X_2)*X_3+((C*X_1)*X_2)/X_5)+C*X_5)+C)+X_1)+X_4
I.11.19,1,GRAMS-UCT,RMSE,3.8668289933753672,False,X_5*X_2-((X_5/C))+(C-((C)+X_3*X_0*X_5*C/X_3)*X_3)*X_1-C/(X_4)*(X_2)-C*C,"['X_5', '*', 'X_2', '-', '(', '(', 'X_5', '/', 'C', ')', ')', '+', '(', 'C', '-', '(', '(', 'C', ')', '+', 'X_3', '*', 'X_0', '*', 'X_5', '*', 'C', '/', 'X_3', ')', '*', 'X_3', ')', '*', 'X_1', '-', 'C', '/', '(', 'X_4', ')', '*', '(', 'X_2', ')', '-', 'C', '*', 'C']","[np.float64(0.5308180988185721), np.float64(0.30465737849006036), np.float64(-0.2763743986912264), np.float64(-0.06924357299086678), np.float64(3.0651668919157324), np.float64(4.359227445371304), np.float64(-4.20151783935674)]",A = x1*y1+x2*y2+x3*y3,"['X_0', '*', 'X_3', '+', 'X_1', '*', 'X_4', '+', 'X_2', '*', 'X_5']",6,10000,((((((((C*X_0)*X_1)*X_3)*X_5+(C*X_1)*X_3)+C*X_1)+(C*X_2)/X_4)+C*X_5)+C)+X_2*X_5
I.11.19,2,GRAMS-UCT,RMSE,4.1408356846289065,False,X_4+sin(X_0)/X_0+X_2+X_0*X_5+X_3*X_2*C*X_1+((X_0*C*C-C)),"['X_4', '+', 'sin', '(', 'X_0', ')', '/', 'X_0', '+', 'X_2', '+', 'X_0', '*', 'X_5', '+', 'X_3', '*', 'X_2', '*', 'C', '*', 'X_1', '+', '(', '(', 'X_0', '*', 'C', '*', 'C', '-', 'C', ')', ')']","[np.float64(0.2629003176646738), np.float64(-0.24296054236170345), np.float64(-1.2124513207428775), np.float64(-3.832966255988372)]",A = x1*y1+x2*y2+x3*y3,"['X_0', '*', 'X_3', '+', 'X_1', '*', 'X_4', '+', 'X_2', '*', 'X_5']",6,10000,(((((C*X_0+((C*X_1)*X_2)*X_3)+C)+X_0*X_5)+X_2)+X_4)+sin(X_0)/X_0
I.11.19,0,MC,N/A,4.06497798576698,False,C*X_0+X_1+X_5+((X_2+sin(X_3/X_2)/X_0*X_1-C*C/C/X_3/X_5*C)*X_4+X_1),"['C', '*', 'X_0', '+', 'X_1', '+', 'X_5', '+', '(', '(', 'X_2', '+', 'sin', '(', 'X_3', '/', 'X_2', ')', '/', 'X_0', '*', 'X_1', '-', 'C', '*', 'C', '/', 'C', '/', 'X_3', '/', 'X_5', '*', 'C', ')', '*', 'X_4', '+', 'X_1', ')']","[np.float64(3.512510973984093), np.float64(-2.8420481644407376), np.float64(-3.5522085908337453), np.float64(-4.883818333261601), np.float64(-3.8528594754918353)]",A = x1*y1+x2*y2+x3*y3,"['X_0', '*', 'X_3', '+', 'X_1', '*', 'X_4', '+', 'X_2', '*', 'X_5']",6,10000,((((C*X_0+(C*X_4)/(X_3*X_5))+2*X_1)+X_2*X_4)+X_5)+((X_1*X_4)*sin(X_3/X_2))/X_0
I.11.19,1,MC,N/A,5.159950136901637,False,(C*X_2-X_2)*X_3+C+C*(X_1/C*(C/X_1-X_5)/X_1*X_4)-C+X_5,"['(', 'C', '*', 'X_2', '-', 'X_2', ')', '*', 'X_3', '+', 'C', '+', 'C', '*', '(', 'X_1', '/', 'C', '*', '(', 'C', '/', 'X_1', '-', 'X_5', ')', '/', 'X_1', '*', 'X_4', ')', '-', 'C', '+', 'X_5']","[np.float64(1.9662532966047481), np.float64(5.0), np.float64(-4.439319022941797), np.float64(4.378317142625678), np.float64(3.254539587923833), np.float64(-5.0)]",A = x1*y1+x2*y2+x3*y3,"['X_0', '*', 'X_3', '+', 'X_1', '*', 'X_4', '+', 'X_2', '*', 'X_5']",6,10000,(((((C*X_2)*X_3+(C*X_4)*X_5)+C)+(C*X_4)/X_1)+-1*(X_2*X_3))+X_5
I.11.19,2,MC,N/A,5.1641864963076305,False,X_4/sqrt(C/X_0*X_3/(X_5*X_3*X_2))-X_3*C/(C-C-C),"['X_4', '/', 'sqrt', '(', 'C', '/', 'X_0', '*', 'X_3', '/', '(', 'X_5', '*', 'X_3', '*', 'X_2', ')', ')', '-', 'X_3', '*', 'C', '/', '(', 'C', '-', 'C', '-', 'C', ')']","[np.float64(1.1448893204384427), np.float64(-1.8725404571334965), np.float64(-1.0159329145844223), np.float64(-4.5311816851280495), np.float64(3.074123261186407)]",A = x1*y1+x2*y2+x3*y3,"['X_0', '*', 'X_3', '+', 'X_1', '*', 'X_4', '+', 'X_2', '*', 'X_5']",6,10000,C*X_3+X_4/(C/((X_0*X_2)*X_5))^0.5
I.12.1,0,GRAMS-PUCT,BIC,5.1731590969170365e-08,True,C*X_0*X_1,"['C', '*', 'X_0', '*', 'X_1']",[np.float64(0.9999999949999999)],F = mu*Nn,"['X_0', '*', 'X_1']",2,105,(C*X_0)*X_1
I.12.1,1,GRAMS-PUCT,BIC,3.791558621020853e-09,True,X_1*C*X_0/C,"['X_1', '*', 'C', '*', 'X_0', '/', 'C']","[np.float64(3.5028045176240172), np.float64(3.502804518907671)]",F = mu*Nn,"['X_0', '*', 'X_1']",2,74,(C*X_0)*X_1
I.12.1,2,GRAMS-PUCT,BIC,0.0,True,X_1*X_0,"['X_1', '*', 'X_0']",[],F = mu*Nn,"['X_0', '*', 'X_1']",2,10,X_0*X_1
I.12.1,0,GRAMS-PUCT,RMSE,0.0,True,X_0*X_1,"['X_0', '*', 'X_1']",[],F = mu*Nn,"['X_0', '*', 'X_1']",2,45,X_0*X_1
I.12.1,1,GRAMS-PUCT,RMSE,3.1195115215455524e-13,True,X_1*X_0-sin(exp(X_1-X_0/sin(C)-sin(C))/X_1/X_1),"['X_1', '*', 'X_0', '-', 'sin', '(', 'exp', '(', 'X_1', '-', 'X_0', '/', 'sin', '(', 'C', ')', '-', 'sin', '(', 'C', ')', ')', '/', 'X_1', '/', 'X_1', ')']","[np.float64(0.038029496907266314), np.float64(-4.832771783813458)]",F = mu*Nn,"['X_0', '*', 'X_1']",2,98,X_0*X_1-sin(((C*exp(X_1))*exp(C*X_0))/X_1^2)
I.12.1,2,GRAMS-PUCT,RMSE,0.0,True,X_1*X_0,"['X_1', '*', 'X_0']",[],F = mu*Nn,"['X_0', '*', 'X_1']",2,10,X_0*X_1
I.12.1,0,GRAMS-UCT,BIC,5.572773274359103e-09,True,C/C*C/C*X_1*X_0,"['C', '/', 'C', '*', 'C', '/', 'C', '*', 'X_1', '*', 'X_0']","[np.float64(3.121272365145636), np.float64(-2.5685368271938254), np.float64(-2.877880494967624), np.float64(3.497185151948759)]",F = mu*Nn,"['X_0', '*', 'X_1']",2,97,(C*X_0)*X_1
I.12.1,1,GRAMS-UCT,BIC,3.487962973903495e-08,True,C*C*X_0*X_1*C,"['C', '*', 'C', '*', 'X_0', '*', 'X_1', '*', 'C']","[np.float64(0.6863376831906483), np.float64(-1.116953910026381), np.float64(-1.3044483909658304)]",F = mu*Nn,"['X_0', '*', 'X_1']",2,217,(C*X_0)*X_1
I.12.1,2,GRAMS-UCT,BIC,3.607916993720053e-08,True,X_1*X_0*C,"['X_1', '*', 'X_0', '*', 'C']",[np.float64(0.9999999965128493)],F = mu*Nn,"['X_0', '*', 'X_1']",2,22,(C*X_0)*X_1
I.12.1,0,GRAMS-UCT,RMSE,5.572773274359103e-09,True,C/C*C/C*X_1*X_0,"['C', '/', 'C', '*', 'C', '/', 'C', '*', 'X_1', '*', 'X_0']","[np.float64(3.121272365145636), np.float64(-2.5685368271938254), np.float64(-2.877880494967624), np.float64(3.497185151948759)]",F = mu*Nn,"['X_0', '*', 'X_1']",2,97,(C*X_0)*X_1
I.12.1,1,GRAMS-UCT,RMSE,8.464045240241844e-09,True,X_1/X_1/C-C*C+X_1*(X_0),"['X_1', '/', 'X_1', '/', 'C', '-', 'C', '*', 'C', '+', 'X_1', '*', '(', 'X_0', ')']","[np.float64(0.5267838195541372), np.float64(-1.8807695845494408), np.float64(-1.0093272029088656)]",F = mu*Nn,"['X_0', '*', 'X_1']",2,68,C+X_0*X_1
I.12.1,2,GRAMS-UCT,RMSE,3.607916993720053e-08,True,X_1*X_0*C,"['X_1', '*', 'X_0', '*', 'C']",[np.float64(0.9999999965128493)],F = mu*Nn,"['X_0', '*', 'X_1']",2,22,(C*X_0)*X_1
I.12.1,0,MC,N/A,0.0,True,X_0*X_1,"['X_0', '*', 'X_1']",[],F = mu*Nn,"['X_0', '*', 'X_1']",2,30,X_0*X_1
I.12.1,1,MC,N/A,0.0,True,X_0*X_1,"['X_0', '*', 'X_1']",[],F = mu*Nn,"['X_0', '*', 'X_1']",2,61,X_0*X_1
I.12.1,2,MC,N/A,0.0,True,(X_0*X_1),"['(', 'X_0', '*', 'X_1', ')']",[],F = mu*Nn,"['X_0', '*', 'X_1']",2,13,X_0*X_1
I.12.11,0,GRAMS-PUCT,BIC,10.578965236314898,False,X_3*X_0/C*(X_3*(C/C)/C/C-X_1/X_3/C+C-X_4)/C,"['X_3', '*', 'X_0', '/', 'C', '*', '(', 'X_3', '*', '(', 'C', '/', 'C', ')', '/', 'C', '/', 'C', '-', 'X_1', '/', 'X_3', '/', 'C', '+', 'C', '-', 'X_4', ')', '/', 'C']","[np.float64(0.8908262463456346), np.float64(0.001615002131603706), np.float64(-1.2125457048427681), np.float64(1.2476072429472453), np.float64(-1.1658890132028916), np.float64(-1.8701561176870012), np.float64(3.088445024530249), np.float64(0.582944181374807)]",F = q*(Ef+B*v*sin(theta)),"['X_0', '*', '(', 'X_1', '+', 'X_2', '*', 'X_3', '*', 'sin', '(', 'X_4', ')', ')']",5,10000,(((C*X_0)*X_1+(C*X_0)*X_3^2)+((C*X_0)*X_3)*X_4)+(C*X_0)*X_3
I.12.11,1,GRAMS-PUCT,BIC,11.696175402698028,False,(C*X_3*(X_2*C+(X_4-X_0*C)*X_2-C)),"['(', 'C', '*', 'X_3', '*', '(', 'X_2', '*', 'C', '+', '(', 'X_4', '-', 'X_0', '*', 'C', ')', '*', 'X_2', '-', 'C', ')', ')']","[np.float64(-1.914021073354715), np.float64(-2.6341308811867368), np.float64(0.1671173874327742), np.float64(1.2862426069245996)]",F = q*(Ef+B*v*sin(theta)),"['X_0', '*', '(', 'X_1', '+', 'X_2', '*', 'X_3', '*', 'sin', '(', 'X_4', ')', ')']",5,10000,((((C*X_0)*X_2)*X_3+((C*X_2)*X_3)*X_4)+(C*X_2)*X_3)+C*X_3
I.12.11,2,GRAMS-PUCT,BIC,12.559208571421289,False,C*X_1-X_2*X_3*(((X_2)*(C*X_4*X_2)/C/(C+C+X_0*X_2)*X_0+X_2+C))/C,"['C', '*', 'X_1', '-', 'X_2', '*', 'X_3', '*', '(', '(', '(', 'X_2', ')', '*', '(', 'C', '*', 'X_4', '*', 'X_2', ')', '/', 'C', '/', '(', 'C', '+', 'C', '+', 'X_0', '*', 'X_2', ')', '*', 'X_0', '+', 'X_2', '+', 'C', ')', ')', '/', 'C']","[np.float64(2.9753377468899997), np.float64(-0.9720961508488352), np.float64(2.9292284655244067), np.float64(-0.19579144698302642), np.float64(-0.15425541078614932), np.float64(0.2795689258100691), np.float64(-0.714134293294964)]",F = q*(Ef+B*v*sin(theta)),"['X_0', '*', '(', 'X_1', '+', 'X_2', '*', 'X_3', '*', 'sin', '(', 'X_4', ')', ')']",5,10000,((((((C*X_0)*X_2^3)*X_3)*X_4)/(C+X_0*X_2)+C*X_1)+(C*X_2^2)*X_3)+(C*X_2)*X_3
I.12.11,0,GRAMS-PUCT,RMSE,13.362442418181793,False,X_4*X_0*((X_4*C-C)*C+X_1*C)/X_4-C,"['X_4', '*', 'X_0', '*', '(', '(', 'X_4', '*', 'C', '-', 'C', ')', '*', 'C', '+', 'X_1', '*', 'C', ')', '/', 'X_4', '-', 'C']","[np.float64(-1.575225305619423), np.float64(-4.989599757779544), np.float64(3.6473323039483927), np.float64(0.9559483499673536), np.float64(0.693399091448656)]",F = q*(Ef+B*v*sin(theta)),"['X_0', '*', '(', 'X_1', '+', 'X_2', '*', 'X_3', '*', 'sin', '(', 'X_4', ')', ')']",5,10000,(((C*X_0)*X_1+(C*X_0)*X_4)+C*X_0)+C
I.12.11,1,GRAMS-PUCT,RMSE,10.932848040457051,False,(C)*X_2/C*X_0*cos(X_4*C)+C,"['(', 'C', ')', '*', 'X_2', '/', 'C', '*', 'X_0', '*', 'cos', '(', 'X_4', '*', 'C', ')', '+', 'C']","[np.float64(-3.445053005478806), np.float64(-0.7518276492015693), np.float64(-0.46883132060800303), np.float64(4.856440369626971)]",F = q*(Ef+B*v*sin(theta)),"['X_0', '*', '(', 'X_1', '+', 'X_2', '*', 'X_3', '*', 'sin', '(', 'X_4', ')', ')']",5,10000,((C*X_0)*X_2)*cos(C*X_4)+C
I.12.11,2,GRAMS-PUCT,RMSE,12.310681949177864,False,X_0*(C*(X_0*sin(X_4*cos(C))-C/X_4-(C-X_2*C)*X_0+C*C-C/X_1)*X_2),"['X_0', '*', '(', 'C', '*', '(', 'X_0', '*', 'sin', '(', 'X_4', '*', 'cos', '(', 'C', ')', ')', '-', 'C', '/', 'X_4', '-', '(', 'C', '-', 'X_2', '*', 'C', ')', '*', 'X_0', '+', 'C', '*', 'C', '-', 'C', '/', 'X_1', ')', '*', 'X_2', ')']","[np.float64(5.0), np.float64(1.6789919033943381), np.float64(0.1502816091805287), np.float64(-0.37789355738017477), np.float64(-0.017234718717788335), np.float64(-4.2123285453520145), np.float64(-0.09604374027728182), np.float64(0.30786499623608415)]",F = q*(Ef+B*v*sin(theta)),"['X_0', '*', '(', 'X_1', '+', 'X_2', '*', 'X_3', '*', 'sin', '(', 'X_4', ')', ')']",5,10000,(((((C*X_0^2)*X_2^2+((C*X_0^2)*X_2)*sin(C*X_4))+(C*X_0^2)*X_2)+(C*X_0)*X_2)+((C*X_0)*X_2)/X_4)+((C*X_0)*X_2)/X_1
I.12.11,0,GRAMS-UCT,BIC,13.811178696599908,False,X_0*((X_4)-C/C*X_4-C/C*exp(C-C*sin((X_2)))*C),"['X_0', '*', '(', '(', 'X_4', ')', '-', 'C', '/', 'C', '*', 'X_4', '-', 'C', '/', 'C', '*', 'exp', '(', 'C', '-', 'C', '*', 'sin', '(', '(', 'X_2', ')', ')', ')', '*', 'C', ')']","[np.float64(4.952959567414008), np.float64(0.7350138138581119), np.float64(1.226842824207579), np.float64(-3.0852149029682416), np.float64(2.3809988162342544), np.float64(0.012652248581178284), np.float64(4.851726029953909)]",F = q*(Ef+B*v*sin(theta)),"['X_0', '*', '(', 'X_1', '+', 'X_2', '*', 'X_3', '*', 'sin', '(', 'X_4', ')', ')']",5,10000,((C*X_0)*X_4+(C*X_0)*exp(C*sin(X_2)))+X_0*X_4
I.12.11,1,GRAMS-UCT,BIC,13.14319767118749,False,X_0/C*C*cos(C*C/X_1+(X_4)*sin(C)),"['X_0', '/', 'C', '*', 'C', '*', 'cos', '(', 'C', '*', 'C', '/', 'X_1', '+', '(', 'X_4', ')', '*', 'sin', '(', 'C', ')', ')']","[np.float64(-0.2951317896802457), np.float64(-4.7871852259467), np.float64(3.125637352460573), np.float64(-0.10790275966258792), np.float64(-0.4055718918098565)]",F = q*(Ef+B*v*sin(theta)),"['X_0', '*', '(', 'X_1', '+', 'X_2', '*', 'X_3', '*', 'sin', '(', 'X_4', ')', ')']",5,10000,(C*X_0)*cos(C*X_4+C/X_1)
I.12.11,2,GRAMS-UCT,BIC,13.023274234233742,False,C+(X_1-C)+C+C/X_4/C*(C-X_0*C*X_4*(cos(X_4/C)))+X_1,"['C', '+', '(', 'X_1', '-', 'C', ')', '+', 'C', '+', 'C', '/', 'X_4', '/', 'C', '*', '(', 'C', '-', 'X_0', '*', 'C', '*', 'X_4', '*', '(', 'cos', '(', 'X_4', '/', 'C', ')', ')', ')', '+', 'X_1']","[np.float64(0.8130123456116137), np.float64(-0.63132325943183), np.float64(-1.524680933099734), np.float64(5.0), np.float64(-1.384821425271164), np.float64(3.7359707974636844), np.float64(4.4878188461447035), np.float64(-2.2646976661437948)]",F = q*(Ef+B*v*sin(theta)),"['X_0', '*', '(', 'X_1', '+', 'X_2', '*', 'X_3', '*', 'sin', '(', 'X_4', ')', ')']",5,10000,(((C*X_0)*cos(C*X_4)+C)+C/X_4)+2*X_1
I.12.11,0,GRAMS-UCT,RMSE,11.444296193960596,False,C-X_3*(X_0-((C-X_0*C)*X_0/C*(X_4))*C)*(C)/C,"['C', '-', 'X_3', '*', '(', 'X_0', '-', '(', '(', 'C', '-', 'X_0', '*', 'C', ')', '*', 'X_0', '/', 'C', '*', '(', 'X_4', ')', ')', '*', 'C', ')', '*', '(', 'C', ')', '/', 'C']","[np.float64(4.938312410613963), np.float64(-3.443657504516159), np.float64(-0.083952555406718), np.float64(4.986124127165598), np.float64(-0.47674458117480706), np.float64(5.0), np.float64(-0.7785753937377597)]",F = q*(Ef+B*v*sin(theta)),"['X_0', '*', '(', 'X_1', '+', 'X_2', '*', 'X_3', '*', 'sin', '(', 'X_4', ')', ')']",5,10000,((((C*X_0^2)*X_3)*X_4+((C*X_0)*X_3)*X_4)+(C*X_0)*X_3)+C
I.12.11,1,GRAMS-UCT,RMSE,10.54272262923586,False,C*(X_4+C)*X_3/C*X_2+(X_0*X_1),"['C', '*', '(', 'X_4', '+', 'C', ')', '*', 'X_3', '/', 'C', '*', 'X_2', '+', '(', 'X_0', '*', 'X_1', ')']","[np.float64(4.179482861751141), np.float64(-3.1079094915191012), np.float64(-2.1794754580809186)]",F = q*(Ef+B*v*sin(theta)),"['X_0', '*', '(', 'X_1', '+', 'X_2', '*', 'X_3', '*', 'sin', '(', 'X_4', ')', ')']",5,10000,(((C*X_2)*X_3)*X_4+(C*X_2)*X_3)+X_0*X_1
I.12.11,2,GRAMS-UCT,RMSE,12.136965632979434,False,X_0/C*X_3*X_3+(X_4/C/X_1*(C*C)-X_0-C)*((X_4/C*X_3)-X_3-C),"['X_0', '/', 'C', '*', 'X_3', '*', 'X_3', '+', '(', 'X_4', '/', 'C', '/', 'X_1', '*', '(', 'C', '*', 'C', ')', '-', 'X_0', '-', 'C', ')', '*', '(', '(', 'X_4', '/', 'C', '*', 'X_3', ')', '-', 'X_3', '-', 'C', ')']","[np.float64(1.502004638484416), np.float64(0.8929752970748552), np.float64(-0.6615000842655223), np.float64(0.5105476196447069), np.float64(1.3673075240906094), np.float64(0.8910263048981293), np.float64(5.0)]",F = q*(Ef+B*v*sin(theta)),"['X_0', '*', '(', 'X_1', '+', 'X_2', '*', 'X_3', '*', 'sin', '(', 'X_4', ')', ')']",5,10000,(((((((((C*X_0)*X_3^2+((C*X_0)*X_3)*X_4)+C*X_0)+(C*X_3)*X_4)+C*X_3)+C)+((C*X_3)*X_4^2)/X_1)+((C*X_3)*X_4)/X_1)+(C*X_4)/X_1)+X_0*X_3
I.12.11,0,MC,N/A,13.881733488164894,False,(X_2)-C*(X_4-C)*X_0*C,"['(', 'X_2', ')', '-', 'C', '*', '(', 'X_4', '-', 'C', ')', '*', 'X_0', '*', 'C']","[np.float64(2.143136894266358), np.float64(3.4806934446565996), np.float64(2.6772041225367817)]",F = q*(Ef+B*v*sin(theta)),"['X_0', '*', '(', 'X_1', '+', 'X_2', '*', 'X_3', '*', 'sin', '(', 'X_4', ')', ')']",5,10000,((C*X_0)*X_4+C*X_0)+X_2
I.12.11,1,MC,N/A,13.769026118818537,False,(X_0*C-C)*((C+X_4+X_1/X_1))+(X_3+C*X_1-C/C-X_1),"['(', 'X_0', '*', 'C', '-', 'C', ')', '*', '(', '(', 'C', '+', 'X_4', '+', 'X_1', '/', 'X_1', ')', ')', '+', '(', 'X_3', '+', 'C', '*', 'X_1', '-', 'C', '/', 'C', '-', 'X_1', ')']","[np.float64(-5.0), np.float64(1.52048378572264), np.float64(-4.353107360504151), np.float64(2.4006982837498443), np.float64(-5.0), np.float64(-2.5461619776990916)]",F = q*(Ef+B*v*sin(theta)),"['X_0', '*', '(', 'X_1', '+', 'X_2', '*', 'X_3', '*', 'sin', '(', 'X_4', ')', ')']",5,10000,((((((C*X_0)*X_4+C*X_0)+C*X_1)+C*X_4)+C)+-1*X_1)+X_3
I.12.11,2,MC,N/A,13.487422587807822,False,X_4*C-C*X_2*(C+(X_0*C*X_0*X_1)-X_4)*C,"['X_4', '*', 'C', '-', 'C', '*', 'X_2', '*', '(', 'C', '+', '(', 'X_0', '*', 'C', '*', 'X_0', '*', 'X_1', ')', '-', 'X_4', ')', '*', 'C']","[np.float64(1.9933955460095671), np.float64(4.659092891015967), np.float64(2.932159268594002), np.float64(0.009797376007974706), np.float64(-1.3470845185864724)]",F = q*(Ef+B*v*sin(theta)),"['X_0', '*', '(', 'X_1', '+', 'X_2', '*', 'X_3', '*', 'sin', '(', 'X_4', ')', ')']",5,10000,((((C*X_0^2)*X_1)*X_2+(C*X_2)*X_4)+C*X_2)+C*X_4
I.12.2,0,GRAMS-PUCT,BIC,0.0391188085287277,False,C/X_2*sin(X_0*X_1/(X_3)/C/C/C),"['C', '/', 'X_2', '*', 'sin', '(', 'X_0', '*', 'X_1', '/', '(', 'X_3', ')', '/', 'C', '/', 'C', '/', 'C', ')']","[np.float64(-1.3914998989271026), np.float64(-2.9379227681080593), np.float64(-2.1699911236245892), np.float64(-4.511865686651393)]",F = q1*q2*r/(4*pi*epsilon*r**3),"['X_0', '*', 'X_1', '*', 'X_3', '/', '(', '4', '*', 'pi', '*', 'X_2', '*', 'X_3', '^3', ')']",4,10000,(C*sin(((C*X_0)*X_1)/X_3))/X_2
I.12.2,1,GRAMS-PUCT,BIC,0.028659859115296577,False,C/((X_3*C/exp(exp(C-exp(X_0*C-C)/X_3/X_3)-C/(X_3/C-X_2-(X_1/X_3)))/X_0)*(X_3*X_2)),"['C', '/', '(', '(', 'X_3', '*', 'C', '/', 'exp', '(', 'exp', '(', 'C', '-', 'exp', '(', 'X_0', '*', 'C', '-', 'C', ')', '/', 'X_3', '/', 'X_3', ')', '-', 'C', '/', '(', 'X_3', '/', 'C', '-', 'X_2', '-', '(', 'X_1', '/', 'X_3', ')', ')', ')', '/', 'X_0', ')', '*', '(', 'X_3', '*', 'X_2', ')', ')']","[np.float64(-1.6598385055854405), np.float64(-3.048472067421464), np.float64(-0.9308215671818765), np.float64(3.267757883099791), np.float64(2.7751404684894556), np.float64(-3.63641881160721), np.float64(-3.9884024209966906)]",F = q1*q2*r/(4*pi*epsilon*r**3),"['X_0', '*', 'X_1', '*', 'X_3', '/', '(', '4', '*', 'pi', '*', 'X_2', '*', 'X_3', '^3', ')']",4,10000,(((C*X_0)*exp(C/((C*X_3+-1*(X_1/X_3))+-1*X_2)))*exp(C*exp((C*exp(C*X_0))/X_3^2)))/(X_2*X_3^2)
I.12.2,2,GRAMS-PUCT,BIC,0.04676012713817619,False,sqrt(exp(C/C-C/X_3+((C)*C/C)+X_1/X_2)),"['sqrt', '(', 'exp', '(', 'C', '/', 'C', '-', 'C', '/', 'X_3', '+', '(', '(', 'C', ')', '*', 'C', '/', 'C', ')', '+', 'X_1', '/', 'X_2', ')', ')']","[np.float64(-4.564127453797162), np.float64(0.8603664337368461), np.float64(-5.0), np.float64(4.244254365525261), np.float64(3.1651775443953802), np.float64(-3.6188324560541925)]",F = q1*q2*r/(4*pi*epsilon*r**3),"['X_0', '*', 'X_1', '*', 'X_3', '/', '(', '4', '*', 'pi', '*', 'X_2', '*', 'X_3', '^3', ')']",4,10000,((C*exp(C/X_3))*exp(X_1/X_2))^0.5
I.12.2,0,GRAMS-PUCT,RMSE,0.03641416822699268,False,X_3*C/X_1+C-sin((X_0/(C)/(X_3+C-X_0/C*C*X_0)*C/C)/X_2),"['X_3', '*', 'C', '/', 'X_1', '+', 'C', '-', 'sin', '(', '(', 'X_0', '/', '(', 'C', ')', '/', '(', 'X_3', '+', 'C', '-', 'X_0', '/', 'C', '*', 'C', '*', 'X_0', ')', '*', 'C', '/', 'C', ')', '/', 'X_2', ')']","[np.float64(-0.017645914465680347), np.float64(0.01742097237471281), np.float64(4.992749904703881), np.float64(-0.6993503204726065), np.float64(5.0), np.float64(0.006586654145361794), np.float64(1.622262614664991), np.float64(-4.2988498749406)]",F = q1*q2*r/(4*pi*epsilon*r**3),"['X_0', '*', 'X_1', '*', 'X_3', '/', '(', '4', '*', 'pi', '*', 'X_2', '*', 'X_3', '^3', ')']",4,10000,(C+(C*X_3)/X_1)+-1*sin((C*X_0)/(((C*X_0^2)*X_2+C*X_2)+X_2*X_3))
I.12.2,1,GRAMS-PUCT,RMSE,0.03129865745975219,False,exp((X_1-X_2+X_3*C*C*C)/X_0),"['exp', '(', '(', 'X_1', '-', 'X_2', '+', 'X_3', '*', 'C', '*', 'C', '*', 'C', ')', '/', 'X_0', ')']","[np.float64(-2.0802991756748757), np.float64(-1.0697622137407554), np.float64(-1.963772663663022)]",F = q1*q2*r/(4*pi*epsilon*r**3),"['X_0', '*', 'X_1', '*', 'X_3', '/', '(', '4', '*', 'pi', '*', 'X_2', '*', 'X_3', '^3', ')']",4,10000,(exp(X_1/X_0)*exp((-1*X_2)/X_0))*exp((C*X_3)/X_0)
I.12.2,2,GRAMS-PUCT,RMSE,0.040313928874714404,False,X_0*C-(C*((C))*X_0/X_2-X_1/X_2)/X_3*C,"['X_0', '*', 'C', '-', '(', 'C', '*', '(', '(', 'C', ')', ')', '*', 'X_0', '/', 'X_2', '-', 'X_1', '/', 'X_2', ')', '/', 'X_3', '*', 'C']","[np.float64(-0.011526950010216351), np.float64(1.0002897715515986), np.float64(-1.6243494935851794), np.float64(0.07622468807690246)]",F = q1*q2*r/(4*pi*epsilon*r**3),"['X_0', '*', 'X_1', '*', 'X_3', '/', '(', '4', '*', 'pi', '*', 'X_2', '*', 'X_3', '^3', ')']",4,10000,(C*X_0+(C*X_0)/(X_2*X_3))+(C*X_1)/(X_2*X_3)
I.12.2,0,GRAMS-UCT,BIC,0.037842942516980914,False,X_0/X_2*C*X_2/exp(C)*(C*C)*C/C*C/X_3/((X_2)*X_3)/C,"['X_0', '/', 'X_2', '*', 'C', '*', 'X_2', '/', 'exp', '(', 'C', ')', '*', '(', 'C', '*', 'C', ')', '*', 'C', '/', 'C', '*', 'C', '/', 'X_3', '/', '(', '(', 'X_2', ')', '*', 'X_3', ')', '/', 'C']","[np.float64(-2.468273405810722), np.float64(4.196612556484241), np.float64(-3.3638127123432815), np.float64(2.5472788949066545), np.float64(4.999378626227625), np.float64(4.780963508823842), np.float64(-2.7887458549489863), np.float64(-3.916311579728268)]",F = q1*q2*r/(4*pi*epsilon*r**3),"['X_0', '*', 'X_1', '*', 'X_3', '/', '(', '4', '*', 'pi', '*', 'X_2', '*', 'X_3', '^3', ')']",4,10000,(C*X_0)/(X_2*X_3^2)
I.12.2,1,GRAMS-UCT,BIC,3.29080751675503e-06,False,(X_3/X_3/X_2*X_1)*(X_0/X_3)*sin(X_0/X_0*C+C)/X_3+C/X_0-((C*C*C/X_1))*C,"['(', 'X_3', '/', 'X_3', '/', 'X_2', '*', 'X_1', ')', '*', '(', 'X_0', '/', 'X_3', ')', '*', 'sin', '(', 'X_0', '/', 'X_0', '*', 'C', '+', 'C', ')', '/', 'X_3', '+', 'C', '/', 'X_0', '-', '(', '(', 'C', '*', 'C', '*', 'C', '/', 'X_1', ')', ')', '*', 'C']","[np.float64(-0.4636295895577091), np.float64(0.5432929593425156), np.float64(-9.851920427165108e-06), np.float64(1.4426124649679537), np.float64(1.3112454389603313e-05), np.float64(1.4497433668094735), np.float64(-0.31361363511688717)]",F = q1*q2*r/(4*pi*epsilon*r**3),"['X_0', '*', 'X_1', '*', 'X_3', '/', '(', '4', '*', 'pi', '*', 'X_2', '*', 'X_3', '^3', ')']",4,10000,(((C*X_0)*X_1)/(X_2*X_3^2)+C/X_1)+C/X_0
I.12.2,2,GRAMS-UCT,BIC,0.03706298406753033,False,(C)*C*C/X_3/X_3*C*X_1/X_2,"['(', 'C', ')', '*', 'C', '*', 'C', '/', 'X_3', '/', 'X_3', '*', 'C', '*', 'X_1', '/', 'X_2']","[np.float64(-1.0170956483461784), np.float64(-0.014613283949596318), np.float64(-3.461379158359933), np.float64(-4.6973781811160675)]",F = q1*q2*r/(4*pi*epsilon*r**3),"['X_0', '*', 'X_1', '*', 'X_3', '/', '(', '4', '*', 'pi', '*', 'X_2', '*', 'X_3', '^3', ')']",4,10000,(C*X_1)/(X_2*X_3^2)
I.12.2,0,GRAMS-UCT,RMSE,0.037839157252882415,False,C*(X_1+X_2*C+C*C-X_0*(X_1))/X_3/((C+C))+X_1-X_1+C,"['C', '*', '(', 'X_1', '+', 'X_2', '*', 'C', '+', 'C', '*', 'C', '-', 'X_0', '*', '(', 'X_1', ')', ')', '/', 'X_3', '/', '(', '(', 'C', '+', 'C', ')', ')', '+', 'X_1', '-', 'X_1', '+', 'C']","[np.float64(-0.20488715667852658), np.float64(3.1006763437230136), np.float64(4.783058071184253), np.float64(-3.584305384773017), np.float64(4.741085689013284), np.float64(4.730966827671459), np.float64(-0.0626201772567435)]",F = q1*q2*r/(4*pi*epsilon*r**3),"['X_0', '*', 'X_1', '*', 'X_3', '/', '(', '4', '*', 'pi', '*', 'X_2', '*', 'X_3', '^3', ')']",4,10000,(((((C*X_0)*X_1)/X_3+(C*X_1)/X_3)+(C*X_2)/X_3)+C)+C/X_3
I.12.2,1,GRAMS-UCT,RMSE,0.03819401452575014,False,X_0/X_3*(exp(C*C+C*X_3-X_3-(X_3))*(C)+C*X_0)/X_2,"['X_0', '/', 'X_3', '*', '(', 'exp', '(', 'C', '*', 'C', '+', 'C', '*', 'X_3', '-', 'X_3', '-', '(', 'X_3', ')', ')', '*', '(', 'C', ')', '+', 'C', '*', 'X_0', ')', '/', 'X_2']","[np.float64(-2.3610889055208375), np.float64(0.6982318867076608), np.float64(1.377944879000943), np.float64(2.0041378694031087), np.float64(0.003747475310079685)]",F = q1*q2*r/(4*pi*epsilon*r**3),"['X_0', '*', 'X_1', '*', 'X_3', '/', '(', '4', '*', 'pi', '*', 'X_2', '*', 'X_3', '^3', ')']",4,10000,(C*X_0^2)/(X_2*X_3)+(((C*X_0)*exp(-2*X_3))*exp(C*X_3))/(X_2*X_3)
I.12.2,2,GRAMS-UCT,RMSE,0.03932739459346618,False,((exp(C-X_3)))*X_1/X_2+C*X_2,"['(', '(', 'exp', '(', 'C', '-', 'X_3', ')', ')', ')', '*', 'X_1', '/', 'X_2', '+', 'C', '*', 'X_2']","[np.float64(-0.6355106664249363), np.float64(5.309998227495606e-05)]",F = q1*q2*r/(4*pi*epsilon*r**3),"['X_0', '*', 'X_1', '*', 'X_3', '/', '(', '4', '*', 'pi', '*', 'X_2', '*', 'X_3', '^3', ')']",4,10000,((C*X_1)*exp(-1*X_3))/X_2+C*X_2
I.12.2,0,MC,N/A,0.03256924073223134,False,(C/X_1*C/X_2/C+C)*X_0/exp(X_3*C+X_3)/C*C*(X_1),"['(', 'C', '/', 'X_1', '*', 'C', '/', 'X_2', '/', 'C', '+', 'C', ')', '*', 'X_0', '/', 'exp', '(', 'X_3', '*', 'C', '+', 'X_3', ')', '/', 'C', '*', 'C', '*', '(', 'X_1', ')']","[np.float64(-2.5174907153248505), np.float64(4.369198229888215), np.float64(-0.23051666022713088), np.float64(4.200819555942272), np.float64(0.1377289495246916), np.float64(4.85469204396531), np.float64(0.04243779415596867)]",F = q1*q2*r/(4*pi*epsilon*r**3),"['X_0', '*', 'X_1', '*', 'X_3', '/', '(', '4', '*', 'pi', '*', 'X_2', '*', 'X_3', '^3', ')']",4,10000,(((C*X_0)*X_1)*exp(-1*X_3))*exp(C*X_3)+(((C*X_0)*exp(-1*X_3))*exp(C*X_3))/X_2
I.12.2,1,MC,N/A,0.04863035295609755,False,((X_1/X_3))/X_2*(C/C)-C,"['(', '(', 'X_1', '/', 'X_3', ')', ')', '/', 'X_2', '*', '(', 'C', '/', 'C', ')', '-', 'C']","[np.float64(0.3531717682013312), np.float64(1.994365534622067), np.float64(0.028022117616970377)]",F = q1*q2*r/(4*pi*epsilon*r**3),"['X_0', '*', 'X_1', '*', 'X_3', '/', '(', '4', '*', 'pi', '*', 'X_2', '*', 'X_3', '^3', ')']",4,10000,(C*X_1)/(X_2*X_3)+C
I.12.2,2,MC,N/A,0.037893389653368297,False,X_1/C/X_2/C*(C*(X_0)-C)/((X_3/C/X_0+X_3))/C,"['X_1', '/', 'C', '/', 'X_2', '/', 'C', '*', '(', 'C', '*', '(', 'X_0', ')', '-', 'C', ')', '/', '(', '(', 'X_3', '/', 'C', '/', 'X_0', '+', 'X_3', ')', ')', '/', 'C']","[np.float64(4.941393992169809), np.float64(-3.2926196872868148), np.float64(1.3434050492882712), np.float64(0.5977752787552937), np.float64(-3.2752254896519757), np.float64(-1.6494504058543944)]",F = q1*q2*r/(4*pi*epsilon*r**3),"['X_0', '*', 'X_1', '*', 'X_3', '/', '(', '4', '*', 'pi', '*', 'X_2', '*', 'X_3', '^3', ')']",4,10000,((C*X_0)*X_1)/(((C*X_2)*X_3)/X_0+X_2*X_3)+(C*X_1)/(((C*X_2)*X_3)/X_0+X_2*X_3)
I.12.4,0,GRAMS-PUCT,BIC,0.00357976231884114,False,X_0/X_1/exp(C+C*X_2),"['X_0', '/', 'X_1', '/', 'exp', '(', 'C', '+', 'C', '*', 'X_2', ')']","[np.float64(1.5605133127329676), np.float64(1.1304727783747248)]",Ef = q1*r/(4*pi*epsilon*r**3),"['X_0', '*', 'X_2', '/', '(', '4', '*', 'pi', '*', 'X_1', '*', 'X_2', '^3', ')']",3,10000,((C*X_0)*exp(C*X_2))/X_1
I.12.4,1,GRAMS-PUCT,BIC,0.0009349676514069156,False,(X_0)/(X_1)/(sqrt(C)*C-X_2/C*X_2*C),"['(', 'X_0', ')', '/', '(', 'X_1', ')', '/', '(', 'sqrt', '(', 'C', ')', '*', 'C', '-', 'X_2', '/', 'C', '*', 'X_2', '*', 'C', ')']","[np.float64(0.7811874458163534), np.float64(-1.7046136147029285), np.float64(-0.08373805917734534), np.float64(1.1278919682252353)]",Ef = q1*r/(4*pi*epsilon*r**3),"['X_0', '*', 'X_2', '/', '(', '4', '*', 'pi', '*', 'X_1', '*', 'X_2', '^3', ')']",3,10000,X_0/((C*X_1)*X_2^2+C*X_1)
I.12.4,2,GRAMS-PUCT,BIC,0.004550400039150131,False,X_0*exp(C*X_2+C/X_1+C),"['X_0', '*', 'exp', '(', 'C', '*', 'X_2', '+', 'C', '/', 'X_1', '+', 'C', ')']","[np.float64(-1.1378188442619945), np.float64(1.8765518017365717), np.float64(-3.2831349381721338)]",Ef = q1*r/(4*pi*epsilon*r**3),"['X_0', '*', 'X_2', '/', '(', '4', '*', 'pi', '*', 'X_1', '*', 'X_2', '^3', ')']",3,10000,((C*X_0)*exp(C/X_1))*exp(C*X_2)
I.12.4,0,GRAMS-PUCT,RMSE,0.004387654044269315,False,X_0*C/X_1*(C*C)/X_2*C+C*(X_0/C/X_1),"['X_0', '*', 'C', '/', 'X_1', '*', '(', 'C', '*', 'C', ')', '/', 'X_2', '*', 'C', '+', 'C', '*', '(', 'X_0', '/', 'C', '/', 'X_1', ')']","[np.float64(-3.532474734023539), np.float64(0.023120725514625098), np.float64(1.9051552525060294), np.float64(-0.5222566304451188), np.float64(-0.08330832250481095), np.float64(4.9211945717770185)]",Ef = q1*r/(4*pi*epsilon*r**3),"['X_0', '*', 'X_2', '/', '(', '4', '*', 'pi', '*', 'X_1', '*', 'X_2', '^3', ')']",3,10000,(C*X_0)/(X_1*X_2)+(C*X_0)/X_1
I.12.4,1,GRAMS-PUCT,RMSE,0.00439073187257015,False,X_0/(X_2/C/C*X_1)/C*(X_1-C)/X_2,"['X_0', '/', '(', 'X_2', '/', 'C', '/', 'C', '*', 'X_1', ')', '/', 'C', '*', '(', 'X_1', '-', 'C', ')', '/', 'X_2']","[np.float64(-0.01543376486755745), np.float64(-2.2030811296038597), np.float64(3.0896580475018394), np.float64(-4.999947667305222)]",Ef = q1*r/(4*pi*epsilon*r**3),"['X_0', '*', 'X_2', '/', '(', '4', '*', 'pi', '*', 'X_1', '*', 'X_2', '^3', ')']",3,10000,(C*X_0)/(X_1*X_2^2)+(C*X_0)/X_2^2
I.12.4,2,GRAMS-PUCT,RMSE,9.745342287333726e-09,True,C/(C*C/X_0*((X_1)*X_1/C))*X_1*C/X_2/X_2,"['C', '/', '(', 'C', '*', 'C', '/', 'X_0', '*', '(', '(', 'X_1', ')', '*', 'X_1', '/', 'C', ')', ')', '*', 'X_1', '*', 'C', '/', 'X_2', '/', 'X_2']","[np.float64(-0.8206328843210069), np.float64(4.383928857559482), np.float64(3.8596618408368655), np.float64(0.4380959467845149), np.float64(-3.7452850306196037)]",Ef = q1*r/(4*pi*epsilon*r**3),"['X_0', '*', 'X_2', '/', '(', '4', '*', 'pi', '*', 'X_1', '*', 'X_2', '^3', ')']",3,2293,(C*X_0)/(X_1*X_2^2)
I.12.4,0,GRAMS-UCT,BIC,1.1320961821163745e-09,True,(C/C)/X_2*X_0/C/C/(C*X_2/C)/C/X_1*C,"['(', 'C', '/', 'C', ')', '/', 'X_2', '*', 'X_0', '/', 'C', '/', 'C', '/', '(', 'C', '*', 'X_2', '/', 'C', ')', '/', 'C', '/', 'X_1', '*', 'C']","[np.float64(-4.019623357543109), np.float64(1.290803254324547), np.float64(-3.481936896129611), np.float64(-4.366826912249387), np.float64(-2.3454039986649833), np.float64(2.300511601874078), np.float64(-1.2286838084933391), np.float64(-0.4867265686595765)]",Ef = q1*r/(4*pi*epsilon*r**3),"['X_0', '*', 'X_2', '/', '(', '4', '*', 'pi', '*', 'X_1', '*', 'X_2', '^3', ')']",3,8365,(C*X_0)/(X_1*X_2^2)
I.12.4,1,GRAMS-UCT,BIC,1.0775767377396374e-09,True,X_0/X_2/X_1*X_0/X_0*C/X_2*C,"['X_0', '/', 'X_2', '/', 'X_1', '*', 'X_0', '/', 'X_0', '*', 'C', '/', 'X_2', '*', 'C']","[np.float64(2.4473921941341725), np.float64(0.03251520903862921)]",Ef = q1*r/(4*pi*epsilon*r**3),"['X_0', '*', 'X_2', '/', '(', '4', '*', 'pi', '*', 'X_1', '*', 'X_2', '^3', ')']",3,9274,(C*X_0)/(X_1*X_2^2)
I.12.4,2,GRAMS-UCT,BIC,3.203236562359511e-10,True,(C/X_2*(X_0)/C)/X_2/X_1,"['(', 'C', '/', 'X_2', '*', '(', 'X_0', ')', '/', 'C', ')', '/', 'X_2', '/', 'X_1']","[np.float64(0.2886149726930179), np.float64(3.626842749027413)]",Ef = q1*r/(4*pi*epsilon*r**3),"['X_0', '*', 'X_2', '/', '(', '4', '*', 'pi', '*', 'X_1', '*', 'X_2', '^3', ')']",3,1248,(C*X_0)/(X_1*X_2^2)
I.12.4,0,GRAMS-UCT,RMSE,2.2703701071476443e-10,True,(X_0)*((C/X_1))/X_2/X_2*C,"['(', 'X_0', ')', '*', '(', '(', 'C', '/', 'X_1', ')', ')', '/', 'X_2', '/', 'X_2', '*', 'C']","[np.float64(0.3642809898191382), np.float64(0.21845079581489632)]",Ef = q1*r/(4*pi*epsilon*r**3),"['X_0', '*', 'X_2', '/', '(', '4', '*', 'pi', '*', 'X_1', '*', 'X_2', '^3', ')']",3,1715,(C*X_0)/(X_1*X_2^2)
I.12.4,1,GRAMS-UCT,RMSE,0.0032425602308635733,False,exp(C)*X_0/X_1/(C+exp(X_2)*C)*sin(C),"['exp', '(', 'C', ')', '*', 'X_0', '/', 'X_1', '/', '(', 'C', '+', 'exp', '(', 'X_2', ')', '*', 'C', ')', '*', 'sin', '(', 'C', ')']","[np.float64(-0.22854027675230368), np.float64(-2.109078636992313), np.float64(4.932236986459805), np.float64(-5.0)]",Ef = q1*r/(4*pi*epsilon*r**3),"['X_0', '*', 'X_2', '/', '(', '4', '*', 'pi', '*', 'X_1', '*', 'X_2', '^3', ')']",3,10000,(C*X_0)/((C*X_1)*exp(X_2)+C*X_1)
I.12.4,2,GRAMS-UCT,RMSE,0.004850853770569785,False,X_0/exp(X_2-C/C/X_1-C*C),"['X_0', '/', 'exp', '(', 'X_2', '-', 'C', '/', 'C', '/', 'X_1', '-', 'C', '*', 'C', ')']","[np.float64(5.0), np.float64(2.677380301053298), np.float64(-2.2557575389487496), np.float64(1.5460720196710707)]",Ef = q1*r/(4*pi*epsilon*r**3),"['X_0', '*', 'X_2', '/', '(', '4', '*', 'pi', '*', 'X_1', '*', 'X_2', '^3', ')']",3,10000,((C*X_0)*exp(-1*X_2))*exp(C/X_1)
I.12.4,0,MC,N/A,2.2160122057360103e-09,True,X_0/X_2/X_2/X_1*C,"['X_0', '/', 'X_2', '/', 'X_2', '/', 'X_1', '*', 'C']",[np.float64(0.0795774772098271)],Ef = q1*r/(4*pi*epsilon*r**3),"['X_0', '*', 'X_2', '/', '(', '4', '*', 'pi', '*', 'X_1', '*', 'X_2', '^3', ')']",3,3373,(C*X_0)/(X_1*X_2^2)
I.12.4,1,MC,N/A,0.006916644500924239,False,cos(C)*(X_1/C+X_0*C)/X_1/X_2*sqrt(C*C)-C,"['cos', '(', 'C', ')', '*', '(', 'X_1', '/', 'C', '+', 'X_0', '*', 'C', ')', '/', 'X_1', '/', 'X_2', '*', 'sqrt', '(', 'C', '*', 'C', ')', '-', 'C']","[np.float64(1.238236934842446), np.float64(4.1726055234887625), np.float64(0.25982550938689797), np.float64(0.8392561195669941), np.float64(0.34612586391762473), np.float64(0.020100427170699334)]",Ef = q1*r/(4*pi*epsilon*r**3),"['X_0', '*', 'X_2', '/', '(', '4', '*', 'pi', '*', 'X_1', '*', 'X_2', '^3', ')']",3,10000,((C*X_0)/(X_1*X_2)+C)+C/X_2
I.12.4,2,MC,N/A,0.0073460874678665435,False,(C-(C)*C-X_1)/C*C*X_0/C/(X_2+X_2+C),"['(', 'C', '-', '(', 'C', ')', '*', 'C', '-', 'X_1', ')', '/', 'C', '*', 'C', '*', 'X_0', '/', 'C', '/', '(', 'X_2', '+', 'X_2', '+', 'C', ')']","[np.float64(5.0), np.float64(0.027708256016049145), np.float64(-0.03526476277858005), np.float64(-4.331225665931672), np.float64(-0.16822070218962096), np.float64(4.196617687156682), np.float64(-1.461416317295169)]",Ef = q1*r/(4*pi*epsilon*r**3),"['X_0', '*', 'X_2', '/', '(', '4', '*', 'pi', '*', 'X_1', '*', 'X_2', '^3', ')']",3,10000,((C*X_0)*X_1)/(C+2*X_2)+(C*X_0)/(C+2*X_2)
I.12.5,0,GRAMS-PUCT,BIC,1.5050645997771235e-08,True,X_0*C*X_1,"['X_0', '*', 'C', '*', 'X_1']",[np.float64(0.9999999985429358)],F = q2*Ef,"['X_0', '*', 'X_1']",2,103,(C*X_0)*X_1
I.12.5,1,GRAMS-PUCT,BIC,5.268941902939136e-10,True,X_1*C*X_0/C,"['X_1', '*', 'C', '*', 'X_0', '/', 'C']","[np.float64(3.50072833339853), np.float64(3.500728334091751)]",F = q2*Ef,"['X_0', '*', 'X_1']",2,74,(C*X_0)*X_1
I.12.5,2,GRAMS-PUCT,BIC,0.0,True,X_1*X_0,"['X_1', '*', 'X_0']",[],F = q2*Ef,"['X_0', '*', 'X_1']",2,10,X_0*X_1
I.12.5,0,GRAMS-PUCT,RMSE,0.0,True,X_0*X_1,"['X_0', '*', 'X_1']",[],F = q2*Ef,"['X_0', '*', 'X_1']",2,45,X_0*X_1
I.12.5,1,GRAMS-PUCT,RMSE,0.0,True,X_1*X_0,"['X_1', '*', 'X_0']",[],F = q2*Ef,"['X_0', '*', 'X_1']",2,92,X_0*X_1
I.12.5,2,GRAMS-PUCT,RMSE,0.0,True,X_1*X_0,"['X_1', '*', 'X_0']",[],F = q2*Ef,"['X_0', '*', 'X_1']",2,10,X_0*X_1
I.12.5,0,GRAMS-UCT,BIC,0.0,True,(X_1*X_0),"['(', 'X_1', '*', 'X_0', ')']",[],F = q2*Ef,"['X_0', '*', 'X_1']",2,106,X_0*X_1
I.12.5,1,GRAMS-UCT,BIC,4.5012896667683504e-12,True,X_1*X_0/cos(C*X_1),"['X_1', '*', 'X_0', '/', 'cos', '(', 'C', '*', 'X_1', ')']",[np.float64(-2.3015127178580198e-07)],F = q2*Ef,"['X_0', '*', 'X_1']",2,134,(X_0*X_1)/cos(C*X_1)
I.12.5,2,GRAMS-UCT,BIC,2.343332393379734e-09,True,X_1*X_0*C,"['X_1', '*', 'X_0', '*', 'C']",[np.float64(0.9999999997731402)],F = q2*Ef,"['X_0', '*', 'X_1']",2,22,(C*X_0)*X_1
I.12.5,0,GRAMS-UCT,RMSE,1.3158597851910384e-08,True,C/C*C/C*X_1*X_0,"['C', '/', 'C', '*', 'C', '/', 'C', '*', 'X_1', '*', 'X_0']","[np.float64(3.1214352528414753), np.float64(-2.568080843323807), np.float64(-2.876976288921748), np.float64(3.4968896110164276)]",F = q2*Ef,"['X_0', '*', 'X_1']",2,97,(C*X_0)*X_1
I.12.5,1,GRAMS-UCT,RMSE,8.439226243628372e-09,True,X_1/X_1/C-C*C+X_1*(X_0),"['X_1', '/', 'X_1', '/', 'C', '-', 'C', '*', 'C', '+', 'X_1', '*', '(', 'X_0', ')']","[np.float64(0.5267838195289721), np.float64(-1.8807695845814907), np.float64(-1.0093272029530784)]",F = q2*Ef,"['X_0', '*', 'X_1']",2,68,C+X_0*X_1
I.12.5,2,GRAMS-UCT,RMSE,2.343332393379734e-09,True,X_1*X_0*C,"['X_1', '*', 'X_0', '*', 'C']",[np.float64(0.9999999997731402)],F = q2*Ef,"['X_0', '*', 'X_1']",2,22,(C*X_0)*X_1
I.12.5,0,MC,N/A,0.0,True,X_0*X_1,"['X_0', '*', 'X_1']",[],F = q2*Ef,"['X_0', '*', 'X_1']",2,30,X_0*X_1
I.12.5,1,MC,N/A,0.0,True,X_0*X_1,"['X_0', '*', 'X_1']",[],F = q2*Ef,"['X_0', '*', 'X_1']",2,61,X_0*X_1
I.12.5,2,MC,N/A,0.0,True,(X_0*X_1),"['(', 'X_0', '*', 'X_1', ')']",[],F = q2*Ef,"['X_0', '*', 'X_1']",2,13,X_0*X_1
I.13.12,0,GRAMS-PUCT,BIC,5.674882972036692,False,(((C/(X_2)*X_2)*X_4-(C/X_3+C*X_2+(X_2*C)/X_2)*C*C+C+C)),"['(', '(', '(', 'C', '/', '(', 'X_2', ')', '*', 'X_2', ')', '*', 'X_4', '-', '(', 'C', '/', 'X_3', '+', 'C', '*', 'X_2', '+', '(', 'X_2', '*', 'C', ')', '/', 'X_2', ')', '*', 'C', '*', 'C', '+', 'C', '+', 'C', ')', ')']","[np.float64(-0.0346655868129867), np.float64(4.642751980502044), np.float64(0.7361588460980445), np.float64(-3.0205311696656825), np.float64(3.276617299604073), np.float64(-1.7533080550634794), np.float64(-2.92600992642192), np.float64(-3.0603599117674145)]",U = G*m1*m2*(1/r2-1/r1),"['X_4', '*', 'X_0', '*', 'X_1', '*', '(', '1', '/', 'X_3', '-', '1', '/', 'X_2', ')']",5,10000,((C*X_2+C*X_4)+C)+C/X_3
I.13.12,1,GRAMS-PUCT,BIC,5.2223953234899,False,(X_3/X_3-C*(C)*C*sin((C+C+X_2/X_3+C/C)*C)*X_4),"['(', 'X_3', '/', 'X_3', '-', 'C', '*', '(', 'C', ')', '*', 'C', '*', 'sin', '(', '(', 'C', '+', 'C', '+', 'X_2', '/', 'X_3', '+', 'C', '/', 'C', ')', '*', 'C', ')', '*', 'X_4', ')']","[np.float64(3.297014407496488), np.float64(1.2926459441375766), np.float64(1.2887408265563123), np.float64(-1.682767573101858), np.float64(-4.077893772321727), np.float64(-0.5097580403242477), np.float64(4.863720723152297), np.float64(0.6774837430916492)]",U = G*m1*m2*(1/r2-1/r1),"['X_4', '*', 'X_0', '*', 'X_1', '*', '(', '1', '/', 'X_3', '-', '1', '/', 'X_2', ')']",5,10000,(C*X_4)*sin((C*X_2)/X_3+C)+1
I.13.12,2,GRAMS-PUCT,BIC,5.581177432126308,False,X_0*C*X_3-(X_2+C*X_0-C+C/C+(X_0+X_0))*(C)-C/X_2-X_0,"['X_0', '*', 'C', '*', 'X_3', '-', '(', 'X_2', '+', 'C', '*', 'X_0', '-', 'C', '+', 'C', '/', 'C', '+', '(', 'X_0', '+', 'X_0', ')', ')', '*', '(', 'C', ')', '-', 'C', '/', 'X_2', '-', 'X_0']","[np.float64(-1.3784175793720592), np.float64(-0.5166296633276576), np.float64(2.3662179581069074), np.float64(-0.08806617784304462), np.float64(4.998828184600616), np.float64(-3.427899910542654), np.float64(5.0)]",U = G*m1*m2*(1/r2-1/r1),"['X_4', '*', 'X_0', '*', 'X_1', '*', '(', '1', '/', 'X_3', '-', '1', '/', 'X_2', ')']",5,10000,(((((C*X_0)*X_3+(2*C)*X_0)+C*X_2)+C)+C/X_2)+-1*X_0
I.13.12,0,GRAMS-PUCT,RMSE,5.1372387445871475,False,((C-(X_2/X_4/(C*(X_3*C+X_0))))/X_3/X_0+C/C/X_2+C)*X_4*X_1-X_1/C,"['(', '(', 'C', '-', '(', 'X_2', '/', 'X_4', '/', '(', 'C', '*', '(', 'X_3', '*', 'C', '+', 'X_0', ')', ')', ')', ')', '/', 'X_3', '/', 'X_0', '+', 'C', '/', 'C', '/', 'X_2', '+', 'C', ')', '*', 'X_4', '*', 'X_1', '-', 'X_1', '/', 'C']","[np.float64(5.0), np.float64(0.34381953713102886), np.float64(-0.09856421457623459), np.float64(-3.572090107673432), np.float64(1.0331477190042497), np.float64(0.8725231129457361), np.float64(5.0)]",U = G*m1*m2*(1/r2-1/r1),"['X_4', '*', 'X_0', '*', 'X_1', '*', '(', '1', '/', 'X_3', '-', '1', '/', 'X_2', ')']",5,10000,((((((C*X_1)*X_2)*X_4)/(((C*X_0)*X_3^2)*X_4+(X_0^2*X_3)*X_4)+(C*X_1)*X_4)+((C*X_1)*X_4)/(X_0*X_3))+C*X_1)+((C*X_1)*X_4)/X_2
I.13.12,1,GRAMS-PUCT,RMSE,5.304028482721708,False,C/C/C/X_3*C+X_0/(X_0*X_2+C)*C/(C)+X_4,"['C', '/', 'C', '/', 'C', '/', 'X_3', '*', 'C', '+', 'X_0', '/', '(', 'X_0', '*', 'X_2', '+', 'C', ')', '*', 'C', '/', '(', 'C', ')', '+', 'X_4']","[np.float64(-5.0), np.float64(1.681976392003877), np.float64(-0.5134025402999229), np.float64(4.451163125549919), np.float64(0.9595590736561582), np.float64(-4.983465440607348), np.float64(0.12730578606480195)]",U = G*m1*m2*(1/r2-1/r1),"['X_4', '*', 'X_0', '*', 'X_1', '*', '(', '1', '/', 'X_3', '-', '1', '/', 'X_2', ')']",5,10000,((C*X_0)/(C+X_0*X_2)+C/X_3)+X_4
I.13.12,2,GRAMS-PUCT,RMSE,5.20049453907684,False,(X_2/C+X_3)*((X_0*C*C-C))/C-(C)+X_0/X_2*(C/X_2),"['(', 'X_2', '/', 'C', '+', 'X_3', ')', '*', '(', '(', 'X_0', '*', 'C', '*', 'C', '-', 'C', ')', ')', '/', 'C', '-', '(', 'C', ')', '+', 'X_0', '/', 'X_2', '*', '(', 'C', '/', 'X_2', ')']","[np.float64(-1.0213284357445445), np.float64(2.2235339035980046), np.float64(-2.561474390331692), np.float64(0.5156659503158549), np.float64(4.80889570595938), np.float64(-1.6628964831044255), np.float64(-2.5010694479667386)]",U = G*m1*m2*(1/r2-1/r1),"['X_4', '*', 'X_0', '*', 'X_1', '*', '(', '1', '/', 'X_3', '-', '1', '/', 'X_2', ')']",5,10000,(((((C*X_0)*X_2+(C*X_0)*X_3)+(C*X_0)/X_2^2)+C*X_2)+C*X_3)+C
I.13.12,0,GRAMS-UCT,BIC,4.629815010270436,False,(cos(C)+C/X_4)*X_1/X_2*C-(exp(C)/X_3)*X_0*(X_4/X_4-X_3/X_2+C)/C+X_2+X_1/X_3/C,"['(', 'cos', '(', 'C', ')', '+', 'C', '/', 'X_4', ')', '*', 'X_1', '/', 'X_2', '*', 'C', '-', '(', 'exp', '(', 'C', ')', '/', 'X_3', ')', '*', 'X_0', '*', '(', 'X_4', '/', 'X_4', '-', 'X_3', '/', 'X_2', '+', 'C', ')', '/', 'C', '+', 'X_2', '+', 'X_1', '/', 'X_3', '/', 'C']","[np.float64(2.2170974848992406), np.float64(0.6879439142076261), np.float64(5.0), np.float64(2.8617256265977207), np.float64(-0.030735200508949293), np.float64(-2.2872715266391803), np.float64(-5.0)]",U = G*m1*m2*(1/r2-1/r1),"['X_4', '*', 'X_0', '*', 'X_1', '*', '(', '1', '/', 'X_3', '-', '1', '/', 'X_2', ')']",5,10000,(((((C*X_0)/X_3+(C*X_0)/X_2)+(C*X_1)/(X_2*X_4))+(C*X_1)/X_3)+(C*X_1)/X_2)+X_2
I.13.12,1,GRAMS-UCT,BIC,5.206707909379081,False,X_3/C+C/X_3+C-(C*X_0*(X_4*(X_2*C)-X_4)-C)/X_2+X_4-X_3*X_3,"['X_3', '/', 'C', '+', 'C', '/', 'X_3', '+', 'C', '-', '(', 'C', '*', 'X_0', '*', '(', 'X_4', '*', '(', 'X_2', '*', 'C', ')', '-', 'X_4', ')', '-', 'C', ')', '/', 'X_2', '+', 'X_4', '-', 'X_3', '*', 'X_3']","[np.float64(0.37233839219555853), np.float64(5.0), np.float64(-1.2875462738303898), np.float64(-3.0005657751287584), np.float64(0.3444151972753696), np.float64(0.03706926230946617)]",U = G*m1*m2*(1/r2-1/r1),"['X_4', '*', 'X_0', '*', 'X_1', '*', '(', '1', '/', 'X_3', '-', '1', '/', 'X_2', ')']",5,10000,(((((((C*X_0)*X_4+((C*X_0)*X_4)/X_2)+C*X_3)+C)+C/X_3)+C/X_2)+-1*X_3^2)+X_4
I.13.12,2,GRAMS-UCT,BIC,4.451790274182867,False,X_0/C*X_4/(C/sin(C/(C)+C*C/X_2+C+X_0*C/X_3)),"['X_0', '/', 'C', '*', 'X_4', '/', '(', 'C', '/', 'sin', '(', 'C', '/', '(', 'C', ')', '+', 'C', '*', 'C', '/', 'X_2', '+', 'C', '+', 'X_0', '*', 'C', '/', 'X_3', ')', ')']","[np.float64(-0.8731839917108655), np.float64(-0.36520602807790675), np.float64(-4.999557725058946), np.float64(4.221866412968106), np.float64(-4.261258465784396), np.float64(0.23252558058818995), np.float64(-4.997993916816976), np.float64(0.19418761090639558)]",U = G*m1*m2*(1/r2-1/r1),"['X_4', '*', 'X_0', '*', 'X_1', '*', '(', '1', '/', 'X_3', '-', '1', '/', 'X_2', ')']",5,10000,((C*X_0)*X_4)*sin(((C*X_0)/X_3+C)+C/X_2)
I.13.12,0,GRAMS-UCT,RMSE,4.7259076384154,False,(X_2/X_3-C+X_1*(C*sqrt(X_3+X_4)))*(X_1*X_4)+C-C+X_0+C/X_1/C+(C)*X_2+X_4-(X_0+C),"['(', 'X_2', '/', 'X_3', '-', 'C', '+', 'X_1', '*', '(', 'C', '*', 'sqrt', '(', 'X_3', '+', 'X_4', ')', ')', ')', '*', '(', 'X_1', '*', 'X_4', ')', '+', 'C', '-', 'C', '+', 'X_0', '+', 'C', '/', 'X_1', '/', 'C', '+', '(', 'C', ')', '*', 'X_2', '+', 'X_4', '-', '(', 'X_0', '+', 'C', ')']","[np.float64(1.6157207751733007), np.float64(0.017204318884830705), np.float64(3.198416588811191), np.float64(4.583177538393713), np.float64(-2.6342720741957284), np.float64(3.4284415703501643), np.float64(0.6863051995914328), np.float64(1.0677760511497993)]",U = G*m1*m2*(1/r2-1/r1),"['X_4', '*', 'X_0', '*', 'X_1', '*', '(', '1', '/', 'X_3', '-', '1', '/', 'X_2', ')']",5,10000,(((((((C*X_1^2)*X_4)*(X_3+X_4)^0.5+(C*X_1)*X_4)+C*X_2)+C)+C/X_1)+((X_1*X_2)*X_4)/X_3)+X_4
I.13.12,1,GRAMS-UCT,RMSE,5.134929373070025,False,C*C*X_0+(C/X_3-(C*(C)/C-C/X_2)*X_3)*X_0-X_3,"['C', '*', 'C', '*', 'X_0', '+', '(', 'C', '/', 'X_3', '-', '(', 'C', '*', '(', 'C', ')', '/', 'C', '-', 'C', '/', 'X_2', ')', '*', 'X_3', ')', '*', 'X_0', '-', 'X_3']","[np.float64(5.0), np.float64(-0.045724318134120666), np.float64(5.0), np.float64(-0.8639035655129381), np.float64(-2.8757481251357704), np.float64(-3.3877085927254966), np.float64(-2.5880123071883507)]",U = G*m1*m2*(1/r2-1/r1),"['X_4', '*', 'X_0', '*', 'X_1', '*', '(', '1', '/', 'X_3', '-', '1', '/', 'X_2', ')']",5,10000,((((C*X_0)*X_3+C*X_0)+(C*X_0)/X_3)+((C*X_0)*X_3)/X_2)+-1*X_3
I.13.12,2,GRAMS-UCT,RMSE,5.261653344752337,False,(X_4/C+C*(X_3/X_2+C))*C/X_3,"['(', 'X_4', '/', 'C', '+', 'C', '*', '(', 'X_3', '/', 'X_2', '+', 'C', ')', ')', '*', 'C', '/', 'X_3']","[np.float64(3.025001031010638), np.float64(-5.0), np.float64(-0.8088452083304486), np.float64(5.0)]",U = G*m1*m2*(1/r2-1/r1),"['X_4', '*', 'X_0', '*', 'X_1', '*', '(', '1', '/', 'X_3', '-', '1', '/', 'X_2', ')']",5,10000,((C*X_4)/X_3+C/X_3)+C/X_2
I.13.12,0,MC,N/A,4.55311158068101,False,C*C*X_1*X_0*(X_3+C*X_2/C+C/X_2),"['C', '*', 'C', '*', 'X_1', '*', 'X_0', '*', '(', 'X_3', '+', 'C', '*', 'X_2', '/', 'C', '+', 'C', '/', 'X_2', ')']","[np.float64(0.42045370233093604), np.float64(-0.9828256166378265), np.float64(5.0), np.float64(-4.5900882308079956), np.float64(0.8318749481037735)]",U = G*m1*m2*(1/r2-1/r1),"['X_4', '*', 'X_0', '*', 'X_1', '*', '(', '1', '/', 'X_3', '-', '1', '/', 'X_2', ')']",5,10000,(((C*X_0)*X_1)*X_2+((C*X_0)*X_1)*X_3)+((C*X_0)*X_1)/X_2
I.13.12,1,MC,N/A,5.212979560394713,False,X_4+C+X_4/X_2*(C+C)+(C/X_3*X_4)-X_0,"['X_4', '+', 'C', '+', 'X_4', '/', 'X_2', '*', '(', 'C', '+', 'C', ')', '+', '(', 'C', '/', 'X_3', '*', 'X_4', ')', '-', 'X_0']","[np.float64(4.0723831933490935), np.float64(-5.0), np.float64(-3.4167828464840753), np.float64(5.0)]",U = G*m1*m2*(1/r2-1/r1),"['X_4', '*', 'X_0', '*', 'X_1', '*', '(', '1', '/', 'X_3', '-', '1', '/', 'X_2', ')']",5,10000,(((C+(C*X_4)/X_3)+(C*X_4)/X_2)+-1*X_0)+X_4
I.13.12,2,MC,N/A,5.621901880423036,False,X_0*C*X_2+(C/(X_1/X_1*X_1/X_1*C/X_3))/C*X_0-X_1,"['X_0', '*', 'C', '*', 'X_2', '+', '(', 'C', '/', '(', 'X_1', '/', 'X_1', '*', 'X_1', '/', 'X_1', '*', 'C', '/', 'X_3', ')', ')', '/', 'C', '*', 'X_0', '-', 'X_1']","[np.float64(1.5226517945197477), np.float64(-4.983593383144637), np.float64(-1.3782742710180114), np.float64(-2.8774161855389067)]",U = G*m1*m2*(1/r2-1/r1),"['X_4', '*', 'X_0', '*', 'X_1', '*', '(', '1', '/', 'X_3', '-', '1', '/', 'X_2', ')']",5,10000,((C*X_0)*X_2+(C*X_0)*X_3)+-1*X_1
I.13.4,0,GRAMS-PUCT,BIC,8.082939196049471,False,(C+X_2)-X_2-X_2/X_3/sin(C/X_3)+C-X_2+sqrt((X_1+C)*(X_0))*X_0*X_3*cos((C/X_2/C*X_1/X_3/X_0))/C,"['(', 'C', '+', 'X_2', ')', '-', 'X_2', '-', 'X_2', '/', 'X_3', '/', 'sin', '(', 'C', '/', 'X_3', ')', '+', 'C', '-', 'X_2', '+', 'sqrt', '(', '(', 'X_1', '+', 'C', ')', '*', '(', 'X_0', ')', ')', '*', 'X_0', '*', 'X_3', '*', 'cos', '(', '(', 'C', '/', 'X_2', '/', 'C', '*', 'X_1', '/', 'X_3', '/', 'X_0', ')', ')', '/', 'C']","[np.float64(-5.0), np.float64(-0.1010932501340848), np.float64(-5.0), np.float64(-0.5445799316839358), np.float64(0.0024986436196335997), np.float64(-2.8380001560014434), np.float64(0.8346907533290193)]",K = 1/2*m*(v**2+u**2+w**2),"['0.5', '*', 'X_0', '*', '(', 'X_1', '^2', '+', 'X_2', '^2', '+', 'X_3', '^2', ')']",4,10000,(((((C*X_0)*X_3)*(C*X_0+X_0*X_1)^0.5)*cos((C*X_1)/((X_0*X_2)*X_3))+C)+-1*X_2)+-1*(X_2/(X_3*sin(C/X_3)))
I.13.4,1,GRAMS-PUCT,BIC,8.859159099237619,False,((C*(X_0-C)+X_2/X_3/X_2+X_3-((X_0*X_1)*C-exp(C+X_2))*X_3)),"['(', '(', 'C', '*', '(', 'X_0', '-', 'C', ')', '+', 'X_2', '/', 'X_3', '/', 'X_2', '+', 'X_3', '-', '(', '(', 'X_0', '*', 'X_1', ')', '*', 'C', '-', 'exp', '(', 'C', '+', 'X_2', ')', ')', '*', 'X_3', ')', ')']","[np.float64(5.0), np.float64(0.7160222859151932), np.float64(-0.8874410849231212), np.float64(-2.637950448404666)]",K = 1/2*m*(v**2+u**2+w**2),"['0.5', '*', 'X_0', '*', '(', 'X_1', '^2', '+', 'X_2', '^2', '+', 'X_3', '^2', ')']",4,10000,((((((C*X_0)*X_1)*X_3+C*X_0)+(C*X_3)*exp(X_2))+C)+X_3)+1/X_3
I.13.4,2,GRAMS-PUCT,BIC,11.816811429130652,False,(C*(X_0)*(X_3/C+C*X_2)),"['(', 'C', '*', '(', 'X_0', ')', '*', '(', 'X_3', '/', 'C', '+', 'C', '*', 'X_2', ')', ')']","[np.float64(-4.306544878278248), np.float64(-1.6319202008089946), np.float64(-0.605521166952423)]",K = 1/2*m*(v**2+u**2+w**2),"['0.5', '*', 'X_0', '*', '(', 'X_1', '^2', '+', 'X_2', '^2', '+', 'X_3', '^2', ')']",4,10000,(C*X_0)*X_2+(C*X_0)*X_3
I.13.4,0,GRAMS-PUCT,RMSE,6.47335715200953,False,((C)*(X_0-C+X_0*X_3-C*X_2*(X_1)*X_0+sin((X_3)+X_1-C-C/X_3*C*sqrt(X_3*X_0)*C))),"['(', '(', 'C', ')', '*', '(', 'X_0', '-', 'C', '+', 'X_0', '*', 'X_3', '-', 'C', '*', 'X_2', '*', '(', 'X_1', ')', '*', 'X_0', '+', 'sin', '(', '(', 'X_3', ')', '+', 'X_1', '-', 'C', '-', 'C', '/', 'X_3', '*', 'C', '*', 'sqrt', '(', 'X_3', '*', 'X_0', ')', '*', 'C', ')', ')', ')']","[np.float64(2.350390764429085), np.float64(2.083301840817244), np.float64(-0.3659005973930254), np.float64(-1.737814382026885), np.float64(1.765408517129483), np.float64(3.842695708247765), np.float64(3.928685198096256)]",K = 1/2*m*(v**2+u**2+w**2),"['0.5', '*', 'X_0', '*', '(', 'X_1', '^2', '+', 'X_2', '^2', '+', 'X_3', '^2', ')']",4,10000,(((((C*X_0)*X_1)*X_2+(C*X_0)*X_3)+C*X_0)+C*sin(((C+(C*(X_0*X_3)^0.5)/X_3)+-1*X_1)+-1*X_3))+C
I.13.4,1,GRAMS-PUCT,RMSE,8.131113521365828,False,C/C*X_1*((C)+C/X_0/X_1)+(X_2*X_3)*X_0,"['C', '/', 'C', '*', 'X_1', '*', '(', '(', 'C', ')', '+', 'C', '/', 'X_0', '/', 'X_1', ')', '+', '(', 'X_2', '*', 'X_3', ')', '*', 'X_0']","[np.float64(0.5192689539478638), np.float64(0.06658942161239767), np.float64(1.4164108672380726), np.float64(-5.0)]",K = 1/2*m*(v**2+u**2+w**2),"['0.5', '*', 'X_0', '*', '(', 'X_1', '^2', '+', 'X_2', '^2', '+', 'X_3', '^2', ')']",4,10000,(C*X_1+C/X_0)+(X_0*X_2)*X_3
I.13.4,2,GRAMS-PUCT,RMSE,6.771250186080523,False,(((X_1+X_1/X_3)/C*X_2+(X_3-C*X_2)*(sin(C)-X_0-C*X_0/C)*X_2*X_0)-C-X_0*X_1*X_0-C)/C,"['(', '(', '(', 'X_1', '+', 'X_1', '/', 'X_3', ')', '/', 'C', '*', 'X_2', '+', '(', 'X_3', '-', 'C', '*', 'X_2', ')', '*', '(', 'sin', '(', 'C', ')', '-', 'X_0', '-', 'C', '*', 'X_0', '/', 'C', ')', '*', 'X_2', '*', 'X_0', ')', '-', 'C', '-', 'X_0', '*', 'X_1', '*', 'X_0', '-', 'C', ')', '/', 'C']","[np.float64(-0.5927913755591911), np.float64(0.10745375124877471), np.float64(-1.5707339730040506), np.float64(-3.7859150115242772), np.float64(4.7855500803091875), np.float64(4.9731852564943155), np.float64(3.1266469118326543), np.float64(-2.174293007123158)]",K = 1/2*m*(v**2+u**2+w**2),"['0.5', '*', 'X_0', '*', '(', 'X_1', '^2', '+', 'X_2', '^2', '+', 'X_3', '^2', ')']",4,10000,(((((((C*X_0^2)*X_1+((2*C)*X_0^2)*X_2^2)+(((2*C)*X_0^2)*X_2)*X_3)+(C*X_0)*X_2^2)+((C*X_0)*X_2)*X_3)+(C*X_1)*X_2)+((C*X_1)*X_2)/X_3)+C
I.13.4,0,GRAMS-UCT,BIC,5.698965407586691,False,X_1*C*X_2*X_0/C+X_1*X_0*C/X_1*X_3*C+X_1/(C*C),"['X_1', '*', 'C', '*', 'X_2', '*', 'X_0', '/', 'C', '+', 'X_1', '*', 'X_0', '*', 'C', '/', 'X_1', '*', 'X_3', '*', 'C', '+', 'X_1', '/', '(', 'C', '*', 'C', ')']","[np.float64(3.3254406418206344), np.float64(3.767688469436536), np.float64(-2.1492543882763235), np.float64(-1.2340710478470338), np.float64(-1.7436517904742428), np.float64(2.3418276459545635)]",K = 1/2*m*(v**2+u**2+w**2),"['0.5', '*', 'X_0', '*', '(', 'X_1', '^2', '+', 'X_2', '^2', '+', 'X_3', '^2', ')']",4,10000,(((C*X_0)*X_1)*X_2+(C*X_0)*X_3)+C*X_1
I.13.4,1,GRAMS-UCT,BIC,5.975775740989733,False,X_0*((X_3)*X_2-X_0-C*X_1)/C-X_1-C-C+C+C,"['X_0', '*', '(', '(', 'X_3', ')', '*', 'X_2', '-', 'X_0', '-', 'C', '*', 'X_1', ')', '/', 'C', '-', 'X_1', '-', 'C', '-', 'C', '+', 'C', '+', 'C']","[np.float64(-3.9216758398893226), np.float64(1.0516597415615758), np.float64(-1.6725929918161917), np.float64(-0.9527259908017067), np.float64(1.6725933124435255), np.float64(-4.1894640244709525)]",K = 1/2*m*(v**2+u**2+w**2),"['0.5', '*', 'X_0', '*', '(', 'X_1', '^2', '+', 'X_2', '^2', '+', 'X_3', '^2', ')']",4,10000,(((C*X_0^2+(C*X_0)*X_1)+((C*X_0)*X_2)*X_3)+C)+-1*X_1
I.13.4,2,GRAMS-UCT,BIC,6.44626855159983,False,X_1/C*C*X_0/C+X_0+X_0*X_3*X_2-X_2*C,"['X_1', '/', 'C', '*', 'C', '*', 'X_0', '/', 'C', '+', 'X_0', '+', 'X_0', '*', 'X_3', '*', 'X_2', '-', 'X_2', '*', 'C']","[np.float64(-0.8141669322133486), np.float64(3.2977017118563), np.float64(-1.7739069851380198), np.float64(1.1630191021433975)]",K = 1/2*m*(v**2+u**2+w**2),"['0.5', '*', 'X_0', '*', '(', 'X_1', '^2', '+', 'X_2', '^2', '+', 'X_3', '^2', ')']",4,10000,(((C*X_0)*X_1+C*X_2)+(X_0*X_2)*X_3)+X_0
I.13.4,0,GRAMS-UCT,RMSE,4.501318082691152,False,X_2*C/C/X_2/X_2*C+(X_1+X_3-X_3*C)*exp(X_2*C)*X_0*C-X_3-X_3/X_3*X_0,"['X_2', '*', 'C', '/', 'C', '/', 'X_2', '/', 'X_2', '*', 'C', '+', '(', 'X_1', '+', 'X_3', '-', 'X_3', '*', 'C', ')', '*', 'exp', '(', 'X_2', '*', 'C', ')', '*', 'X_0', '*', 'C', '-', 'X_3', '-', 'X_3', '/', 'X_3', '*', 'X_0']","[np.float64(-2.580331219059184), np.float64(-4.958039408038119), np.float64(0.06661939332074458), np.float64(-0.1058046120816713), np.float64(0.16293744068998647), np.float64(1.6672638555434482)]",K = 1/2*m*(v**2+u**2+w**2),"['0.5', '*', 'X_0', '*', '(', 'X_1', '^2', '+', 'X_2', '^2', '+', 'X_3', '^2', ')']",4,10000,(((((C*X_0)*X_1)*exp(C*X_2)+(((2*C)*X_0)*X_3)*exp(C*X_2))+C/X_2)+-1*X_0)+-1*X_3
I.13.4,1,GRAMS-UCT,RMSE,7.0175036486528715,False,((X_1/C/C-C/X_0/X_2*X_3-C+(C+X_3/X_2)/C+X_2+X_1))*C*X_0+X_2+X_3-X_1,"['(', '(', 'X_1', '/', 'C', '/', 'C', '-', 'C', '/', 'X_0', '/', 'X_2', '*', 'X_3', '-', 'C', '+', '(', 'C', '+', 'X_3', '/', 'X_2', ')', '/', 'C', '+', 'X_2', '+', 'X_1', ')', ')', '*', 'C', '*', 'X_0', '+', 'X_2', '+', 'X_3', '-', 'X_1']","[np.float64(-5.0), np.float64(-5.0), np.float64(0.4837375638204267), np.float64(0.44035439054047676), np.float64(-2.674188365846729), np.float64(0.8888720214328263), np.float64(3.7895281770496503)]",K = 1/2*m*(v**2+u**2+w**2),"['0.5', '*', 'X_0', '*', '(', 'X_1', '^2', '+', 'X_2', '^2', '+', 'X_3', '^2', ')']",4,10000,((((((((2*C)*X_0)*X_1+(C*X_0)*X_2)+(2*C)*X_0)+((C*X_0)*X_3)/X_2)+(C*X_3)/X_2)+-1*X_1)+X_2)+X_3
I.13.4,2,GRAMS-UCT,RMSE,10.074474936970343,False,X_2*C*C*X_1+C-C+C-X_2+sin(C*C)+X_0*X_0*X_3,"['X_2', '*', 'C', '*', 'C', '*', 'X_1', '+', 'C', '-', 'C', '+', 'C', '-', 'X_2', '+', 'sin', '(', 'C', '*', 'C', ')', '+', 'X_0', '*', 'X_0', '*', 'X_3']","[np.float64(1.6504373118987021), np.float64(1.7812889139975048), np.float64(-1.7703507605672373), np.float64(4.097068950942311), np.float64(-1.8988187697521715), np.float64(-0.05286142140000208), np.float64(2.604327337364651)]",K = 1/2*m*(v**2+u**2+w**2),"['0.5', '*', 'X_0', '*', '(', 'X_1', '^2', '+', 'X_2', '^2', '+', 'X_3', '^2', ')']",4,10000,(((C*X_1)*X_2+C)+X_0^2*X_3)+-1*X_2
I.13.4,0,MC,N/A,9.765439213603909,False,(X_0*C/C*X_0/((C)/X_3*X_0*C-X_2/X_2)-X_1*C/C*X_2),"['(', 'X_0', '*', 'C', '/', 'C', '*', 'X_0', '/', '(', '(', 'C', ')', '/', 'X_3', '*', 'X_0', '*', 'C', '-', 'X_2', '/', 'X_2', ')', '-', 'X_1', '*', 'C', '/', 'C', '*', 'X_2', ')']","[np.float64(-5.0), np.float64(0.5039247957601442), np.float64(0.41647500921429226), np.float64(-4.722984033230848), np.float64(0.6017837230441446), np.float64(-0.28599513168624024)]",K = 1/2*m*(v**2+u**2+w**2),"['0.5', '*', 'X_0', '*', '(', 'X_1', '^2', '+', 'X_2', '^2', '+', 'X_3', '^2', ')']",4,10000,(C*X_0^2)/((C*X_0)/X_3-1)+(C*X_1)*X_2
I.13.4,1,MC,N/A,7.544483109039946,False,(C)*(C*X_3+X_2*X_0)*(X_2/(X_0)-(X_1-C)*C+C+X_1/X_3)*C*C*C,"['(', 'C', ')', '*', '(', 'C', '*', 'X_3', '+', 'X_2', '*', 'X_0', ')', '*', '(', 'X_2', '/', '(', 'X_0', ')', '-', '(', 'X_1', '-', 'C', ')', '*', 'C', '+', 'C', '+', 'X_1', '/', 'X_3', ')', '*', 'C', '*', 'C', '*', 'C']","[np.float64(-1.9795458210465064), np.float64(1.315278232504541), np.float64(-0.3292508718342967), np.float64(1.5404729733475633), np.float64(-3.6836224621430618), np.float64(0.5599690224773655), np.float64(0.3679743941818607), np.float64(1.374927245519178)]",K = 1/2*m*(v**2+u**2+w**2),"['0.5', '*', 'X_0', '*', '(', 'X_1', '^2', '+', 'X_2', '^2', '+', 'X_3', '^2', ')']",4,10000,((((((((C*X_0)*X_1)*X_2+(((C*X_0)*X_1)*X_2)/X_3)+((2*C)*X_0)*X_2)+(C*X_1)*X_3)+C*X_1)+C*X_2^2)+(2*C)*X_3)+((C*X_2)*X_3)/X_0
I.13.4,2,MC,N/A,9.933785850145727,False,X_0*X_2*X_3/C*X_0+C*sin(C-C)+C*X_1,"['X_0', '*', 'X_2', '*', 'X_3', '/', 'C', '*', 'X_0', '+', 'C', '*', 'sin', '(', 'C', '-', 'C', ')', '+', 'C', '*', 'X_1']","[np.float64(3.691274502228497), np.float64(5.0), np.float64(-0.9609345733468725), np.float64(3.7509731087756513), np.float64(5.0)]",K = 1/2*m*(v**2+u**2+w**2),"['0.5', '*', 'X_0', '*', '(', 'X_1', '^2', '+', 'X_2', '^2', '+', 'X_3', '^2', ')']",4,10000,(((C*X_0^2)*X_2)*X_3+C*X_1)+C
I.14.3,0,GRAMS-PUCT,BIC,3.207881412107235e-15,True,(X_2*X_0*X_1),"['(', 'X_2', '*', 'X_0', '*', 'X_1', ')']",[],U = m*g*z,"['X_0', '*', 'X_1', '*', 'X_2']",3,351,(X_0*X_1)*X_2
I.14.3,1,GRAMS-PUCT,BIC,0.0,True,X_1*X_0*X_2,"['X_1', '*', 'X_0', '*', 'X_2']",[],U = m*g*z,"['X_0', '*', 'X_1', '*', 'X_2']",3,532,(X_0*X_1)*X_2
I.14.3,2,GRAMS-PUCT,BIC,3.9998192590798443e-13,True,(X_1/C*X_2/cos(cos(X_1*(C/X_1)))*X_0*C)*C/C*C,"['(', 'X_1', '/', 'C', '*', 'X_2', '/', 'cos', '(', 'cos', '(', 'X_1', '*', '(', 'C', '/', 'X_1', ')', ')', ')', '*', 'X_0', '*', 'C', ')', '*', 'C', '/', 'C', '*', 'C']","[np.float64(-4.999914368870739), np.float64(4.7452167786283255), np.float64(2.4284601999725073), np.float64(4.98818137472773), np.float64(-4.815287803187626), np.float64(1.9864499145600383)]",U = m*g*z,"['X_0', '*', 'X_1', '*', 'X_2']",3,1249,((C*X_0)*X_1)*X_2
I.14.3,0,GRAMS-PUCT,RMSE,3.1407642280483232e-15,True,X_1*X_2*X_0,"['X_1', '*', 'X_2', '*', 'X_0']",[],U = m*g*z,"['X_0', '*', 'X_1', '*', 'X_2']",3,529,(X_0*X_1)*X_2
I.14.3,1,GRAMS-PUCT,RMSE,0.0,True,X_2*(X_1*X_0),"['X_2', '*', '(', 'X_1', '*', 'X_0', ')']",[],U = m*g*z,"['X_0', '*', 'X_1', '*', 'X_2']",3,935,(X_0*X_1)*X_2
I.14.3,2,GRAMS-PUCT,RMSE,3.1407642280483232e-15,True,(X_2*X_1*X_0),"['(', 'X_2', '*', 'X_1', '*', 'X_0', ')']",[],U = m*g*z,"['X_0', '*', 'X_1', '*', 'X_2']",3,463,(X_0*X_1)*X_2
I.14.3,0,GRAMS-UCT,BIC,3.933049956312949e-15,True,(C*X_0*X_2)*X_1/C,"['(', 'C', '*', 'X_0', '*', 'X_2', ')', '*', 'X_1', '/', 'C']","[np.float64(-5.0), np.float64(-5.0)]",U = m*g*z,"['X_0', '*', 'X_1', '*', 'X_2']",3,115,((C*X_0)*X_1)*X_2
I.14.3,1,GRAMS-UCT,BIC,6.516143839817859e-08,True,X_2*X_1/((C))*X_0,"['X_2', '*', 'X_1', '/', '(', '(', 'C', ')', ')', '*', 'X_0']",[np.float64(0.9999999980312536)],U = m*g*z,"['X_0', '*', 'X_1', '*', 'X_2']",3,316,((C*X_0)*X_1)*X_2
I.14.3,2,GRAMS-UCT,BIC,0.0,True,X_1*X_0*X_2,"['X_1', '*', 'X_0', '*', 'X_2']",[],U = m*g*z,"['X_0', '*', 'X_1', '*', 'X_2']",3,1689,(X_0*X_1)*X_2
I.14.3,0,GRAMS-UCT,RMSE,7.865464562818111e-09,True,(X_0)*X_2*X_1-C,"['(', 'X_0', ')', '*', 'X_2', '*', 'X_1', '-', 'C']",[np.float64(-7.865463868118504e-09)],U = m*g*z,"['X_0', '*', 'X_1', '*', 'X_2']",3,111,C+(X_0*X_1)*X_2
I.14.3,1,GRAMS-UCT,RMSE,0.0,True,X_0*X_1*X_2,"['X_0', '*', 'X_1', '*', 'X_2']",[],U = m*g*z,"['X_0', '*', 'X_1', '*', 'X_2']",3,236,(X_0*X_1)*X_2
I.14.3,2,GRAMS-UCT,RMSE,4.39466536949532e-08,True,X_1*X_0*X_2/C,"['X_1', '*', 'X_0', '*', 'X_2', '/', 'C']",[np.float64(0.9999999986722237)],U = m*g*z,"['X_0', '*', 'X_1', '*', 'X_2']",3,505,((C*X_0)*X_1)*X_2
I.14.3,0,MC,N/A,3.207881412107235e-15,True,X_2*X_0*(X_1),"['X_2', '*', 'X_0', '*', '(', 'X_1', ')']",[],U = m*g*z,"['X_0', '*', 'X_1', '*', 'X_2']",3,6513,(X_0*X_1)*X_2
I.14.3,1,MC,N/A,0.0,True,X_0*X_1*X_2,"['X_0', '*', 'X_1', '*', 'X_2']",[],U = m*g*z,"['X_0', '*', 'X_1', '*', 'X_2']",3,848,(X_0*X_1)*X_2
I.14.3,2,MC,N/A,3.702431161680155e-15,True,X_2*X_0*X_1/C*C,"['X_2', '*', 'X_0', '*', 'X_1', '/', 'C', '*', 'C']","[np.float64(-5.0), np.float64(-5.0)]",U = m*g*z,"['X_0', '*', 'X_1', '*', 'X_2']",3,599,((C*X_0)*X_1)*X_2
I.14.4,0,GRAMS-PUCT,BIC,6.231919890784563e-08,True,X_1*X_0*(C*C*X_1),"['X_1', '*', 'X_0', '*', '(', 'C', '*', 'C', '*', 'X_1', ')']","[np.float64(0.40652592051537373), np.float64(1.229933869437043)]",U = 1/2*k_spring*x**2,"['0.5', '*', 'X_0', '*', 'X_1', '^2']",2,1286,(C*X_0)*X_1^2
I.14.4,1,GRAMS-PUCT,BIC,7.697777091316116e-09,True,X_0*X_0/C*X_1/X_0*X_1*C,"['X_0', '*', 'X_0', '/', 'C', '*', 'X_1', '/', 'X_0', '*', 'X_1', '*', 'C']","[np.float64(2.724113672448413), np.float64(1.3620568357012814)]",U = 1/2*k_spring*x**2,"['0.5', '*', 'X_0', '*', 'X_1', '^2']",2,4419,(C*X_0)*X_1^2
I.14.4,2,GRAMS-PUCT,BIC,4.3697078888480085e-08,True,((X_0*X_1)*X_1/C),"['(', '(', 'X_0', '*', 'X_1', ')', '*', 'X_1', '/', 'C', ')']",[np.float64(1.9999999956412569)],U = 1/2*k_spring*x**2,"['0.5', '*', 'X_0', '*', 'X_1', '^2']",2,1047,(C*X_0)*X_1^2
I.14.4,0,GRAMS-PUCT,RMSE,1.902320688004329e-07,False,C*X_0/sqrt(C)*X_1*C*X_1-(C/X_0/C*C),"['C', '*', 'X_0', '/', 'sqrt', '(', 'C', ')', '*', 'X_1', '*', 'C', '*', 'X_1', '-', '(', 'C', '/', 'X_0', '/', 'C', '*', 'C', ')']","[np.float64(1.1930463028736529), np.float64(4.51604969359128), np.float64(0.8906192261764139), np.float64(3.371490858709544e-07), np.float64(-2.457420019349782), np.float64(-2.4576011386181085)]",U = 1/2*k_spring*x**2,"['0.5', '*', 'X_0', '*', 'X_1', '^2']",2,10000,(C*X_0)*X_1^2+C/X_0
I.14.4,1,GRAMS-PUCT,RMSE,1.2650801057349502e-08,True,X_0/(C*C)*X_1*X_1,"['X_0', '/', '(', 'C', '*', 'C', ')', '*', 'X_1', '*', 'X_1']","[np.float64(-0.8634099579625736), np.float64(-2.3163967276696615)]",U = 1/2*k_spring*x**2,"['0.5', '*', 'X_0', '*', 'X_1', '^2']",2,5685,(C*X_0)*X_1^2
I.14.4,2,GRAMS-PUCT,RMSE,5.102742889912858e-08,True,X_1*C*X_1*C*X_0,"['X_1', '*', 'C', '*', 'X_1', '*', 'C', '*', 'X_0']","[np.float64(-2.818364246949493), np.float64(-0.17740787118402762)]",U = 1/2*k_spring*x**2,"['0.5', '*', 'X_0', '*', 'X_1', '^2']",2,3317,(C*X_0)*X_1^2
I.14.4,0,GRAMS-UCT,BIC,1.1074760512943533e-08,True,X_0*C*X_0/C*X_1/C/X_0*X_1,"['X_0', '*', 'C', '*', 'X_0', '/', 'C', '*', 'X_1', '/', 'C', '/', 'X_0', '*', 'X_1']","[np.float64(4.999999996828393), np.float64(-3.23277467912058), np.float64(-3.0933179638902724)]",U = 1/2*k_spring*x**2,"['0.5', '*', 'X_0', '*', 'X_1', '^2']",2,268,(C*X_0)*X_1^2
I.14.4,1,GRAMS-UCT,BIC,7.768172762258524e-08,True,C*X_0*X_1*X_1*C/C,"['C', '*', 'X_0', '*', 'X_1', '*', 'X_1', '*', 'C', '/', 'C']","[np.float64(-0.8420532455418626), np.float64(-1.8498808787062362), np.float64(3.115396383490732)]",U = 1/2*k_spring*x**2,"['0.5', '*', 'X_0', '*', 'X_1', '^2']",2,78,(C*X_0)*X_1^2
I.14.4,2,GRAMS-UCT,BIC,8.222001021972573e-09,True,X_1*X_0*C/C*X_1,"['X_1', '*', 'X_0', '*', 'C', '/', 'C', '*', 'X_1']","[np.float64(2.4999995801060004), np.float64(4.999999162262343)]",U = 1/2*k_spring*x**2,"['0.5', '*', 'X_0', '*', 'X_1', '^2']",2,1379,(C*X_0)*X_1^2
I.14.4,0,GRAMS-UCT,RMSE,7.628390818681222e-09,True,C*X_1/(X_1/X_0+X_1/(X_0))*X_1*X_1/C,"['C', '*', 'X_1', '/', '(', 'X_1', '/', 'X_0', '+', 'X_1', '/', '(', 'X_0', ')', ')', '*', 'X_1', '*', 'X_1', '/', 'C']","[np.float64(3.871280570752873), np.float64(3.87128057222575)]",U = 1/2*k_spring*x**2,"['0.5', '*', 'X_0', '*', 'X_1', '^2']",2,566,(C*X_0)*X_1^2
I.14.4,1,GRAMS-UCT,RMSE,3.490179364772659e-08,True,X_0*X_1*X_1*C,"['X_0', '*', 'X_1', '*', 'X_1', '*', 'C']",[np.float64(0.4999999991296446)],U = 1/2*k_spring*x**2,"['0.5', '*', 'X_0', '*', 'X_1', '^2']",2,616,(C*X_0)*X_1^2
I.14.4,2,GRAMS-UCT,RMSE,1.1260147864741339e-08,True,X_1/C*X_0*X_1,"['X_1', '/', 'C', '*', 'X_0', '*', 'X_1']",[np.float64(1.9999999988768107)],U = 1/2*k_spring*x**2,"['0.5', '*', 'X_0', '*', 'X_1', '^2']",2,248,(C*X_0)*X_1^2
I.14.4,0,MC,N/A,9.072788728518849e-08,True,X_1*X_0*X_1*C,"['X_1', '*', 'X_0', '*', 'X_1', '*', 'C']",[np.float64(0.4999999977374943)],U = 1/2*k_spring*x**2,"['0.5', '*', 'X_0', '*', 'X_1', '^2']",2,1276,(C*X_0)*X_1^2
I.14.4,1,MC,N/A,6.727764093237722e-09,True,X_1*C/(C)*X_0*X_1,"['X_1', '*', 'C', '/', '(', 'C', ')', '*', 'X_0', '*', 'X_1']","[np.float64(-2.495389672936691), np.float64(-4.990779344198756)]",U = 1/2*k_spring*x**2,"['0.5', '*', 'X_0', '*', 'X_1', '^2']",2,78,(C*X_0)*X_1^2
I.14.4,2,MC,N/A,1.42975723254695e-09,True,X_1*X_0*X_1/C*C,"['X_1', '*', 'X_0', '*', 'X_1', '/', 'C', '*', 'C']","[np.float64(-4.99999940510608), np.float64(-2.4999997027313112)]",U = 1/2*k_spring*x**2,"['0.5', '*', 'X_0', '*', 'X_1', '^2']",2,599,(C*X_0)*X_1^2
I.15.10,0,GRAMS-PUCT,BIC,0.15265849977095944,False,(X_1*X_0+C*X_0/cos((C))*X_2)*C,"['(', 'X_1', '*', 'X_0', '+', 'C', '*', 'X_0', '/', 'cos', '(', '(', 'C', ')', ')', '*', 'X_2', ')', '*', 'C']","[np.float64(0.019460352965617777), np.float64(-3.546175024879169), np.float64(1.1520015499059775)]",p = m_0*v/sqrt(1-v**2/c**2),"['X_0', '*', 'X_1', '/', 'sqrt', '(', '1', '-', 'X_1', '^2', '/', 'X_2', '^2', ')']",3,10000,(C*X_0)*X_1+(C*X_0)*X_2
I.15.10,1,GRAMS-PUCT,BIC,0.10999454307630933,False,X_0/X_2*C*X_1/C-C/X_1/C/X_1+X_1/C/C*X_0,"['X_0', '/', 'X_2', '*', 'C', '*', 'X_1', '/', 'C', '-', 'C', '/', 'X_1', '/', 'C', '/', 'X_1', '+', 'X_1', '/', 'C', '/', 'C', '*', 'X_0']","[np.float64(2.8858028593541882), np.float64(4.299927021170906), np.float64(-0.9648626775557463), np.float64(-4.999258526879699), np.float64(-0.3126605689819741), np.float64(-3.3606894326801386)]",p = m_0*v/sqrt(1-v**2/c**2),"['X_0', '*', 'X_1', '/', 'sqrt', '(', '1', '-', 'X_1', '^2', '/', 'X_2', '^2', ')']",3,10000,((C*X_0)*X_1+((C*X_0)*X_1)/X_2)+C/X_1^2
I.15.10,2,GRAMS-PUCT,BIC,0.17056172249876414,False,(((C/C+X_0-C/X_2*C)*X_1)),"['(', '(', '(', 'C', '/', 'C', '+', 'X_0', '-', 'C', '/', 'X_2', '*', 'C', ')', '*', 'X_1', ')', ')']","[np.float64(0.9627296167023323), np.float64(-4.981235633867132), np.float64(2.2396164375571517), np.float64(-0.897563003463152)]",p = m_0*v/sqrt(1-v**2/c**2),"['X_0', '*', 'X_1', '/', 'sqrt', '(', '1', '-', 'X_1', '^2', '/', 'X_2', '^2', ')']",3,10000,(C*X_1+(C*X_1)/X_2)+X_0*X_1
I.15.10,0,GRAMS-PUCT,RMSE,0.12033770360451453,False,X_1*((C/(X_2)+X_2/(X_0*(X_0+C))/(X_2/X_0)/C*C)+C*(((X_0)/(X_1)*C)-X_0)),"['X_1', '*', '(', '(', 'C', '/', '(', 'X_2', ')', '+', 'X_2', '/', '(', 'X_0', '*', '(', 'X_0', '+', 'C', ')', ')', '/', '(', 'X_2', '/', 'X_0', ')', '/', 'C', '*', 'C', ')', '+', 'C', '*', '(', '(', '(', 'X_0', ')', '/', '(', 'X_1', ')', '*', 'C', ')', '-', 'X_0', ')', ')']","[np.float64(2.0330107841483955), np.float64(5.0), np.float64(-1.8215822930427354), np.float64(3.591929200771946), np.float64(-1.1060346910323031), np.float64(0.12423677655130157)]",p = m_0*v/sqrt(1-v**2/c**2),"['X_0', '*', 'X_1', '/', 'sqrt', '(', '1', '-', 'X_1', '^2', '/', 'X_2', '^2', ')']",3,10000,(((C*X_0)*X_1+C*X_0)+(C*X_1)/(C+X_0))+(C*X_1)/X_2
I.15.10,1,GRAMS-PUCT,RMSE,0.13825523208470686,False,C*X_0+C-C/X_2/X_2*C-X_0*X_1*C-C-C,"['C', '*', 'X_0', '+', 'C', '-', 'C', '/', 'X_2', '/', 'X_2', '*', 'C', '-', 'X_0', '*', 'X_1', '*', 'C', '-', 'C', '-', 'C']","[np.float64(-0.13640840872356674), np.float64(-0.29232393882533153), np.float64(-2.025560835173108), np.float64(3.5653598463429894), np.float64(-1.1376779493537488), np.float64(2.3634762432752052), np.float64(-2.4151355797324316)]",p = m_0*v/sqrt(1-v**2/c**2),"['X_0', '*', 'X_1', '/', 'sqrt', '(', '1', '-', 'X_1', '^2', '/', 'X_2', '^2', ')']",3,10000,(((C*X_0)*X_1+C*X_0)+C)+C/X_2^2
I.15.10,2,GRAMS-PUCT,RMSE,0.11268572682284811,False,(X_0*C)+X_1*(((C)/X_1-X_0+C*C/X_2/exp(X_2*C-C/C))/C),"['(', 'X_0', '*', 'C', ')', '+', 'X_1', '*', '(', '(', '(', 'C', ')', '/', 'X_1', '-', 'X_0', '+', 'C', '*', 'C', '/', 'X_2', '/', 'exp', '(', 'X_2', '*', 'C', '-', 'C', '/', 'C', ')', ')', '/', 'C', ')']","[np.float64(-0.08991206652594577), np.float64(0.14608239776056042), np.float64(2.601493181304489), np.float64(-2.4300279445671205), np.float64(0.4499228252294475), np.float64(-0.4718945774463133), np.float64(3.874277119103404), np.float64(-0.9037923199107315)]",p = m_0*v/sqrt(1-v**2/c**2),"['X_0', '*', 'X_1', '/', 'sqrt', '(', '1', '-', 'X_1', '^2', '/', 'X_2', '^2', ')']",3,10000,(((C*X_0)*X_1+C*X_0)+((C*X_1)*exp(C*X_2))/X_2)+C
I.15.10,0,GRAMS-UCT,BIC,0.12461929330721276,False,X_1/X_1*(C*X_0)*X_1/C+C*C*X_1*((C/X_2/C+X_0))-C+C,"['X_1', '/', 'X_1', '*', '(', 'C', '*', 'X_0', ')', '*', 'X_1', '/', 'C', '+', 'C', '*', 'C', '*', 'X_1', '*', '(', '(', 'C', '/', 'X_2', '/', 'C', '+', 'X_0', ')', ')', '-', 'C', '+', 'C']","[np.float64(1.957577150098619), np.float64(-4.059278066685355), np.float64(2.112984551141684), np.float64(0.7229655008727993), np.float64(-3.860343318864428), np.float64(-3.0131337233860185), np.float64(-1.440203434138497), np.float64(-1.9377266085026228)]",p = m_0*v/sqrt(1-v**2/c**2),"['X_0', '*', 'X_1', '/', 'sqrt', '(', '1', '-', 'X_1', '^2', '/', 'X_2', '^2', ')']",3,10000,(((2*C)*X_0)*X_1+(C*X_1)/X_2)+C
I.15.10,1,GRAMS-UCT,BIC,0.13043289681844913,False,C*X_1*C*(X_2+C)/X_2*X_0*C+(C+C/X_2/(X_1))/X_0/C,"['C', '*', 'X_1', '*', 'C', '*', '(', 'X_2', '+', 'C', ')', '/', 'X_2', '*', 'X_0', '*', 'C', '+', '(', 'C', '+', 'C', '/', 'X_2', '/', '(', 'X_1', ')', ')', '/', 'X_0', '/', 'C']","[np.float64(0.8780368334376671), np.float64(-2.99106934583781), np.float64(0.6855078366871707), np.float64(-0.3590491071487324), np.float64(-0.5732662509601839), np.float64(2.526751730837263), np.float64(5.0)]",p = m_0*v/sqrt(1-v**2/c**2),"['X_0', '*', 'X_1', '/', 'sqrt', '(', '1', '-', 'X_1', '^2', '/', 'X_2', '^2', ')']",3,10000,(((C*X_0)*X_1+((C*X_0)*X_1)/X_2)+C/((X_0*X_1)*X_2))+C/X_0
I.15.10,2,GRAMS-UCT,BIC,0.1155061950080978,False,C*C*X_2+C-(X_0+C*sin(X_1/X_2-C)*X_0*C/C)/C*X_2,"['C', '*', 'C', '*', 'X_2', '+', 'C', '-', '(', 'X_0', '+', 'C', '*', 'sin', '(', 'X_1', '/', 'X_2', '-', 'C', ')', '*', 'X_0', '*', 'C', '/', 'C', ')', '/', 'C', '*', 'X_2']","[np.float64(-0.0968886552758019), np.float64(0.06820382445149924), np.float64(0.06903086516114318), np.float64(0.19278232558263314), np.float64(-2.5269514174251277), np.float64(-0.37059233208248105), np.float64(0.04079692339155702), np.float64(-1.4426398035343249)]",p = m_0*v/sqrt(1-v**2/c**2),"['X_0', '*', 'X_1', '/', 'sqrt', '(', '1', '-', 'X_1', '^2', '/', 'X_2', '^2', ')']",3,10000,((((C*X_0)*X_2)*sin(C-X_1/X_2)+(C*X_0)*X_2)+C*X_2)+C
I.15.10,0,GRAMS-UCT,RMSE,0.09709909756797344,False,C*X_1/C/(X_2)+C/X_0-X_0/C*(X_1)/X_2+(X_0)/C*X_1*(C+X_1*X_1-X_1/C)/cos((C)/X_1),"['C', '*', 'X_1', '/', 'C', '/', '(', 'X_2', ')', '+', 'C', '/', 'X_0', '-', 'X_0', '/', 'C', '*', '(', 'X_1', ')', '/', 'X_2', '+', '(', 'X_0', ')', '/', 'C', '*', 'X_1', '*', '(', 'C', '+', 'X_1', '*', 'X_1', '-', 'X_1', '/', 'C', ')', '/', 'cos', '(', '(', 'C', ')', '/', 'X_1', ')']","[np.float64(2.062850490426089), np.float64(-4.7169960539362785), np.float64(0.121859051662453), np.float64(-1.2458008805283582), np.float64(-4.989726466142843), np.float64(0.6769000595518397), np.float64(0.22399294508275192), np.float64(0.9072802228036195)]",p = m_0*v/sqrt(1-v**2/c**2),"['X_0', '*', 'X_1', '/', 'sqrt', '(', '1', '-', 'X_1', '^2', '/', 'X_2', '^2', ')']",3,10000,((((((C*X_0)*X_1^3)/cos(C/X_1)+((C*X_0)*X_1^2)/cos(C/X_1))+((C*X_0)*X_1)/cos(C/X_1))+((C*X_0)*X_1)/X_2)+(C*X_1)/X_2)+C/X_0
I.15.10,1,GRAMS-UCT,RMSE,0.14298053879164804,False,C*X_0-X_0*X_1*C+C/C+C/X_2+C-C,"['C', '*', 'X_0', '-', 'X_0', '*', 'X_1', '*', 'C', '+', 'C', '/', 'C', '+', 'C', '/', 'X_2', '+', 'C', '-', 'C']","[np.float64(-0.13646750224759113), np.float64(-1.1379003133927421), np.float64(-0.5897481828672777), np.float64(2.8594144465793847), np.float64(2.8429187175883497), np.float64(1.9389468402083918), np.float64(2.2222319681634235)]",p = m_0*v/sqrt(1-v**2/c**2),"['X_0', '*', 'X_1', '/', 'sqrt', '(', '1', '-', 'X_1', '^2', '/', 'X_2', '^2', ')']",3,10000,(((C*X_0)*X_1+C*X_0)+C)+C/X_2
I.15.10,2,GRAMS-UCT,RMSE,0.10088347035544809,False,X_0/C/C/((X_2-C*X_1))+X_0*X_1,"['X_0', '/', 'C', '/', 'C', '/', '(', '(', 'X_2', '-', 'C', '*', 'X_1', ')', ')', '+', 'X_0', '*', 'X_1']","[np.float64(-1.544361997248736), np.float64(-2.7244773337175374), np.float64(1.383863450147828)]",p = m_0*v/sqrt(1-v**2/c**2),"['X_0', '*', 'X_1', '/', 'sqrt', '(', '1', '-', 'X_1', '^2', '/', 'X_2', '^2', ')']",3,10000,(C*X_0)/(C*X_1+X_2)+X_0*X_1
I.15.10,0,MC,N/A,0.11655986242162683,False,X_0/(sin(C/X_2-C*X_1)/sqrt(X_2/X_0)-C*C)*X_1,"['X_0', '/', '(', 'sin', '(', 'C', '/', 'X_2', '-', 'C', '*', 'X_1', ')', '/', 'sqrt', '(', 'X_2', '/', 'X_0', ')', '-', 'C', '*', 'C', ')', '*', 'X_1']","[np.float64(-0.29146642047953586), np.float64(0.047275128704481285), np.float64(4.975850145058887), np.float64(-0.2119772777766912)]",p = m_0*v/sqrt(1-v**2/c**2),"['X_0', '*', 'X_1', '/', 'sqrt', '(', '1', '-', 'X_1', '^2', '/', 'X_2', '^2', ')']",3,10000,(X_0*X_1)/(C+sin(C*X_1+C/X_2)/(X_2/X_0)^0.5)
I.15.10,1,MC,N/A,0.06622486838616438,False,C/(((X_2-C*exp(X_1/sin(C)))/X_1))*(X_0*X_2),"['C', '/', '(', '(', '(', 'X_2', '-', 'C', '*', 'exp', '(', 'X_1', '/', 'sin', '(', 'C', ')', ')', ')', '/', 'X_1', ')', ')', '*', '(', 'X_0', '*', 'X_2', ')']","[np.float64(0.9561678506267728), np.float64(0.0987484838238354), np.float64(1.5693782024693337)]",p = m_0*v/sqrt(1-v**2/c**2),"['X_0', '*', 'X_1', '/', 'sqrt', '(', '1', '-', 'X_1', '^2', '/', 'X_2', '^2', ')']",3,10000,(((C*X_0)*X_1)*X_2)/(C*exp(C*X_1)+X_2)
I.15.10,2,MC,N/A,0.17914074691033,False,X_2/C*C*C+C-C-(X_1)*X_0/C,"['X_2', '/', 'C', '*', 'C', '*', 'C', '+', 'C', '-', 'C', '-', '(', 'X_1', ')', '*', 'X_0', '/', 'C']","[np.float64(-5.0), np.float64(-3.9765486840150466), np.float64(-0.09587162369393469), np.float64(0.46011496782285943), np.float64(0.059179363681383684), np.float64(-0.9362814615622498)]",p = m_0*v/sqrt(1-v**2/c**2),"['X_0', '*', 'X_1', '/', 'sqrt', '(', '1', '-', 'X_1', '^2', '/', 'X_2', '^2', ')']",3,10000,((C*X_0)*X_1+C*X_2)+C
I.15.3t,0,GRAMS-PUCT,BIC,0.0777012054681675,False,((C/(C+X_1*C/X_0-X_2)+X_3)/C/C-C*C),"['(', '(', 'C', '/', '(', 'C', '+', 'X_1', '*', 'C', '/', 'X_0', '-', 'X_2', ')', '+', 'X_3', ')', '/', 'C', '/', 'C', '-', 'C', '*', 'C', ')']","[np.float64(-1.4701183382136092), np.float64(3.468456316484097), np.float64(3.9000175995536757), np.float64(2.015042683296315), np.float64(0.47536217982439716), np.float64(-0.008978163839678744), np.float64(-0.8750048408388563)]",t1 = (t-u*x/c^2)/sqrt(1-u^2/c^2),"['(', 'X_3', '-', 'X_2', '*', 'X_0', '/', 'X_1', '^2', ')', '/', 'sqrt', '(', '1', '-', 'X_2', '^2', '/', 'X_1', '^2', ')']",4,10000,(C*X_3+C)+C/((C+(C*X_1)/X_0)+-1*X_2)
I.15.3t,1,GRAMS-PUCT,BIC,0.07650363760350512,False,(C+C/C*X_2+cos(C)+C/X_3/X_1*X_0*X_1)*X_3+C+X_0-X_0,"['(', 'C', '+', 'C', '/', 'C', '*', 'X_2', '+', 'cos', '(', 'C', ')', '+', 'C', '/', 'X_3', '/', 'X_1', '*', 'X_0', '*', 'X_1', ')', '*', 'X_3', '+', 'C', '+', 'X_0', '-', 'X_0']","[np.float64(0.01004664452050356), np.float64(0.04455018781176747), np.float64(1.7182603806537171), np.float64(0.09794136522843236), np.float64(-0.05377911372846768), np.float64(-0.0017468772809234613)]",t1 = (t-u*x/c^2)/sqrt(1-u^2/c^2),"['(', 'X_3', '-', 'X_2', '*', 'X_0', '/', 'X_1', '^2', ')', '/', 'sqrt', '(', '1', '-', 'X_2', '^2', '/', 'X_1', '^2', ')']",4,10000,((C*X_0+(C*X_2)*X_3)+C*X_3)+C
I.15.3t,2,GRAMS-PUCT,BIC,0.07951666685562007,False,C*X_0-X_3*C-C*X_2,"['C', '*', 'X_0', '-', 'X_3', '*', 'C', '-', 'C', '*', 'X_2']","[np.float64(-0.058978628999058445), np.float64(-1.0392173289734628), np.float64(-0.0206511832658443)]",t1 = (t-u*x/c^2)/sqrt(1-u^2/c^2),"['(', 'X_3', '-', 'X_2', '*', 'X_0', '/', 'X_1', '^2', ')', '/', 'sqrt', '(', '1', '-', 'X_2', '^2', '/', 'X_1', '^2', ')']",4,10000,(C*X_0+C*X_2)+C*X_3
I.15.3t,0,GRAMS-PUCT,RMSE,0.06919299648632697,False,(X_3/C/C+C+(X_0)*X_0/((X_2-X_2/X_3*X_2-X_1/C)-((C/X_1)*C))),"['(', 'X_3', '/', 'C', '/', 'C', '+', 'C', '+', '(', 'X_0', ')', '*', 'X_0', '/', '(', '(', 'X_2', '-', 'X_2', '/', 'X_3', '*', 'X_2', '-', 'X_1', '/', 'C', ')', '-', '(', '(', 'C', '/', 'X_1', ')', '*', 'C', ')', ')', ')']","[np.float64(1.9505947283155656), np.float64(0.49066742084867326), np.float64(-0.07121541249027265), np.float64(0.05506956800229037), np.float64(-4.987604076848772), np.float64(-4.96149006047878)]",t1 = (t-u*x/c^2)/sqrt(1-u^2/c^2),"['(', 'X_3', '-', 'X_2', '*', 'X_0', '/', 'X_1', '^2', ')', '/', 'sqrt', '(', '1', '-', 'X_2', '^2', '/', 'X_1', '^2', ')']",4,10000,(C*X_3+C)+X_0^2/(((C*X_1+C/X_1)+-1*(X_2^2/X_3))+X_2)
I.15.3t,1,GRAMS-PUCT,RMSE,0.07051559897992198,False,(X_0+(X_1*X_0*(C)*X_0+X_3*C-C)/C)*C,"['(', 'X_0', '+', '(', 'X_1', '*', 'X_0', '*', '(', 'C', ')', '*', 'X_0', '+', 'X_3', '*', 'C', '-', 'C', ')', '/', 'C', ')', '*', 'C']","[np.float64(-0.006959972787784997), np.float64(-5.0), np.float64(0.3348635041776205), np.float64(0.5272005143574633), np.float64(-0.1101001070468212)]",t1 = (t-u*x/c^2)/sqrt(1-u^2/c^2),"['(', 'X_3', '-', 'X_2', '*', 'X_0', '/', 'X_1', '^2', ')', '/', 'sqrt', '(', '1', '-', 'X_2', '^2', '/', 'X_1', '^2', ')']",4,10000,(((C*X_0^2)*X_1+C*X_0)+C*X_3)+C
I.15.3t,2,GRAMS-PUCT,RMSE,0.0734992374477064,False,C/C*C+(C)-C/C*(C*X_0)/X_1-C*X_3,"['C', '/', 'C', '*', 'C', '+', '(', 'C', ')', '-', 'C', '/', 'C', '*', '(', 'C', '*', 'X_0', ')', '/', 'X_1', '-', 'C', '*', 'X_3']","[np.float64(1.332101944195419), np.float64(-4.642305308603121), np.float64(1.284406218890569), np.float64(0.3347751190273399), np.float64(4.185676151062173), np.float64(-4.921364503419623), np.float64(-0.29222300515819916), np.float64(-1.0440353069483201)]",t1 = (t-u*x/c^2)/sqrt(1-u^2/c^2),"['(', 'X_3', '-', 'X_2', '*', 'X_0', '/', 'X_1', '^2', ')', '/', 'sqrt', '(', '1', '-', 'X_2', '^2', '/', 'X_1', '^2', ')']",4,10000,((C*X_0)/X_1+C*X_3)+C
I.15.3t,0,GRAMS-UCT,BIC,0.07174054228231777,False,sin(C+X_3*C)*C*C-X_3*(C-(C))+X_0/X_1/X_0+C*sqrt(X_0)/X_1+X_3,"['sin', '(', 'C', '+', 'X_3', '*', 'C', ')', '*', 'C', '*', 'C', '-', 'X_3', '*', '(', 'C', '-', '(', 'C', ')', ')', '+', 'X_0', '/', 'X_1', '/', 'X_0', '+', 'C', '*', 'sqrt', '(', 'X_0', ')', '/', 'X_1', '+', 'X_3']","[np.float64(-1.5747378699945769), np.float64(4.961178626681017), np.float64(0.0018757307103324894), np.float64(2.169878468170726), np.float64(-0.717566776681397), np.float64(-0.686017509311825), np.float64(-0.9980590352071295)]",t1 = (t-u*x/c^2)/sqrt(1-u^2/c^2),"['(', 'X_3', '-', 'X_2', '*', 'X_0', '/', 'X_1', '^2', ')', '/', 'sqrt', '(', '1', '-', 'X_2', '^2', '/', 'X_1', '^2', ')']",4,10000,((((C*X_0^0.5)/X_1+C*X_3)+C*sin(C*X_3+C))+X_3)+1/X_1
I.15.3t,1,GRAMS-UCT,BIC,0.059804204821516015,False,C*(C*C*X_0/exp(X_3-X_3)-X_1*X_3+C+C/X_3)/C/(X_1),"['C', '*', '(', 'C', '*', 'C', '*', 'X_0', '/', 'exp', '(', 'X_3', '-', 'X_3', ')', '-', 'X_1', '*', 'X_3', '+', 'C', '+', 'C', '/', 'X_3', ')', '/', 'C', '/', '(', 'X_1', ')']","[np.float64(3.487104141579686), np.float64(-0.6582526018941589), np.float64(-0.5326703706065262), np.float64(-1.287475822499256), np.float64(1.348907935943428), np.float64(-3.4602672405680654)]",t1 = (t-u*x/c^2)/sqrt(1-u^2/c^2),"['(', 'X_3', '-', 'X_2', '*', 'X_0', '/', 'X_1', '^2', ')', '/', 'sqrt', '(', '1', '-', 'X_2', '^2', '/', 'X_1', '^2', ')']",4,10000,(((C*X_0)/X_1+C*X_3)+C/(X_1*X_3))+C/X_1
I.15.3t,2,GRAMS-UCT,BIC,0.06725805655586171,False,(X_0/C/C+C/X_1)*C/X_1+X_3*C,"['(', 'X_0', '/', 'C', '/', 'C', '+', 'C', '/', 'X_1', ')', '*', 'C', '/', 'X_1', '+', 'X_3', '*', 'C']","[np.float64(1.739681925116214), np.float64(-0.5824798147455955), np.float64(4.419684515813028), np.float64(0.37274999318743124), np.float64(1.0361105417489072)]",t1 = (t-u*x/c^2)/sqrt(1-u^2/c^2),"['(', 'X_3', '-', 'X_2', '*', 'X_0', '/', 'X_1', '^2', ')', '/', 'sqrt', '(', '1', '-', 'X_2', '^2', '/', 'X_1', '^2', ')']",4,10000,((C*X_0)/X_1+C*X_3)+C/X_1^2
I.15.3t,0,GRAMS-UCT,RMSE,0.07129562482409459,False,X_0*C-(C+X_3/X_1*C+(C*X_1)+C/C*X_1)+C/X_2+X_3-X_2+X_2,"['X_0', '*', 'C', '-', '(', 'C', '+', 'X_3', '/', 'X_1', '*', 'C', '+', '(', 'C', '*', 'X_1', ')', '+', 'C', '/', 'C', '*', 'X_1', ')', '+', 'C', '/', 'X_2', '+', 'X_3', '-', 'X_2', '+', 'X_2']","[np.float64(-0.053897561967973344), np.float64(0.1281366071949044), np.float64(-0.2591645536207405), np.float64(-1.2959317839255373), np.float64(-1.3676716617925313), np.float64(-1.0820854201240004), np.float64(-0.11830489594584881)]",t1 = (t-u*x/c^2)/sqrt(1-u^2/c^2),"['(', 'X_3', '-', 'X_2', '*', 'X_0', '/', 'X_1', '^2', ')', '/', 'sqrt', '(', '1', '-', 'X_2', '^2', '/', 'X_1', '^2', ')']",4,10000,((((C*X_0+C*X_1)+C)+C/X_2)+(C*X_3)/X_1)+X_3
I.15.3t,1,GRAMS-UCT,RMSE,0.07308197905373427,False,X_0*C+X_0*C*X_2-X_0-C*X_1-C*(C*C*X_3/C)+X_2*C*X_3,"['X_0', '*', 'C', '+', 'X_0', '*', 'C', '*', 'X_2', '-', 'X_0', '-', 'C', '*', 'X_1', '-', 'C', '*', '(', 'C', '*', 'C', '*', 'X_3', '/', 'C', ')', '+', 'X_2', '*', 'C', '*', 'X_3']","[np.float64(0.9986040658598471), np.float64(-0.03868901490053897), np.float64(-0.005359622638739749), np.float64(0.2961539275212047), np.float64(-3.59717139478082), np.float64(3.6338784064853087), np.float64(4.08077897279079), np.float64(0.059844291564306984)]",t1 = (t-u*x/c^2)/sqrt(1-u^2/c^2),"['(', 'X_3', '-', 'X_2', '*', 'X_0', '/', 'X_1', '^2', ')', '/', 'sqrt', '(', '1', '-', 'X_2', '^2', '/', 'X_1', '^2', ')']",4,10000,(((((C*X_0)*X_2+C*X_0)+C*X_1)+(C*X_2)*X_3)+C*X_3)+-1*X_0
I.15.3t,2,GRAMS-UCT,RMSE,0.07650363467281994,False,X_3-C*X_0+(C*C-X_3/X_3-C*X_2)*X_3+C,"['X_3', '-', 'C', '*', 'X_0', '+', '(', 'C', '*', 'C', '-', 'X_3', '/', 'X_3', '-', 'C', '*', 'X_2', ')', '*', 'X_3', '+', 'C']","[np.float64(0.05376709951303099), np.float64(-4.968491309240927), np.float64(-0.2023333950840152), np.float64(-0.025908975191677223), np.float64(-0.001810912926338087)]",t1 = (t-u*x/c^2)/sqrt(1-u^2/c^2),"['(', 'X_3', '-', 'X_2', '*', 'X_0', '/', 'X_1', '^2', ')', '/', 'sqrt', '(', '1', '-', 'X_2', '^2', '/', 'X_1', '^2', ')']",4,10000,(((C*X_0+(C*X_2)*X_3)+C*X_3)+C)+X_3
I.15.3t,0,MC,N/A,0.06921098743302956,False,(X_3-C/(C/X_3+C))+C*exp(C/X_0)/(X_1),"['(', 'X_3', '-', 'C', '/', '(', 'C', '/', 'X_3', '+', 'C', ')', ')', '+', 'C', '*', 'exp', '(', 'C', '/', 'X_0', ')', '/', '(', 'X_1', ')']","[np.float64(-0.07891055746644836), np.float64(4.9999278955782), np.float64(-0.5615733653412565), np.float64(-3.364937619876184), np.float64(-5.0)]",t1 = (t-u*x/c^2)/sqrt(1-u^2/c^2),"['(', 'X_3', '-', 'X_2', '*', 'X_0', '/', 'X_1', '^2', ')', '/', 'sqrt', '(', '1', '-', 'X_2', '^2', '/', 'X_1', '^2', ')']",4,10000,(C/(C+C/X_3)+(C*exp(C/X_0))/X_1)+X_3
I.15.3t,1,MC,N/A,0.07246216797428064,False,X_0*C-X_1*X_0*(C)*X_0+X_3*C,"['X_0', '*', 'C', '-', 'X_1', '*', 'X_0', '*', '(', 'C', ')', '*', 'X_0', '+', 'X_3', '*', 'C']","[np.float64(-0.09037058422396559), np.float64(-0.0011676347962347258), np.float64(1.0528879185793123)]",t1 = (t-u*x/c^2)/sqrt(1-u^2/c^2),"['(', 'X_3', '-', 'X_2', '*', 'X_0', '/', 'X_1', '^2', ')', '/', 'sqrt', '(', '1', '-', 'X_2', '^2', '/', 'X_1', '^2', ')']",4,10000,((C*X_0^2)*X_1+C*X_0)+C*X_3
I.15.3t,2,MC,N/A,0.07951666475539962,False,C*X_2/X_1*X_1+X_2+X_0/C/(C)-X_2+C*(X_0)-X_3*C,"['C', '*', 'X_2', '/', 'X_1', '*', 'X_1', '+', 'X_2', '+', 'X_0', '/', 'C', '/', '(', 'C', ')', '-', 'X_2', '+', 'C', '*', '(', 'X_0', ')', '-', 'X_3', '*', 'C']","[np.float64(0.020665600123829318), np.float64(-2.3443046859929693), np.float64(3.9820848197234695), np.float64(0.048142566095553806), np.float64(-1.0392057115622984)]",t1 = (t-u*x/c^2)/sqrt(1-u^2/c^2),"['(', 'X_3', '-', 'X_2', '*', 'X_0', '/', 'X_1', '^2', ')', '/', 'sqrt', '(', '1', '-', 'X_2', '^2', '/', 'X_1', '^2', ')']",4,10000,(C*X_0+C*X_2)+C*X_3
I.15.3x,0,GRAMS-PUCT,BIC,0.1723912665533799,False,C*X_1+X_1-C+X_0+X_1*C*(X_3),"['C', '*', 'X_1', '+', 'X_1', '-', 'C', '+', 'X_0', '+', 'X_1', '*', 'C', '*', '(', 'X_3', ')']","[np.float64(-0.8417787823696488), np.float64(0.06489595591379159), np.float64(-1.0283449789668588)]",x1 = (x-u*t)/sqrt(1-u^2/c^2),"['(', 'X_0', '-', 'X_1', '*', 'X_3', ')', '/', 'sqrt', '(', '1', '-', 'X_1', '^2', '/', 'X_2', '^2', ')']",4,10000,((((C*X_1)*X_3+C*X_1)+C)+X_0)+X_1
I.15.3x,1,GRAMS-PUCT,BIC,0.1198839549689606,False,X_3/C-X_0-C*X_3*C*X_1+X_0/sqrt(X_2)*C-((C)/C/sin(X_2/X_0/X_2/C)-C),"['X_3', '/', 'C', '-', 'X_0', '-', 'C', '*', 'X_3', '*', 'C', '*', 'X_1', '+', 'X_0', '/', 'sqrt', '(', 'X_2', ')', '*', 'C', '-', '(', '(', 'C', ')', '/', 'C', '/', 'sin', '(', 'X_2', '/', 'X_0', '/', 'X_2', '/', 'C', ')', '-', 'C', ')']","[np.float64(4.35457205496185), np.float64(-4.268864797061289), np.float64(-0.24549831383958134), np.float64(0.21343043175891227), np.float64(-1.7692672450473585), np.float64(-2.2767029869101316), np.float64(-2.5127324912437925), np.float64(-0.2940046270045678)]",x1 = (x-u*t)/sqrt(1-u^2/c^2),"['(', 'X_0', '-', 'X_1', '*', 'X_3', ')', '/', 'sqrt', '(', '1', '-', 'X_1', '^2', '/', 'X_2', '^2', ')']",4,10000,(((((C*X_0)/X_2^0.5+(C*X_1)*X_3)+C*X_3)+C)+C/sin(C/X_0))+-1*X_0
I.15.3x,2,GRAMS-PUCT,BIC,0.1552754191920614,False,((X_3*X_0*C-X_3/(C))/X_3*C-X_0-C-C*(C*X_3+(X_1)))-C*X_2/C,"['(', '(', 'X_3', '*', 'X_0', '*', 'C', '-', 'X_3', '/', '(', 'C', ')', ')', '/', 'X_3', '*', 'C', '-', 'X_0', '-', 'C', '-', 'C', '*', '(', 'C', '*', 'X_3', '+', '(', 'X_1', ')', ')', ')', '-', 'C', '*', 'X_2', '/', 'C']","[np.float64(-1.8366829145842716), np.float64(-3.3719881597446033), np.float64(-1.0999070146424932), np.float64(-2.6756060495756424), np.float64(1.3724531567831135), np.float64(1.1241022900366777), np.float64(0.09522286524751124), np.float64(4.070377661619552)]",x1 = (x-u*t)/sqrt(1-u^2/c^2),"['(', 'X_0', '-', 'X_1', '*', 'X_3', ')', '/', 'sqrt', '(', '1', '-', 'X_1', '^2', '/', 'X_2', '^2', ')']",4,10000,((((C*X_0+C*X_1)+C*X_2)+C*X_3)+C)+-1*X_0
I.15.3x,0,GRAMS-PUCT,RMSE,0.12918719472172133,False,C*C*X_0+X_0-X_3*X_1+C*X_0*X_2,"['C', '*', 'C', '*', 'X_0', '+', 'X_0', '-', 'X_3', '*', 'X_1', '+', 'C', '*', 'X_0', '*', 'X_2']","[np.float64(0.7104802015944109), np.float64(0.07083539110800173), np.float64(-0.003075209493934053)]",x1 = (x-u*t)/sqrt(1-u^2/c^2),"['(', 'X_0', '-', 'X_1', '*', 'X_3', ')', '/', 'sqrt', '(', '1', '-', 'X_1', '^2', '/', 'X_2', '^2', ')']",4,10000,(((C*X_0)*X_2+C*X_0)+X_0)+-1*(X_1*X_3)
I.15.3x,1,GRAMS-PUCT,RMSE,0.17295557019438945,False,C-(C*X_3)*X_1-C*X_0,"['C', '-', '(', 'C', '*', 'X_3', ')', '*', 'X_1', '-', 'C', '*', 'X_0']","[np.float64(-0.09600838216714874), np.float64(0.9773473291430639), np.float64(-1.0205856545255807)]",x1 = (x-u*t)/sqrt(1-u^2/c^2),"['(', 'X_0', '-', 'X_1', '*', 'X_3', ')', '/', 'sqrt', '(', '1', '-', 'X_1', '^2', '/', 'X_2', '^2', ')']",4,10000,(C*X_0+(C*X_1)*X_3)+C
I.15.3x,2,GRAMS-PUCT,RMSE,0.17353163292415846,False,X_0*C-X_3*X_1+C/C*C,"['X_0', '*', 'C', '-', 'X_3', '*', 'X_1', '+', 'C', '/', 'C', '*', 'C']","[np.float64(1.0206725756186976), np.float64(1.5013023927563107), np.float64(-4.414282561520131), np.float64(0.13377471040592734)]",x1 = (x-u*t)/sqrt(1-u^2/c^2),"['(', 'X_0', '-', 'X_1', '*', 'X_3', ')', '/', 'sqrt', '(', '1', '-', 'X_1', '^2', '/', 'X_2', '^2', ')']",4,10000,(C*X_0+C)+-1*(X_1*X_3)
I.15.3x,0,GRAMS-UCT,BIC,0.13021899699457545,False,X_1+(C-(X_3))-C/X_3*C+((X_3)+C+X_0+cos(C/X_2+C)-X_3*X_1*C)-X_3,"['X_1', '+', '(', 'C', '-', '(', 'X_3', ')', ')', '-', 'C', '/', 'X_3', '*', 'C', '+', '(', '(', 'X_3', ')', '+', 'C', '+', 'X_0', '+', 'cos', '(', 'C', '/', 'X_2', '+', 'C', ')', '-', 'X_3', '*', 'X_1', '*', 'C', ')', '-', 'X_3']","[np.float64(2.5598993538748154), np.float64(-2.042384443200823), np.float64(-1.7556842593118045), np.float64(2.1397377082400624), np.float64(-4.621571642178117), np.float64(3.34065744320082), np.float64(1.5308225109012936)]",x1 = (x-u*t)/sqrt(1-u^2/c^2),"['(', 'X_0', '-', 'X_1', '*', 'X_3', ')', '/', 'sqrt', '(', '1', '-', 'X_1', '^2', '/', 'X_2', '^2', ')']",4,10000,((((((C*X_1)*X_3+C)+C/X_3)+X_0)+X_1)+-1*X_3)+cos(C+C/X_2)
I.15.3x,1,GRAMS-UCT,BIC,0.11044088835297551,False,(C/X_2-(X_0*C/C*exp(X_3)/X_0)*X_1*C-C*X_0+C*X_1*C-X_1/X_0),"['(', 'C', '/', 'X_2', '-', '(', 'X_0', '*', 'C', '/', 'C', '*', 'exp', '(', 'X_3', ')', '/', 'X_0', ')', '*', 'X_1', '*', 'C', '-', 'C', '*', 'X_0', '+', 'C', '*', 'X_1', '*', 'C', '-', 'X_1', '/', 'X_0', ')']","[np.float64(1.911919456003896), np.float64(3.070246391563728), np.float64(-4.415119456135182), np.float64(-0.3154710385199459), np.float64(-0.9772103906523498), np.float64(0.4052837901690371), np.float64(-0.7127286500597263)]",x1 = (x-u*t)/sqrt(1-u^2/c^2),"['(', 'X_0', '-', 'X_1', '*', 'X_3', ')', '/', 'sqrt', '(', '1', '-', 'X_1', '^2', '/', 'X_2', '^2', ')']",4,10000,(((C*X_0+(C*X_1)*exp(X_3))+C*X_1)+C/X_2)+-1*(X_1/X_0)
I.15.3x,2,GRAMS-UCT,BIC,0.148174108628434,False,X_0-X_1*X_3+sin(C-C)*X_2*(X_0*(C/X_1-C))/((C+C))/cos(X_1/C)-C,"['X_0', '-', 'X_1', '*', 'X_3', '+', 'sin', '(', 'C', '-', 'C', ')', '*', 'X_2', '*', '(', 'X_0', '*', '(', 'C', '/', 'X_1', '-', 'C', ')', ')', '/', '(', '(', 'C', '+', 'C', ')', ')', '/', 'cos', '(', 'X_1', '/', 'C', ')', '-', 'C']","[np.float64(-4.421564303392695), np.float64(4.999997940961026), np.float64(4.151472937429441), np.float64(-0.8683052040342529), np.float64(2.1229996451377056), np.float64(3.7212754868369857), np.float64(3.8769240088650463), np.float64(-0.3019208678279583)]",x1 = (x-u*t)/sqrt(1-u^2/c^2),"['(', 'X_0', '-', 'X_1', '*', 'X_3', ')', '/', 'sqrt', '(', '1', '-', 'X_1', '^2', '/', 'X_2', '^2', ')']",4,10000,(((((C*X_0)*X_2)/cos(C*X_1)+((C*X_0)*X_2)/(X_1*cos(C*X_1)))+C)+X_0)+-1*(X_1*X_3)
I.15.3x,0,GRAMS-UCT,RMSE,0.13608748607506177,False,X_1/C/sqrt(X_2)*X_1/X_3+X_0-X_1*C*(X_3),"['X_1', '/', 'C', '/', 'sqrt', '(', 'X_2', ')', '*', 'X_1', '/', 'X_3', '+', 'X_0', '-', 'X_1', '*', 'C', '*', '(', 'X_3', ')']","[np.float64(2.536333715027746), np.float64(1.0409719716394892)]",x1 = (x-u*t)/sqrt(1-u^2/c^2),"['(', 'X_0', '-', 'X_1', '*', 'X_3', ')', '/', 'sqrt', '(', '1', '-', 'X_1', '^2', '/', 'X_2', '^2', ')']",4,10000,((C*X_1^2)/(X_2^0.5*X_3)+(C*X_1)*X_3)+X_0
I.15.3x,1,GRAMS-UCT,RMSE,0.14081888414578733,False,X_2*X_3*C/C*C+X_2*exp((cos(C*C+sin(X_3)))+C)+X_0-C*(X_1*X_3),"['X_2', '*', 'X_3', '*', 'C', '/', 'C', '*', 'C', '+', 'X_2', '*', 'exp', '(', '(', 'cos', '(', 'C', '*', 'C', '+', 'sin', '(', 'X_3', ')', ')', ')', '+', 'C', ')', '+', 'X_0', '-', 'C', '*', '(', 'X_1', '*', 'X_3', ')']","[np.float64(0.09374672432322474), np.float64(-4.984665025536777), np.float64(0.7769276431617714), np.float64(-3.98763606463601), np.float64(4.148415571121377), np.float64(-4.914635111286884), np.float64(0.8579536230918883)]",x1 = (x-u*t)/sqrt(1-u^2/c^2),"['(', 'X_0', '-', 'X_1', '*', 'X_3', ')', '/', 'sqrt', '(', '1', '-', 'X_1', '^2', '/', 'X_2', '^2', ')']",4,10000,(((C*X_1)*X_3+(C*X_2)*X_3)+(C*X_2)*exp(cos(C+sin(X_3))))+X_0
I.15.3x,2,GRAMS-UCT,RMSE,0.15012448362212374,False,X_1*C/X_3*C-X_0*C+C*X_2-X_1*C,"['X_1', '*', 'C', '/', 'X_3', '*', 'C', '-', 'X_0', '*', 'C', '+', 'C', '*', 'X_2', '-', 'X_1', '*', 'C']","[np.float64(-0.5506588035592078), np.float64(-3.7893438749687727), np.float64(-1.02248396388571), np.float64(-0.022495997252966714), np.float64(2.8140816442083474)]",x1 = (x-u*t)/sqrt(1-u^2/c^2),"['(', 'X_0', '-', 'X_1', '*', 'X_3', ')', '/', 'sqrt', '(', '1', '-', 'X_1', '^2', '/', 'X_2', '^2', ')']",4,10000,((C*X_0+C*X_1)+(C*X_1)/X_3)+C*X_2
I.15.3x,0,MC,N/A,0.1729555689969079,False,(C+X_3*X_1*C+X_0*C),"['(', 'C', '+', 'X_3', '*', 'X_1', '*', 'C', '+', 'X_0', '*', 'C', ')']","[np.float64(-0.09613712267379336), np.float64(-0.9773325309877438), np.float64(1.0205976033395157)]",x1 = (x-u*t)/sqrt(1-u^2/c^2),"['(', 'X_0', '-', 'X_1', '*', 'X_3', ')', '/', 'sqrt', '(', '1', '-', 'X_1', '^2', '/', 'X_2', '^2', ')']",4,10000,(C*X_0+(C*X_1)*X_3)+C
I.15.3x,1,MC,N/A,0.14763168476350114,False,C-X_3-X_3*X_1*(exp(C)/X_2+C-exp(C-X_3*X_1)/X_0/X_3+C+C*(X_1)/X_3)*X_2-X_1+X_0,"['C', '-', 'X_3', '-', 'X_3', '*', 'X_1', '*', '(', 'exp', '(', 'C', ')', '/', 'X_2', '+', 'C', '-', 'exp', '(', 'C', '-', 'X_3', '*', 'X_1', ')', '/', 'X_0', '/', 'X_3', '+', 'C', '+', 'C', '*', '(', 'X_1', ')', '/', 'X_3', ')', '*', 'X_2', '-', 'X_1', '+', 'X_0']","[np.float64(1.5184753897465089), np.float64(-1.725254402598773), np.float64(0.49428081411526587), np.float64(-2.822163618278588), np.float64(-0.4808299193405924), np.float64(-0.0027634878216696757)]",x1 = (x-u*t)/sqrt(1-u^2/c^2),"['(', 'X_0', '-', 'X_1', '*', 'X_3', ')', '/', 'sqrt', '(', '1', '-', 'X_1', '^2', '/', 'X_2', '^2', ')']",4,10000,(((((((C*X_1^2)*X_2+((C*X_1)*X_2)*X_3)+(C*X_1)*X_3)+C)+(((C*X_1)*X_2)*exp((-1*X_1)*X_3))/X_0)+X_0)+-1*X_1)+-1*X_3
I.15.3x,2,MC,N/A,0.13385573115537494,False,((C*X_2-X_1+(X_2)/C+X_1/X_1*C)*(X_3)-C/X_1/C*X_1*X_1+X_0)/X_0*X_0,"['(', '(', 'C', '*', 'X_2', '-', 'X_1', '+', '(', 'X_2', ')', '/', 'C', '+', 'X_1', '/', 'X_1', '*', 'C', ')', '*', '(', 'X_3', ')', '-', 'C', '/', 'X_1', '/', 'C', '*', 'X_1', '*', 'X_1', '+', 'X_0', ')', '/', 'X_0', '*', 'X_0']","[np.float64(-0.4165552640857047), np.float64(2.4866489923893282), np.float64(0.12276024093170321), np.float64(0.5819878247290411), np.float64(-5.0)]",x1 = (x-u*t)/sqrt(1-u^2/c^2),"['(', 'X_0', '-', 'X_1', '*', 'X_3', ')', '/', 'sqrt', '(', '1', '-', 'X_1', '^2', '/', 'X_2', '^2', ')']",4,10000,(((C*X_1+(C*X_2)*X_3)+C*X_3)+X_0)+-1*(X_1*X_3)
I.16.6,0,GRAMS-PUCT,BIC,0.32445036045117304,False,(((C/(X_2))+C*X_1/C)/X_1*cos(C-X_0)-C),"['(', '(', '(', 'C', '/', '(', 'X_2', ')', ')', '+', 'C', '*', 'X_1', '/', 'C', ')', '/', 'X_1', '*', 'cos', '(', 'C', '-', 'X_0', ')', '-', 'C', ')']","[np.float64(-3.0941326912260534), np.float64(-4.947932673589426), np.float64(-2.605781101325989), np.float64(-1.9872904292608677), np.float64(-2.651298062693565)]",v1 = (u+v)/(1+u*v/c^2),"['(', 'X_2', '+', 'X_1', ')', '/', '(', '1', '+', '(', 'X_2', '*', 'X_1', ')', '/', '(', 'X_0', '^2', ')', ')']",3,10000,(C*cos(C-X_0)+C)+(C*cos(C-X_0))/(X_1*X_2)
I.16.6,1,GRAMS-PUCT,BIC,0.2859832044464205,False,exp(C/X_0*X_0*X_2+(X_0*(C/X_2/C))/X_1)*C*C*X_0,"['exp', '(', 'C', '/', 'X_0', '*', 'X_0', '*', 'X_2', '+', '(', 'X_0', '*', '(', 'C', '/', 'X_2', '/', 'C', ')', ')', '/', 'X_1', ')', '*', 'C', '*', 'C', '*', 'X_0']","[np.float64(-0.01238742630630891), np.float64(0.6701428389674183), np.float64(-3.028273899377856), np.float64(-1.0531917233485872), np.float64(-1.053191723556243)]",v1 = (u+v)/(1+u*v/c^2),"['(', 'X_2', '+', 'X_1', ')', '/', '(', '1', '+', '(', 'X_2', '*', 'X_1', ')', '/', '(', 'X_0', '^2', ')', ')']",3,10000,((C*X_0)*exp(C*X_2))*exp((C*X_0)/(X_1*X_2))
I.16.6,2,GRAMS-PUCT,BIC,0.26396110266444106,False,C*X_0-(((X_0)*C/(C*X_2)+C))/X_1/C-X_2/C,"['C', '*', 'X_0', '-', '(', '(', '(', 'X_0', ')', '*', 'C', '/', '(', 'C', '*', 'X_2', ')', '+', 'C', ')', ')', '/', 'X_1', '/', 'C', '-', 'X_2', '/', 'C']","[np.float64(1.1605292368131168), np.float64(-5.0), np.float64(1.4986929693066076), np.float64(3.462778976734138), np.float64(-2.4543434567835187), np.float64(4.999737207644941)]",v1 = (u+v)/(1+u*v/c^2),"['(', 'X_2', '+', 'X_1', ')', '/', '(', '1', '+', '(', 'X_2', '*', 'X_1', ')', '/', '(', 'X_0', '^2', ')', ')']",3,10000,((C*X_0+(C*X_0)/(X_1*X_2))+C*X_2)+C/X_1
I.16.6,0,GRAMS-PUCT,RMSE,0.2760962819242624,False,X_0*((C-C*X_0/X_1-X_2)/X_2+C),"['X_0', '*', '(', '(', 'C', '-', 'C', '*', 'X_0', '/', 'X_1', '-', 'X_2', ')', '/', 'X_2', '+', 'C', ')']","[np.float64(0.11856648371843768), np.float64(0.20901355490828274), np.float64(2.0177537148755107)]",v1 = (u+v)/(1+u*v/c^2),"['(', 'X_2', '+', 'X_1', ')', '/', '(', '1', '+', '(', 'X_2', '*', 'X_1', ')', '/', '(', 'X_0', '^2', ')', ')']",3,10000,(((C*X_0^2)/(X_1*X_2)+C*X_0)+(C*X_0)/X_2)+-1*X_0
I.16.6,1,GRAMS-PUCT,RMSE,0.28698240380060785,False,(X_2*C+X_1)*C-X_0/((C)/X_2/sin((X_2-X_2+C/C*X_2/X_0-C)))/X_1+X_0+(C)*(exp(X_1)/X_1/X_1/X_1/X_2*C-X_0),"['(', 'X_2', '*', 'C', '+', 'X_1', ')', '*', 'C', '-', 'X_0', '/', '(', '(', 'C', ')', '/', 'X_2', '/', 'sin', '(', '(', 'X_2', '-', 'X_2', '+', 'C', '/', 'C', '*', 'X_2', '/', 'X_0', '-', 'C', ')', ')', ')', '/', 'X_1', '+', 'X_0', '+', '(', 'C', ')', '*', '(', 'exp', '(', 'X_1', ')', '/', 'X_1', '/', 'X_1', '/', 'X_1', '/', 'X_2', '*', 'C', '-', 'X_0', ')']","[np.float64(-1.32680334124931), np.float64(0.15710152901921132), np.float64(4.996324481243302), np.float64(-4.994617207322228), np.float64(5.0), np.float64(-0.570781679523991), np.float64(0.06356152336782281), np.float64(-5.0)]",v1 = (u+v)/(1+u*v/c^2),"['(', 'X_2', '+', 'X_1', ')', '/', '(', '1', '+', '(', 'X_2', '*', 'X_1', ')', '/', '(', 'X_0', '^2', ')', ')']",3,10000,((((C*X_0+(((C*X_0)*X_2)*sin(C+(C*X_2)/X_0))/X_1)+C*X_1)+C*X_2)+(C*exp(X_1))/(X_1^3*X_2))+X_0
I.16.6,2,GRAMS-PUCT,RMSE,0.2851966806235912,False,C-C+C/C*(X_1/X_2+C-C/X_1-X_1*C)*X_2*X_0,"['C', '-', 'C', '+', 'C', '/', 'C', '*', '(', 'X_1', '/', 'X_2', '+', 'C', '-', 'C', '/', 'X_1', '-', 'X_1', '*', 'C', ')', '*', 'X_2', '*', 'X_0']","[np.float64(3.7599568596093387), np.float64(3.6472112083185744), np.float64(0.8128769872221764), np.float64(3.180285829772547), np.float64(0.9543566212973493), np.float64(-0.05777864286807611), np.float64(0.26717237552001655)]",v1 = (u+v)/(1+u*v/c^2),"['(', 'X_2', '+', 'X_1', ')', '/', '(', '1', '+', '(', 'X_2', '*', 'X_1', ')', '/', '(', 'X_0', '^2', ')', ')']",3,10000,(((((C*X_0)*X_1)*X_2+(C*X_0)*X_1)+(C*X_0)*X_2)+((C*X_0)*X_2)/X_1)+C
I.16.6,0,GRAMS-UCT,BIC,0.14426615438721446,False,C/X_2-X_0*exp(C+cos(X_2/C)*C*(X_0-X_1)-C)*C-X_1/C,"['C', '/', 'X_2', '-', 'X_0', '*', 'exp', '(', 'C', '+', 'cos', '(', 'X_2', '/', 'C', ')', '*', 'C', '*', '(', 'X_0', '-', 'X_1', ')', '-', 'C', ')', '*', 'C', '-', 'X_1', '/', 'C']","[np.float64(-0.17405451614577822), np.float64(3.301156569113313), np.float64(-3.501780085249045), np.float64(-0.17607242383670899), np.float64(4.602914586045768), np.float64(-4.998677728055167), np.float64(2.807950438988941)]",v1 = (u+v)/(1+u*v/c^2),"['(', 'X_2', '+', 'X_1', ')', '/', '(', '1', '+', '(', 'X_2', '*', 'X_1', ')', '/', '(', 'X_0', '^2', ')', ')']",3,10000,(((C*X_0)*exp((C*X_0)*cos(C*X_2)))*exp((C*X_1)*cos(C*X_2))+C*X_1)+C/X_2
I.16.6,1,GRAMS-UCT,BIC,0.3177280435545393,False,sin(X_0)/X_1*X_0*C+C*X_0+C*C,"['sin', '(', 'X_0', ')', '/', 'X_1', '*', 'X_0', '*', 'C', '+', 'C', '*', 'X_0', '+', 'C', '*', 'C']","[np.float64(0.38754125592299354), np.float64(1.2266299022577716), np.float64(-0.2613568326835841), np.float64(2.898557076093093)]",v1 = (u+v)/(1+u*v/c^2),"['(', 'X_2', '+', 'X_1', ')', '/', '(', '1', '+', '(', 'X_2', '*', 'X_1', ')', '/', '(', 'X_0', '^2', ')', ')']",3,10000,(C*X_0+((C*X_0)*sin(X_0))/X_1)+C
I.16.6,2,GRAMS-UCT,BIC,0.18380221094513363,False,C/C/(C/(X_2*C*X_1+X_2-X_0*(X_1*C-X_2-C*X_0)))-C+X_2/C,"['C', '/', 'C', '/', '(', 'C', '/', '(', 'X_2', '*', 'C', '*', 'X_1', '+', 'X_2', '-', 'X_0', '*', '(', 'X_1', '*', 'C', '-', 'X_2', '-', 'C', '*', 'X_0', ')', ')', ')', '-', 'C', '+', 'X_2', '/', 'C']","[np.float64(1.822237588877014), np.float64(-3.163662773209255), np.float64(-3.1636597742500108), np.float64(-0.8511804725160018), np.float64(-0.9681754947351943), np.float64(-0.15153755648112321), np.float64(-1.329072745481365), np.float64(-5.0)]",v1 = (u+v)/(1+u*v/c^2),"['(', 'X_2', '+', 'X_1', ')', '/', '(', '1', '+', '(', 'X_2', '*', 'X_1', ')', '/', '(', 'X_0', '^2', ')', ')']",3,10000,((((C*X_0^2+(C*X_0)*X_1)+(C*X_0)*X_2)+(C*X_1)*X_2)+(2*C)*X_2)+C
I.16.6,0,GRAMS-UCT,RMSE,0.2900802596056449,False,C*X_2/(C/X_1-(C+X_2/X_0))/C*C,"['C', '*', 'X_2', '/', '(', 'C', '/', 'X_1', '-', '(', 'C', '+', 'X_2', '/', 'X_0', ')', ')', '/', 'C', '*', 'C']","[np.float64(1.3448189236793167), np.float64(-0.2812753812435628), np.float64(-0.038640408523626324), np.float64(-2.5982769562813686), np.float64(2.0003332501341777)]",v1 = (u+v)/(1+u*v/c^2),"['(', 'X_2', '+', 'X_1', ')', '/', '(', '1', '+', '(', 'X_2', '*', 'X_1', ')', '/', '(', 'X_0', '^2', ')', ')']",3,10000,(C*X_2)/((C+C/X_1)+-1*(X_2/X_0))
I.16.6,1,GRAMS-UCT,RMSE,0.30083388970547154,False,C*(X_2/C-C)/X_1*X_0+X_0-sin((C/cos(C))/X_1),"['C', '*', '(', 'X_2', '/', 'C', '-', 'C', ')', '/', 'X_1', '*', 'X_0', '+', 'X_0', '-', 'sin', '(', '(', 'C', '/', 'cos', '(', 'C', ')', ')', '/', 'X_1', ')']","[np.float64(0.39078764777671565), np.float64(3.008184806390264), np.float64(1.739975541805568), np.float64(-0.12343194872909001), np.float64(-4.992196531212074)]",v1 = (u+v)/(1+u*v/c^2),"['(', 'X_2', '+', 'X_1', ')', '/', '(', '1', '+', '(', 'X_2', '*', 'X_1', ')', '/', '(', 'X_0', '^2', ')', ')']",3,10000,((((C*X_0)*X_2)/X_1+(C*X_0)/X_1)+X_0)+-1*sin(C/X_1)
I.16.6,2,GRAMS-UCT,RMSE,0.2923351066308385,False,X_0+C+C+C+C+C-X_2*exp(C+X_0-X_1-X_0*sqrt(X_2)/X_1/X_0)/(X_2),"['X_0', '+', 'C', '+', 'C', '+', 'C', '+', 'C', '+', 'C', '-', 'X_2', '*', 'exp', '(', 'C', '+', 'X_0', '-', 'X_1', '-', 'X_0', '*', 'sqrt', '(', 'X_2', ')', '/', 'X_1', '/', 'X_0', ')', '/', '(', 'X_2', ')']","[np.float64(-1.1013157743431263), np.float64(0.939628125969887), np.float64(0.8420045382858234), np.float64(-4.5131392494853255), np.float64(3.837205464979795), np.float64(-1.9310098446707802)]",v1 = (u+v)/(1+u*v/c^2),"['(', 'X_2', '+', 'X_1', ')', '/', '(', '1', '+', '(', 'X_2', '*', 'X_1', ')', '/', '(', 'X_0', '^2', ')', ')']",3,10000,(((C*exp(X_0))*exp(-1*X_1))*exp((-1*X_2^0.5)/X_1)+C)+X_0
I.16.6,0,MC,N/A,0.3053182032057252,False,C/C/exp(C*((C)-(X_1-sqrt(X_0)+X_2)))+C-X_0*C-X_0,"['C', '/', 'C', '/', 'exp', '(', 'C', '*', '(', '(', 'C', ')', '-', '(', 'X_1', '-', 'sqrt', '(', 'X_0', ')', '+', 'X_2', ')', ')', ')', '+', 'C', '-', 'X_0', '*', 'C', '-', 'X_0']","[np.float64(2.6799782999247523), np.float64(-4.249906160716461), np.float64(-1.1084996620647078), np.float64(1.427318776620501), np.float64(0.04143459354484715), np.float64(-1.9643360600251034)]",v1 = (u+v)/(1+u*v/c^2),"['(', 'X_2', '+', 'X_1', ')', '/', '(', '1', '+', '(', 'X_2', '*', 'X_1', ')', '/', '(', 'X_0', '^2', ')', ')']",3,10000,((C*X_0+((C*exp(C*X_0^0.5))*exp(C*X_1))*exp(C*X_2))+C)+-1*X_0
I.16.6,1,MC,N/A,0.24869621177837045,False,X_2*(X_0*sqrt(sin((sqrt(C))))*C-C+C)+exp(C)/((X_1/(X_0)+C)-(C*(X_1))),"['X_2', '*', '(', 'X_0', '*', 'sqrt', '(', 'sin', '(', '(', 'sqrt', '(', 'C', ')', ')', ')', ')', '*', 'C', '-', 'C', '+', 'C', ')', '+', 'exp', '(', 'C', ')', '/', '(', '(', 'X_1', '/', '(', 'X_0', ')', '+', 'C', ')', '-', '(', 'C', '*', '(', 'X_1', ')', ')', ')']","[np.float64(3.150361716637092), np.float64(0.1511067021164287), np.float64(0.6388264632363791), np.float64(0.25049843299410984), np.float64(1.7524591716163977), np.float64(2.227817340226636), np.float64(0.37294253882451484)]",v1 = (u+v)/(1+u*v/c^2),"['(', 'X_2', '+', 'X_1', ')', '/', '(', '1', '+', '(', 'X_2', '*', 'X_1', ')', '/', '(', 'X_0', '^2', ')', ')']",3,10000,((C*X_0)*X_2+C*X_2)+C/((C*X_1+C)+X_1/X_0)
I.16.6,2,MC,N/A,0.3374412723840553,False,sin(X_1)*C/X_0*X_0*C/C*(X_0/X_0/C-X_0*C)/X_2+(X_0*C)*C,"['sin', '(', 'X_1', ')', '*', 'C', '/', 'X_0', '*', 'X_0', '*', 'C', '/', 'C', '*', '(', 'X_0', '/', 'X_0', '/', 'C', '-', 'X_0', '*', 'C', ')', '/', 'X_2', '+', '(', 'X_0', '*', 'C', ')', '*', 'C']","[np.float64(0.3130377361084364), np.float64(-0.5723647042383736), np.float64(-4.755651110791849), np.float64(-5.0), np.float64(5.0), np.float64(-1.0647855677847242), np.float64(-0.8853303779768811)]",v1 = (u+v)/(1+u*v/c^2),"['(', 'X_2', '+', 'X_1', ')', '/', '(', '1', '+', '(', 'X_2', '*', 'X_1', ')', '/', '(', 'X_0', '^2', ')', ')']",3,10000,(C*X_0+((C*X_0)*sin(X_1))/X_2)+(C*sin(X_1))/X_2
I.18.12,0,GRAMS-PUCT,BIC,0.000301135336777154,False,exp((X_1*C/(C)+X_0*C/X_0*C)*C-C)-X_1*C*X_0*sin(X_2),"['exp', '(', '(', 'X_1', '*', 'C', '/', '(', 'C', ')', '+', 'X_0', '*', 'C', '/', 'X_0', '*', 'C', ')', '*', 'C', '-', 'C', ')', '-', 'X_1', '*', 'C', '*', 'X_0', '*', 'sin', '(', 'X_2', ')']","[np.float64(2.087463488676545), np.float64(-0.04686931729522304), np.float64(2.3352854760627393), np.float64(-1.7632580703929714), np.float64(0.2693112410778577), np.float64(2.647659457766464), np.float64(-1.0000393050013605)]",tau = r*F*sin(theta),"['X_0', '*', 'X_1', '*', 'sin', '(', 'X_2', ')']",3,10000,((C*X_0)*X_1)*sin(X_2)+C*exp(C*X_1)
I.18.12,1,GRAMS-PUCT,BIC,2.7494439862711064,False,C-C*X_1*cos(X_2-C-C)/C,"['C', '-', 'C', '*', 'X_1', '*', 'cos', '(', 'X_2', '-', 'C', '-', 'C', ')', '/', 'C']","[np.float64(0.04177221047124731), np.float64(-2.032359003873538), np.float64(-1.7556955162457406), np.float64(-2.9580516156308194), np.float64(0.6726977188324674)]",tau = r*F*sin(theta),"['X_0', '*', 'X_1', '*', 'sin', '(', 'X_2', ')']",3,10000,(C*X_1)*cos(C-X_2)+C
I.18.12,2,GRAMS-PUCT,BIC,2.7154612507999745,False,cos(((C/C))-X_2-C)/C*X_0+(C/X_1),"['cos', '(', '(', '(', 'C', '/', 'C', ')', ')', '-', 'X_2', '-', 'C', ')', '/', 'C', '*', 'X_0', '+', '(', 'C', '/', 'X_1', ')']","[np.float64(-4.973363419188556), np.float64(-4.996832290953959), np.float64(-0.5875705502760638), np.float64(0.32524006353476276), np.float64(-0.5192353149611039)]",tau = r*F*sin(theta),"['X_0', '*', 'X_1', '*', 'sin', '(', 'X_2', ')']",3,10000,(C*X_0)*cos(C+X_2)+C/X_1
I.18.12,0,GRAMS-PUCT,RMSE,4.3704028803744185e-09,True,X_1*sin(X_2)*X_0+C,"['X_1', '*', 'sin', '(', 'X_2', ')', '*', 'X_0', '+', 'C']",[np.float64(4.370403021206113e-09)],tau = r*F*sin(theta),"['X_0', '*', 'X_1', '*', 'sin', '(', 'X_2', ')']",3,980,C+(X_0*X_1)*sin(X_2)
I.18.12,1,GRAMS-PUCT,RMSE,2.962860626952546,False,C+X_1+sin(C*X_2)*(C-C)*X_0-X_0,"['C', '+', 'X_1', '+', 'sin', '(', 'C', '*', 'X_2', ')', '*', '(', 'C', '-', 'C', ')', '*', 'X_0', '-', 'X_0']","[np.float64(-0.4130924696040801), np.float64(-0.9686027260932003), np.float64(-1.2764537686877115), np.float64(1.89061445716857)]",tau = r*F*sin(theta),"['X_0', '*', 'X_1', '*', 'sin', '(', 'X_2', ')']",3,10000,(((C*X_0)*sin(C*X_2)+C)+-1*X_0)+X_1
I.18.12,2,GRAMS-PUCT,RMSE,2.6679831637536684,False,sin((C+C+C*X_2/C)+X_2/X_1/C)*(X_0/cos((C)-C)),"['sin', '(', '(', 'C', '+', 'C', '+', 'C', '*', 'X_2', '/', 'C', ')', '+', 'X_2', '/', 'X_1', '/', 'C', ')', '*', '(', 'X_0', '/', 'cos', '(', '(', 'C', ')', '-', 'C', ')', ')']","[np.float64(4.507695875168534), np.float64(1.7748347314547246), np.float64(2.9159455995833174), np.float64(-2.7209616329270676), np.float64(4.376579148432905), np.float64(-0.11460125950837936), np.float64(4.268347406459935)]",tau = r*F*sin(theta),"['X_0', '*', 'X_1', '*', 'sin', '(', 'X_2', ')']",3,10000,(C*X_0)*sin((C*X_2+C)+(C*X_2)/X_1)
I.18.12,0,GRAMS-UCT,BIC,1.4602650531294548e-05,False,X_0*cos(C)/C/C*C/X_0/(C*C/sin(X_2+C*C)/X_0)*X_1,"['X_0', '*', 'cos', '(', 'C', ')', '/', 'C', '/', 'C', '*', 'C', '/', 'X_0', '/', '(', 'C', '*', 'C', '/', 'sin', '(', 'X_2', '+', 'C', '*', 'C', ')', '/', 'X_0', ')', '*', 'X_1']","[np.float64(4.9936816101019), np.float64(-0.5742057605431597), np.float64(-0.6916015008895342), np.float64(-4.999709766290247), np.float64(0.7184964340394855), np.float64(-4.864207873513075), np.float64(2.3917261921353203), np.float64(2.627051060941733)]",tau = r*F*sin(theta),"['X_0', '*', 'X_1', '*', 'sin', '(', 'X_2', ')']",3,10000,((C*X_0)*X_1)*sin(C+X_2)
I.18.12,1,GRAMS-UCT,BIC,8.11337916727995e-16,True,X_1*sin(X_2)*X_0,"['X_1', '*', 'sin', '(', 'X_2', ')', '*', 'X_0']",[],tau = r*F*sin(theta),"['X_0', '*', 'X_1', '*', 'sin', '(', 'X_2', ')']",3,5086,(X_0*X_1)*sin(X_2)
I.18.12,2,GRAMS-UCT,BIC,2.724043874020051,False,cos(C/C/X_0+C)+(X_0/C)*(sin(X_2)*C),"['cos', '(', 'C', '/', 'C', '/', 'X_0', '+', 'C', ')', '+', '(', 'X_0', '/', 'C', ')', '*', '(', 'sin', '(', 'X_2', ')', '*', 'C', ')']","[np.float64(-1.0686758782311268), np.float64(4.9511641372920865), np.float64(4.806136177431598), np.float64(-0.16270873368760627), np.float64(-0.49625053625277826)]",tau = r*F*sin(theta),"['X_0', '*', 'X_1', '*', 'sin', '(', 'X_2', ')']",3,10000,(C*X_0)*sin(X_2)+cos(C+C/X_0)
I.18.12,0,GRAMS-UCT,RMSE,4.096695179099471e-08,True,X_1*X_0*cos(C-X_2),"['X_1', '*', 'X_0', '*', 'cos', '(', 'C', '-', 'X_2', ')']",[np.float64(-4.712388986100669)],tau = r*F*sin(theta),"['X_0', '*', 'X_1', '*', 'sin', '(', 'X_2', ')']",3,3607,(X_0*X_1)*cos(C-X_2)
I.18.12,1,GRAMS-UCT,RMSE,1.8622593559667682e-06,False,sin((X_2-C)+X_2/C*C)/C*C*X_0*X_1+C*C,"['sin', '(', '(', 'X_2', '-', 'C', ')', '+', 'X_2', '/', 'C', '*', 'C', ')', '/', 'C', '*', 'C', '*', 'X_0', '*', 'X_1', '+', 'C', '*', 'C']","[np.float64(3.1415929749654947), np.float64(-4.95716215638305), np.float64(-7.521325011016723e-07), np.float64(2.805032885051811), np.float64(-2.805033043746869), np.float64(1.3693865450613305), np.float64(1.6261877837144863e-06)]",tau = r*F*sin(theta),"['X_0', '*', 'X_1', '*', 'sin', '(', 'X_2', ')']",3,10000,((C*X_0)*X_1)*sin((C*X_2+C)+X_2)+C
I.18.12,2,GRAMS-UCT,RMSE,2.7243345616493424,False,(X_0*cos(X_2*C/X_2+X_2-C)/C),"['(', 'X_0', '*', 'cos', '(', 'X_2', '*', 'C', '/', 'X_2', '+', 'X_2', '-', 'C', ')', '/', 'C', ')']","[np.float64(-1.8451189189525656), np.float64(-0.2721465202444076), np.float64(0.32754478961630257)]",tau = r*F*sin(theta),"['X_0', '*', 'X_1', '*', 'sin', '(', 'X_2', ')']",3,10000,(C*X_0)*cos(C+X_2)
I.18.12,0,MC,N/A,2.749716803310794,False,(cos(C+X_2)*X_1*C),"['(', 'cos', '(', 'C', '+', 'X_2', ')', '*', 'X_1', '*', 'C', ')']","[np.float64(-1.5713903034193022), np.float64(3.025350166936844)]",tau = r*F*sin(theta),"['X_0', '*', 'X_1', '*', 'sin', '(', 'X_2', ')']",3,10000,(C*X_1)*cos(C+X_2)
I.18.12,1,MC,N/A,2.1395514181883715,False,C+sin(X_2)*(X_0+X_1*C*C),"['C', '+', 'sin', '(', 'X_2', ')', '*', '(', 'X_0', '+', 'X_1', '*', 'C', '*', 'C', ')']","[np.float64(-0.029166894897195608), np.float64(-1.282264181634267), np.float64(-1.6847953109144)]",tau = r*F*sin(theta),"['X_0', '*', 'X_1', '*', 'sin', '(', 'X_2', ')']",3,10000,((C*X_1)*sin(X_2)+C)+X_0*sin(X_2)
I.18.12,2,MC,N/A,2.7243730325752584,False,X_0*C*sin(X_2),"['X_0', '*', 'C', '*', 'sin', '(', 'X_2', ')']",[np.float64(3.051875851275608)],tau = r*F*sin(theta),"['X_0', '*', 'X_1', '*', 'sin', '(', 'X_2', ')']",3,10000,(C*X_0)*sin(X_2)
I.18.14,0,GRAMS-PUCT,BIC,10.597901865121493,False,X_3-X_2*(X_0-((C-X_0*C)*X_0/C*(X_3))*C)*(C)*C,"['X_3', '-', 'X_2', '*', '(', 'X_0', '-', '(', '(', 'C', '-', 'X_0', '*', 'C', ')', '*', 'X_0', '/', 'C', '*', '(', 'X_3', ')', ')', '*', 'C', ')', '*', '(', 'C', ')', '*', 'C']","[np.float64(-4.070901032304457), np.float64(-0.06028667642114017), np.float64(-5.0), np.float64(0.43926791655816555), np.float64(3.535716489358236), np.float64(-1.7037376527862145)]",L = m*r*v*sin(theta),"['X_0', '*', 'X_1', '*', 'X_2', '*', 'sin', '(', 'X_3', ')']",4,10000,((((C*X_0^2)*X_2)*X_3+((C*X_0)*X_2)*X_3)+(C*X_0)*X_2)+X_3
I.18.14,1,GRAMS-PUCT,BIC,10.565818534565626,False,X_2*C*X_1*(X_2/X_1-(X_0/X_3)-((C*X_3))+X_3+C/C*C*C),"['X_2', '*', 'C', '*', 'X_1', '*', '(', 'X_2', '/', 'X_1', '-', '(', 'X_0', '/', 'X_3', ')', '-', '(', '(', 'C', '*', 'X_3', ')', ')', '+', 'X_3', '+', 'C', '/', 'C', '*', 'C', '*', 'C', ')']","[np.float64(-0.2963741843317813), np.float64(-5.0), np.float64(3.727573605496661), np.float64(-1.394948725418554), np.float64(5.0), np.float64(1.3866001388454932)]",L = m*r*v*sin(theta),"['X_0', '*', 'X_1', '*', 'X_2', '*', 'sin', '(', 'X_3', ')']",4,10000,(((((C*X_0)*X_1)*X_2)/X_3+(((2*C)*X_1)*X_2)*X_3)+(C*X_1)*X_2)+C*X_2^2
I.18.14,2,GRAMS-PUCT,BIC,9.251547022781523,False,sin(X_3)/C*(X_1+C-C/X_2)*X_2+(X_1-C)-C-(C),"['sin', '(', 'X_3', ')', '/', 'C', '*', '(', 'X_1', '+', 'C', '-', 'C', '/', 'X_2', ')', '*', 'X_2', '+', '(', 'X_1', '-', 'C', ')', '-', 'C', '-', '(', 'C', ')']","[np.float64(0.34185711305094496), np.float64(0.03226684249244703), np.float64(-0.07983484090108442), np.float64(-0.23381137966867763), np.float64(1.6610069679683568), np.float64(1.585008682257444)]",L = m*r*v*sin(theta),"['X_0', '*', 'X_1', '*', 'X_2', '*', 'sin', '(', 'X_3', ')']",4,10000,(((((C*X_1)*X_2)*sin(X_3)+(C*X_2)*sin(X_3))+C*sin(X_3))+C)+X_1
I.18.14,0,GRAMS-PUCT,RMSE,12.530025983770086,False,sin(X_3)*C*(C*X_2),"['sin', '(', 'X_3', ')', '*', 'C', '*', '(', 'C', '*', 'X_2', ')']","[np.float64(3.0583014470395478), np.float64(2.917387816219241)]",L = m*r*v*sin(theta),"['X_0', '*', 'X_1', '*', 'X_2', '*', 'sin', '(', 'X_3', ')']",4,10000,(C*X_2)*sin(X_3)
I.18.14,1,GRAMS-PUCT,RMSE,10.546798385559564,False,X_2*(C*X_2-C*(C+C-(C/C-C-X_3)*X_0-C)),"['X_2', '*', '(', 'C', '*', 'X_2', '-', 'C', '*', '(', 'C', '+', 'C', '-', '(', 'C', '/', 'C', '-', 'C', '-', 'X_3', ')', '*', 'X_0', '-', 'C', ')', ')']","[np.float64(-0.039046429524495004), np.float64(1.9489880760834262), np.float64(-0.8331958277413599), np.float64(-2.6089921915679377), np.float64(3.4663973348714308), np.float64(4.35545829633611), np.float64(-2.295356982938248), np.float64(-3.372707681235516)]",L = m*r*v*sin(theta),"['X_0', '*', 'X_1', '*', 'X_2', '*', 'sin', '(', 'X_3', ')']",4,10000,((((C*X_0)*X_2)*X_3+(C*X_0)*X_2)+C*X_2^2)+C*X_2
I.18.14,2,GRAMS-PUCT,RMSE,9.490503464325391,False,(X_2*sin((C-C+X_2/C/C)-X_3)*X_0*C*C+X_0),"['(', 'X_2', '*', 'sin', '(', '(', 'C', '-', 'C', '+', 'X_2', '/', 'C', '/', 'C', ')', '-', 'X_3', ')', '*', 'X_0', '*', 'C', '*', 'C', '+', 'X_0', ')']","[np.float64(-1.7656778269811417), np.float64(1.6758118447989079), np.float64(3.853506593074632), np.float64(4.985375451236699), np.float64(1.8469369523867818), np.float64(1.6037753664101928)]",L = m*r*v*sin(theta),"['X_0', '*', 'X_1', '*', 'X_2', '*', 'sin', '(', 'X_3', ')']",4,10000,((C*X_0)*X_2)*sin((C*X_2+C)+-1*X_3)+X_0
I.18.14,0,GRAMS-UCT,BIC,5.443295758998631,False,X_1/X_2-(X_2)+X_2-X_2*((C+sin(X_3+X_3/X_0/C*X_1/C))*((X_3/(X_3*C+X_1))/X_0+(X_1)*C*X_0)/X_3)*C+X_2+C*C,"['X_1', '/', 'X_2', '-', '(', 'X_2', ')', '+', 'X_2', '-', 'X_2', '*', '(', '(', 'C', '+', 'sin', '(', 'X_3', '+', 'X_3', '/', 'X_0', '/', 'C', '*', 'X_1', '/', 'C', ')', ')', '*', '(', '(', 'X_3', '/', '(', 'X_3', '*', 'C', '+', 'X_1', ')', ')', '/', 'X_0', '+', '(', 'X_1', ')', '*', 'C', '*', 'X_0', ')', '/', 'X_3', ')', '*', 'C', '+', 'X_2', '+', 'C', '*', 'C']","[np.float64(-0.48158204085613615), np.float64(3.605448084903997), np.float64(-3.157883308655166), np.float64(0.33628131363516334), np.float64(1.2585328277421346), np.float64(-2.5090089542507337), np.float64(1.1550365059630616), np.float64(-2.361622249201042)]",L = m*r*v*sin(theta),"['X_0', '*', 'X_1', '*', 'X_2', '*', 'sin', '(', 'X_3', ')']",4,10000,(((((((((C*X_0)*X_1)*X_2)*sin(((C*X_1)*X_3)/X_0+X_3))/X_3+(((C*X_0)*X_1)*X_2)/X_3)+((C*X_2)*sin(((C*X_1)*X_3)/X_0+X_3))/((C*X_0)*X_3+X_0*X_1))+(C*X_2)/((C*X_0)*X_3+X_0*X_1))+C)+X_1/X_2)+X_2
I.18.14,1,GRAMS-UCT,BIC,9.16890124311031,False,C*X_2*cos(X_3-C)/C/(C)*X_1-C,"['C', '*', 'X_2', '*', 'cos', '(', 'X_3', '-', 'C', ')', '/', 'C', '/', '(', 'C', ')', '*', 'X_1', '-', 'C']","[np.float64(-1.4465033197137755), np.float64(-4.714643220389541), np.float64(-0.25209105228866285), np.float64(1.9284158908711961), np.float64(-0.021032792922606444)]",L = m*r*v*sin(theta),"['X_0', '*', 'X_1', '*', 'X_2', '*', 'sin', '(', 'X_3', ')']",4,10000,((C*X_1)*X_2)*cos(C-X_3)+C
I.18.14,2,GRAMS-UCT,BIC,3.087881515763464e-08,True,X_2*cos(C+(C-C*C)-X_3)*X_1*X_0,"['X_2', '*', 'cos', '(', 'C', '+', '(', 'C', '-', 'C', '*', 'C', ')', '-', 'X_3', ')', '*', 'X_1', '*', 'X_0']","[np.float64(2.4763103724801474), np.float64(-0.0011760605335541), np.float64(3.5725492943577457), np.float64(2.0118751901423386)]",L = m*r*v*sin(theta),"['X_0', '*', 'X_1', '*', 'X_2', '*', 'sin', '(', 'X_3', ')']",4,2848,((X_0*X_1)*X_2)*cos(C-X_3)
I.18.14,0,GRAMS-UCT,RMSE,10.70680546101056,False,(C*X_0*(C)*X_3*X_1*C)-X_1/(((C)*C-X_3))/C*X_0,"['(', 'C', '*', 'X_0', '*', '(', 'C', ')', '*', 'X_3', '*', 'X_1', '*', 'C', ')', '-', 'X_1', '/', '(', '(', '(', 'C', ')', '*', 'C', '-', 'X_3', ')', ')', '/', 'C', '*', 'X_0']","[np.float64(0.49874478018180696), np.float64(-0.9838957251286264), np.float64(3.4828397566628655), np.float64(-4.3239523583828126), np.float64(5.0), np.float64(0.007643857146564327)]",L = m*r*v*sin(theta),"['X_0', '*', 'X_1', '*', 'X_2', '*', 'sin', '(', 'X_3', ')']",4,10000,((C*X_0)*X_1)*X_3+((C*X_0)*X_1)/(C-X_3)
I.18.14,1,GRAMS-UCT,RMSE,9.845054088371853,False,sin(X_3)*(X_1/C*X_2*(C-C))-C-(X_2+C/C*X_3/X_3)*X_1,"['sin', '(', 'X_3', ')', '*', '(', 'X_1', '/', 'C', '*', 'X_2', '*', '(', 'C', '-', 'C', ')', ')', '-', 'C', '-', '(', 'X_2', '+', 'C', '/', 'C', '*', 'X_3', '/', 'X_3', ')', '*', 'X_1']","[np.float64(-2.0562625587303955), np.float64(-4.4366843759872845), np.float64(1.7175727333789692), np.float64(-0.2504002707451788), np.float64(-4.089344649930833), np.float64(1.3984588777057223)]",L = m*r*v*sin(theta),"['X_0', '*', 'X_1', '*', 'X_2', '*', 'sin', '(', 'X_3', ')']",4,10000,((((C*X_1)*X_2)*sin(X_3)+C*X_1)+C)+-1*(X_1*X_2)
I.18.14,2,GRAMS-UCT,RMSE,9.230827793717935,False,C/C+C/C*X_2/C*X_1*sin(X_3)-X_2+C,"['C', '/', 'C', '+', 'C', '/', 'C', '*', 'X_2', '/', 'C', '*', 'X_1', '*', 'sin', '(', 'X_3', ')', '-', 'X_2', '+', 'C']","[np.float64(2.4912801051683515), np.float64(4.217836273386076), np.float64(-4.977306881201383), np.float64(-1.0085074146971207), np.float64(1.6554119565088645), np.float64(2.4101672059824577)]",L = m*r*v*sin(theta),"['X_0', '*', 'X_1', '*', 'X_2', '*', 'sin', '(', 'X_3', ')']",4,10000,(((C*X_1)*X_2)*sin(X_3)+C)+-1*X_2
I.18.14,0,MC,N/A,12.755154058512328,False,X_1-X_3/X_2-(X_1*sin(X_3)/C*C),"['X_1', '-', 'X_3', '/', 'X_2', '-', '(', 'X_1', '*', 'sin', '(', 'X_3', ')', '/', 'C', '*', 'C', ')']","[np.float64(-0.5753820516284208), np.float64(5.0)]",L = m*r*v*sin(theta),"['X_0', '*', 'X_1', '*', 'X_2', '*', 'sin', '(', 'X_3', ')']",4,10000,((C*X_1)*sin(X_3)+X_1)+-1*(X_3/X_2)
I.18.14,1,MC,N/A,12.462098736084576,False,C+sin(X_3)*(X_1+X_1*C*C),"['C', '+', 'sin', '(', 'X_3', ')', '*', '(', 'X_1', '+', 'X_1', '*', 'C', '*', 'C', ')']","[np.float64(0.032199002464800196), np.float64(4.443305727934503), np.float64(1.7873282166795705)]",L = m*r*v*sin(theta),"['X_0', '*', 'X_1', '*', 'X_2', '*', 'sin', '(', 'X_3', ')']",4,10000,((C*X_1)*sin(X_3)+C)+X_1*sin(X_3)
I.18.14,2,MC,N/A,10.694126302558496,False,X_1-sin(X_3)/C*(X_1+C-C/X_2),"['X_1', '-', 'sin', '(', 'X_3', ')', '/', 'C', '*', '(', 'X_1', '+', 'C', '-', 'C', '/', 'X_2', ')']","[np.float64(-0.10957819840668115), np.float64(1.9023558990036407), np.float64(5.0)]",L = m*r*v*sin(theta),"['X_0', '*', 'X_1', '*', 'X_2', '*', 'sin', '(', 'X_3', ')']",4,10000,(((C*X_1)*sin(X_3)+C*sin(X_3))+(C*sin(X_3))/X_2)+X_1
I.18.4,0,GRAMS-PUCT,BIC,0.2342710960282397,False,(X_3/C-X_2*C+X_0*C/X_2),"['(', 'X_3', '/', 'C', '-', 'X_2', '*', 'C', '+', 'X_0', '*', 'C', '/', 'X_2', ')']","[np.float64(1.952339708739033), np.float64(-0.499170837933387), np.float64(-0.033166834409374686)]",r = (m1*r1+m2*r2)/(m1+m2),"['(', 'X_0', '*', 'X_2', '+', 'X_1', '*', 'X_3', ')', '/', '(', 'X_0', '+', 'X_1', ')']",4,10000,((C*X_0)/X_2+C*X_2)+C*X_3
I.18.4,1,GRAMS-PUCT,BIC,0.2298589149057137,False,(C*(X_3*C/X_3-X_2+cos(X_2)*C+X_1-(X_1*C*C*X_3))),"['(', 'C', '*', '(', 'X_3', '*', 'C', '/', 'X_3', '-', 'X_2', '+', 'cos', '(', 'X_2', ')', '*', 'C', '+', 'X_1', '-', '(', 'X_1', '*', 'C', '*', 'C', '*', 'X_3', ')', ')', ')']","[np.float64(-0.4915419571785202), np.float64(-3.16504558313431), np.float64(0.014310702525141323), np.float64(0.6172066883574199), np.float64(0.5268490618834413)]",r = (m1*r1+m2*r2)/(m1+m2),"['(', 'X_0', '*', 'X_2', '+', 'X_1', '*', 'X_3', ')', '/', '(', 'X_0', '+', 'X_1', ')']",4,10000,((((C*X_1)*X_3+C*X_1)+C*X_2)+C*cos(X_2))+C
I.18.4,2,GRAMS-PUCT,BIC,0.20427351434535462,False,X_2+C*X_3*(C*C+cos(X_1)-cos(X_0)/X_0-X_2/C/X_3)*(C/X_2+X_1),"['X_2', '+', 'C', '*', 'X_3', '*', '(', 'C', '*', 'C', '+', 'cos', '(', 'X_1', ')', '-', 'cos', '(', 'X_0', ')', '/', 'X_0', '-', 'X_2', '/', 'C', '/', 'X_3', ')', '*', '(', 'C', '/', 'X_2', '+', 'X_1', ')']","[np.float64(-0.005245715942305731), np.float64(-4.891058365093412), np.float64(5.0), np.float64(-0.03934346123177316), np.float64(1.505884168030686)]",r = (m1*r1+m2*r2)/(m1+m2),"['(', 'X_0', '*', 'X_2', '+', 'X_1', '*', 'X_3', ')', '/', '(', 'X_0', '+', 'X_1', ')']",4,10000,((((((((C*X_1)*X_2+((C*X_1)*X_3)*cos(X_1))+(C*X_1)*X_3)+((C*X_3)*cos(X_0))/(X_0*X_2))+C)+((C*X_3)*cos(X_1))/X_2)+(C*X_3)/X_2)+(((C*X_1)*X_3)*cos(X_0))/X_0)+X_2
I.18.4,0,GRAMS-PUCT,RMSE,0.23614001534559015,False,C+C*X_2+C-C*X_3,"['C', '+', 'C', '*', 'X_2', '+', 'C', '-', 'C', '*', 'X_3']","[np.float64(-0.6453194746465197), np.float64(0.5014108157397631), np.float64(0.6446128568086348), np.float64(-0.49879788287735705)]",r = (m1*r1+m2*r2)/(m1+m2),"['(', 'X_0', '*', 'X_2', '+', 'X_1', '*', 'X_3', ')', '/', '(', 'X_0', '+', 'X_1', ')']",4,10000,(C*X_2+C*X_3)+C
I.18.4,1,GRAMS-PUCT,RMSE,0.2249798320196186,False,C*X_0/X_3*X_2-X_2*cos((C)*C)-X_3*C/(C-C/X_1/(X_0/exp(X_0/C)))*C,"['C', '*', 'X_0', '/', 'X_3', '*', 'X_2', '-', 'X_2', '*', 'cos', '(', '(', 'C', ')', '*', 'C', ')', '-', 'X_3', '*', 'C', '/', '(', 'C', '-', 'C', '/', 'X_1', '/', '(', 'X_0', '/', 'exp', '(', 'X_0', '/', 'C', ')', ')', ')', '*', 'C']","[np.float64(0.032911953240015564), np.float64(1.0126664892488277), np.float64(-4.20369860437866), np.float64(3.6454318467693), np.float64(-5.0), np.float64(-1.2845639600452463), np.float64(-3.19894342674912), np.float64(0.7030643654663756)]",r = (m1*r1+m2*r2)/(m1+m2),"['(', 'X_0', '*', 'X_2', '+', 'X_1', '*', 'X_3', ')', '/', '(', 'X_0', '+', 'X_1', ')']",4,10000,(((C*X_0)*X_2)/X_3+C*X_2)+(C*X_3)/(C+(C*exp(C*X_0))/(X_0*X_1))
I.18.4,2,GRAMS-PUCT,RMSE,0.23612699717734775,False,C*X_0*C+C+X_0+C*(X_2*(C/C))+C*X_3,"['C', '*', 'X_0', '*', 'C', '+', 'C', '+', 'X_0', '+', 'C', '*', '(', 'X_2', '*', '(', 'C', '/', 'C', ')', ')', '+', 'C', '*', 'X_3']","[np.float64(0.5058217700472577), np.float64(-1.9810653119770174), np.float64(0.005917965857111722), np.float64(-0.5082036051156511), np.float64(-3.678089932693559), np.float64(3.7287802641992145), np.float64(0.49878047538515485)]",r = (m1*r1+m2*r2)/(m1+m2),"['(', 'X_0', '*', 'X_2', '+', 'X_1', '*', 'X_3', ')', '/', '(', 'X_0', '+', 'X_1', ')']",4,10000,(((C*X_0+C*X_2)+C*X_3)+C)+X_0
I.18.4,0,GRAMS-UCT,BIC,0.22900933948715577,False,X_2/C+(C-C*X_3)*C*X_1+C,"['X_2', '/', 'C', '+', '(', 'C', '-', 'C', '*', 'X_3', ')', '*', 'C', '*', 'X_1', '+', 'C']","[np.float64(1.991996872078961), np.float64(1.948048336223525), np.float64(0.6468261702691701), np.float64(-0.24254447411313335), np.float64(1.4973702095834105)]",r = (m1*r1+m2*r2)/(m1+m2),"['(', 'X_0', '*', 'X_2', '+', 'X_1', '*', 'X_3', ')', '/', '(', 'X_0', '+', 'X_1', ')']",4,10000,(((C*X_1)*X_3+C*X_1)+C*X_2)+C
I.18.4,1,GRAMS-UCT,BIC,0.23174321626268674,False,X_3/(X_0-C-X_0/(C)*C)+C*X_2,"['X_3', '/', '(', 'X_0', '-', 'C', '-', 'X_0', '/', '(', 'C', ')', '*', 'C', ')', '+', 'C', '*', 'X_2']","[np.float64(-1.8597863692870167), np.float64(-2.8166420943887887), np.float64(-2.6800686425045184), np.float64(0.501176497675366)]",r = (m1*r1+m2*r2)/(m1+m2),"['(', 'X_0', '*', 'X_2', '+', 'X_1', '*', 'X_3', ')', '/', '(', 'X_0', '+', 'X_1', ')']",4,10000,C*X_2+X_3/((C*X_0+C)+X_0)
I.18.4,2,GRAMS-UCT,BIC,0.22686451642053446,False,C-(C*X_3*C+C+exp(C/(X_1)/X_3))-C*X_2-C*C/X_1,"['C', '-', '(', 'C', '*', 'X_3', '*', 'C', '+', 'C', '+', 'exp', '(', 'C', '/', '(', 'X_1', ')', '/', 'X_3', ')', ')', '-', 'C', '*', 'X_2', '-', 'C', '*', 'C', '/', 'X_1']","[np.float64(-0.7887566624310929), np.float64(3.7656379117522936), np.float64(-0.15163176989218632), np.float64(-1.529597524850877), np.float64(-1.682964060429953), np.float64(-0.5012252669725885), np.float64(1.0112864342843437), np.float64(0.4504740971942546)]",r = (m1*r1+m2*r2)/(m1+m2),"['(', 'X_0', '*', 'X_2', '+', 'X_1', '*', 'X_3', ')', '/', '(', 'X_0', '+', 'X_1', ')']",4,10000,(((C*X_2+C*X_3)+C)+C/X_1)+-1*exp(C/(X_1*X_3))
I.18.4,0,GRAMS-UCT,RMSE,0.2324462991841705,False,X_2*sin(C)*C+C/(X_3*X_1/C)+(X_3)*C-C,"['X_2', '*', 'sin', '(', 'C', ')', '*', 'C', '+', 'C', '/', '(', 'X_3', '*', 'X_1', '/', 'C', ')', '+', '(', 'X_3', ')', '*', 'C', '-', 'C']","[np.float64(-1.567345342083782), np.float64(-0.5016386640592406), np.float64(-0.696012538100135), np.float64(-0.653045106095342), np.float64(0.527354856254016), np.float64(0.16098584873347682)]",r = (m1*r1+m2*r2)/(m1+m2),"['(', 'X_0', '*', 'X_2', '+', 'X_1', '*', 'X_3', ')', '/', '(', 'X_0', '+', 'X_1', ')']",4,10000,((C*X_2+C*X_3)+C)+C/(X_1*X_3)
I.18.4,1,GRAMS-UCT,RMSE,0.23283582100040426,False,X_2*C+C+X_2*X_1*C-(X_3*C)+C/C,"['X_2', '*', 'C', '+', 'C', '+', 'X_2', '*', 'X_1', '*', 'C', '-', '(', 'X_3', '*', 'C', ')', '+', 'C', '/', 'C']","[np.float64(0.5334702530743938), np.float64(-1.4293754172704674), np.float64(-0.010679454447580504), np.float64(-0.49914843897834704), np.float64(4.559698128601594), np.float64(3.194637693046041)]",r = (m1*r1+m2*r2)/(m1+m2),"['(', 'X_0', '*', 'X_2', '+', 'X_1', '*', 'X_3', ')', '/', '(', 'X_0', '+', 'X_1', ')']",4,10000,(((C*X_1)*X_2+C*X_2)+C*X_3)+C
I.18.4,2,GRAMS-UCT,RMSE,0.22428668462491783,False,C*X_0+C*C*X_3*C-X_2*C+X_0/C/X_2-C,"['C', '*', 'X_0', '+', 'C', '*', 'C', '*', 'X_3', '*', 'C', '-', 'X_2', '*', 'C', '+', 'X_0', '/', 'C', '/', 'X_2', '-', 'C']","[np.float64(0.11320753722732627), np.float64(0.8921812427050642), np.float64(-0.25912183802267613), np.float64(-2.1535458614168923), np.float64(-0.3657679500674473), np.float64(-3.4981236448251307), np.float64(-0.4144781048187188)]",r = (m1*r1+m2*r2)/(m1+m2),"['(', 'X_0', '*', 'X_2', '+', 'X_1', '*', 'X_3', ')', '/', '(', 'X_0', '+', 'X_1', ')']",4,10000,(((C*X_0+(C*X_0)/X_2)+C*X_2)+C*X_3)+C
I.18.4,0,MC,N/A,0.2361400867498934,False,C*X_2-C*X_3,"['C', '*', 'X_2', '-', 'C', '*', 'X_3']","[np.float64(0.501301149165236), np.float64(-0.4986887618705117)]",r = (m1*r1+m2*r2)/(m1+m2),"['(', 'X_0', '*', 'X_2', '+', 'X_1', '*', 'X_3', ')', '/', '(', 'X_0', '+', 'X_1', ')']",4,10000,C*X_2+C*X_3
I.18.4,1,MC,N/A,0.23612696882909887,False,(C*X_2)+C*X_3-X_0*C-C+C,"['(', 'C', '*', 'X_2', ')', '+', 'C', '*', 'X_3', '-', 'X_0', '*', 'C', '-', 'C', '+', 'C']","[np.float64(0.5014010047656652), np.float64(0.4989032218337133), np.float64(0.0021449323749606047), np.float64(4.199676339611864), np.float64(4.205177041701895)]",r = (m1*r1+m2*r2)/(m1+m2),"['(', 'X_0', '*', 'X_2', '+', 'X_1', '*', 'X_3', ')', '/', '(', 'X_0', '+', 'X_1', ')']",4,10000,((C*X_0+C*X_2)+C*X_3)+C
I.18.4,2,MC,N/A,0.23197813252486377,False,((X_3-C*X_1-(C*C)-X_2-X_3*C/X_0-X_3/C+C)*C),"['(', '(', 'X_3', '-', 'C', '*', 'X_1', '-', '(', 'C', '*', 'C', ')', '-', 'X_2', '-', 'X_3', '*', 'C', '/', 'X_0', '-', 'X_3', '/', 'C', '+', 'C', ')', '*', 'C', ')']","[np.float64(0.0035879202558930894), np.float64(1.0969489209827197), np.float64(-2.0556994214203366), np.float64(0.13861730577111192), np.float64(0.5156185242201078), np.float64(-2.242834449165036), np.float64(-0.5013882122401804)]",r = (m1*r1+m2*r2)/(m1+m2),"['(', 'X_0', '*', 'X_2', '+', 'X_1', '*', 'X_3', ')', '/', '(', 'X_0', '+', 'X_1', ')']",4,10000,(((C*X_1+C*X_2)+(2*C)*X_3)+C)+(C*X_3)/X_0
I.24.6,0,GRAMS-PUCT,BIC,2.0529561203609377,False,C*X_0+((X_2)/C)*(C*(X_3/exp(exp(X_3)/((X_0*X_1))/X_3/X_2*C+C)*X_3*X_1/C)/C)*X_0,"['C', '*', 'X_0', '+', '(', '(', 'X_2', ')', '/', 'C', ')', '*', '(', 'C', '*', '(', 'X_3', '/', 'exp', '(', 'exp', '(', 'X_3', ')', '/', '(', '(', 'X_0', '*', 'X_1', ')', ')', '/', 'X_3', '/', 'X_2', '*', 'C', '+', 'C', ')', '*', 'X_3', '*', 'X_1', '/', 'C', ')', '/', 'C', ')', '*', 'X_0']","[np.float64(0.35676880198981165), np.float64(-2.1845644206866317), np.float64(-3.195730947705308), np.float64(-0.0885150811942711), np.float64(-0.5173888692325701), np.float64(-2.7949092643071785), np.float64(-1.769484384016182)]",E_n = 1/2*m*(omega^2+omega_0^2)*1/2*x^2,"['0.25', '*', 'X_0', '*', '(', 'X_1', '^2', '+', 'X_2', '^2', ')', '*', 'X_3', '^2']",4,10000,((((C*X_0)*X_1)*X_2)*X_3^2)*exp((C*exp(X_3))/(((X_0*X_1)*X_2)*X_3))+C*X_0
I.24.6,1,GRAMS-PUCT,BIC,3.6588685052598877,False,X_3*(X_2/C-(C-X_3*X_0*(sin(C-C)*C*sqrt(X_2*X_1))/C))/C,"['X_3', '*', '(', 'X_2', '/', 'C', '-', '(', 'C', '-', 'X_3', '*', 'X_0', '*', '(', 'sin', '(', 'C', '-', 'C', ')', '*', 'C', '*', 'sqrt', '(', 'X_2', '*', 'X_1', ')', ')', '/', 'C', ')', ')', '/', 'C']","[np.float64(4.98578893476467), np.float64(-5.0), np.float64(-4.997961681618659), np.float64(4.997961673913032), np.float64(-4.999738852917664), np.float64(0.435335802824593), np.float64(-4.99998213250314)]",E_n = 1/2*m*(omega^2+omega_0^2)*1/2*x^2,"['0.25', '*', 'X_0', '*', '(', 'X_1', '^2', '+', 'X_2', '^2', ')', '*', 'X_3', '^2']",4,10000,(((C*X_0)*X_3^2)*(X_1*X_2)^0.5+(C*X_2)*X_3)+C*X_3
I.24.6,2,GRAMS-PUCT,BIC,3.860282380848468,False,C+X_0+C+(C+C+X_2*X_1+(X_2-C*X_3/X_0*C*X_3*C*X_1)+(X_2)+C*X_3)*X_0,"['C', '+', 'X_0', '+', 'C', '+', '(', 'C', '+', 'C', '+', 'X_2', '*', 'X_1', '+', '(', 'X_2', '-', 'C', '*', 'X_3', '/', 'X_0', '*', 'C', '*', 'X_3', '*', 'C', '*', 'X_1', ')', '+', '(', 'X_2', ')', '+', 'C', '*', 'X_3', ')', '*', 'X_0']","[np.float64(-4.563150922480802), np.float64(-4.923613488556894), np.float64(-3.966616949545199), np.float64(-4.741285140140778), np.float64(-2.5507356573527398), np.float64(1.757963785743381), np.float64(0.24792162966509484), np.float64(4.513412606450343)]",E_n = 1/2*m*(omega^2+omega_0^2)*1/2*x^2,"['0.25', '*', 'X_0', '*', '(', 'X_1', '^2', '+', 'X_2', '^2', ')', '*', 'X_3', '^2']",4,10000,((((((C*X_0)*X_3+C*X_0)+(C*X_1)*X_3^2)+C)+(X_0*X_1)*X_2)+(2*X_0)*X_2)+X_0
I.24.6,0,GRAMS-PUCT,RMSE,4.314799430968173,False,(X_2/C+X_1/C-C+X_3)/C*X_0/C+(X_0)-X_2/C,"['(', 'X_2', '/', 'C', '+', 'X_1', '/', 'C', '-', 'C', '+', 'X_3', ')', '/', 'C', '*', 'X_0', '/', 'C', '+', '(', 'X_0', ')', '-', 'X_2', '/', 'C']","[np.float64(1.9414932503915316), np.float64(1.9952236709621856), np.float64(3.0360938827604422), np.float64(3.486040445476322), np.float64(0.033380604519327776), np.float64(4.998845734717934)]",E_n = 1/2*m*(omega^2+omega_0^2)*1/2*x^2,"['0.25', '*', 'X_0', '*', '(', 'X_1', '^2', '+', 'X_2', '^2', ')', '*', 'X_3', '^2']",4,10000,(((((C*X_0)*X_1+(C*X_0)*X_2)+(C*X_0)*X_3)+C*X_0)+C*X_2)+X_0
I.24.6,1,GRAMS-PUCT,RMSE,2.081738455106274,False,C-C+X_3+X_3*X_1*X_3*X_2/C*(C)*X_0+C*C,"['C', '-', 'C', '+', 'X_3', '+', 'X_3', '*', 'X_1', '*', 'X_3', '*', 'X_2', '/', 'C', '*', '(', 'C', ')', '*', 'X_0', '+', 'C', '*', 'C']","[np.float64(-1.183967002266815), np.float64(1.7664654062076255), np.float64(-1.8180909203408386), np.float64(-0.9179413477542793), np.float64(0.9795658296556162), np.float64(2.259227752369239)]",E_n = 1/2*m*(omega^2+omega_0^2)*1/2*x^2,"['0.25', '*', 'X_0', '*', '(', 'X_1', '^2', '+', 'X_2', '^2', ')', '*', 'X_3', '^2']",4,10000,((((C*X_0)*X_1)*X_2)*X_3^2+C)+X_3
I.24.6,2,GRAMS-PUCT,RMSE,4.017714280314916,False,X_0*C*(X_2+C+X_3*C*X_1*X_2-C/X_2-(C-X_1)/C)+X_0,"['X_0', '*', 'C', '*', '(', 'X_2', '+', 'C', '+', 'X_3', '*', 'C', '*', 'X_1', '*', 'X_2', '-', 'C', '/', 'X_2', '-', '(', 'C', '-', 'X_1', ')', '/', 'C', ')', '+', 'X_0']","[np.float64(3.829374538506979), np.float64(-3.9281125201963283), np.float64(0.4680983486802789), np.float64(-5.0), np.float64(-1.1767711581727844), np.float64(-1.3362199509716983)]",E_n = 1/2*m*(omega^2+omega_0^2)*1/2*x^2,"['0.25', '*', 'X_0', '*', '(', 'X_1', '^2', '+', 'X_2', '^2', ')', '*', 'X_3', '^2']",4,10000,(((((((C*X_0)*X_1)*X_2)*X_3+(C*X_0)*X_1)+(C*X_0)*X_2)+(2*C)*X_0)+(C*X_0)/X_2)+X_0
I.24.6,0,GRAMS-UCT,BIC,3.589751104562645,False,C-C*X_0+C*sin(X_0)+X_1+C*(X_2+X_2-X_3*X_1/C*X_3/X_1)-sqrt(X_3)*X_3*X_3*C*X_0*X_1+X_2*X_3/X_2*C-X_2,"['C', '-', 'C', '*', 'X_0', '+', 'C', '*', 'sin', '(', 'X_0', ')', '+', 'X_1', '+', 'C', '*', '(', 'X_2', '+', 'X_2', '-', 'X_3', '*', 'X_1', '/', 'C', '*', 'X_3', '/', 'X_1', ')', '-', 'sqrt', '(', 'X_3', ')', '*', 'X_3', '*', 'X_3', '*', 'C', '*', 'X_0', '*', 'X_1', '+', 'X_2', '*', 'X_3', '/', 'X_2', '*', 'C', '-', 'X_2']","[np.float64(-5.0), np.float64(0.6991484552793767), np.float64(-5.0), np.float64(4.581123970566234), np.float64(-3.812061787916014), np.float64(-0.5931630454891595), np.float64(-4.994287853578976)]",E_n = 1/2*m*(omega^2+omega_0^2)*1/2*x^2,"['0.25', '*', 'X_0', '*', '(', 'X_1', '^2', '+', 'X_2', '^2', ')', '*', 'X_3', '^2']",4,10000,(((((((((C*X_0)*X_1)*X_3^(5/2)+C*X_0)+C*X_2)+C*X_3^2)+C*X_3)+C*sin(X_0))+C)+X_1)+-1*X_2
I.24.6,1,GRAMS-UCT,BIC,2.303000412145561,False,(C+C-C-X_3)-X_3*X_1*X_3*X_2/C*(C)*X_0-C*C,"['(', 'C', '+', 'C', '-', 'C', '-', 'X_3', ')', '-', 'X_3', '*', 'X_1', '*', 'X_3', '*', 'X_2', '/', 'C', '*', '(', 'C', ')', '*', 'X_0', '-', 'C', '*', 'C']","[np.float64(-2.2227076925362903), np.float64(3.0904154706231473), np.float64(1.5878460352594819), np.float64(-4.999998401220573), np.float64(2.665470318857973), np.float64(-1.6018381047116284), np.float64(1.8710269540568927)]",E_n = 1/2*m*(omega^2+omega_0^2)*1/2*x^2,"['0.25', '*', 'X_0', '*', '(', 'X_1', '^2', '+', 'X_2', '^2', ')', '*', 'X_3', '^2']",4,10000,((((C*X_0)*X_1)*X_2)*X_3^2+C)+-1*X_3
I.24.6,2,GRAMS-UCT,BIC,3.1061655506264954,False,X_1*X_3*(X_3+C+X_0)/X_2*X_2*X_2-X_2,"['X_1', '*', 'X_3', '*', '(', 'X_3', '+', 'C', '+', 'X_0', ')', '/', 'X_2', '*', 'X_2', '*', 'X_2', '-', 'X_2']",[np.float64(-1.635784759277156)],E_n = 1/2*m*(omega^2+omega_0^2)*1/2*x^2,"['0.25', '*', 'X_0', '*', '(', 'X_1', '^2', '+', 'X_2', '^2', ')', '*', 'X_3', '^2']",4,10000,((((C*X_1)*X_2)*X_3+((X_0*X_1)*X_2)*X_3)+(X_1*X_2)*X_3^2)+-1*X_2
I.24.6,0,GRAMS-UCT,RMSE,3.0542518562776753,False,(X_1+X_2*C+C*C-X_0*(X_1))*X_3/((C+C))*X_1*X_3/X_1/C+X_2-C+C,"['(', 'X_1', '+', 'X_2', '*', 'C', '+', 'C', '*', 'C', '-', 'X_0', '*', '(', 'X_1', ')', ')', '*', 'X_3', '/', '(', '(', 'C', '+', 'C', ')', ')', '*', 'X_1', '*', 'X_3', '/', 'X_1', '/', 'C', '+', 'X_2', '-', 'C', '+', 'C']","[np.float64(-1.4684353410066455), np.float64(-0.29932620561596696), np.float64(-4.95645236001409), np.float64(4.202820555790247), np.float64(1.910751498010656), np.float64(-0.13102689050272284), np.float64(-1.1619151146001496), np.float64(-3.1034504308840645)]",E_n = 1/2*m*(omega^2+omega_0^2)*1/2*x^2,"['0.25', '*', 'X_0', '*', '(', 'X_1', '^2', '+', 'X_2', '^2', ')', '*', 'X_3', '^2']",4,10000,((((((C*X_0)*X_1)*X_3^2+(C*X_1)*X_3^2)+(C*X_2)*X_3^2)+C*X_3^2)+C)+X_2
I.24.6,1,GRAMS-UCT,RMSE,4.525867977170941,False,X_3*X_2*X_3/X_1-C*(X_3+X_0-C)*X_1*X_3+C*C-C/X_0*(C/C/X_2),"['X_3', '*', 'X_2', '*', 'X_3', '/', 'X_1', '-', 'C', '*', '(', 'X_3', '+', 'X_0', '-', 'C', ')', '*', 'X_1', '*', 'X_3', '+', 'C', '*', 'C', '-', 'C', '/', 'X_0', '*', '(', 'C', '/', 'C', '/', 'X_2', ')']","[np.float64(-1.341487618642049), np.float64(0.4859410573380816), np.float64(0.6529924229858669), np.float64(2.7869800272088754), np.float64(-4.692576505158787), np.float64(3.862499799061406), np.float64(-0.7240768271308441)]",E_n = 1/2*m*(omega^2+omega_0^2)*1/2*x^2,"['0.25', '*', 'X_0', '*', '(', 'X_1', '^2', '+', 'X_2', '^2', ')', '*', 'X_3', '^2']",4,10000,((((((C*X_0)*X_1)*X_3+(C*X_1)*X_3^2)+(C*X_1)*X_3)+C)+C/(X_0*X_2))+(X_2*X_3^2)/X_1
I.24.6,2,GRAMS-UCT,RMSE,2.177697507969431,False,(X_3)/C*X_0*X_3/C*X_2/C*(X_1*C)+C/C*X_2,"['(', 'X_3', ')', '/', 'C', '*', 'X_0', '*', 'X_3', '/', 'C', '*', 'X_2', '/', 'C', '*', '(', 'X_1', '*', 'C', ')', '+', 'C', '/', 'C', '*', 'X_2']","[np.float64(-5.0), np.float64(-1.2863889899246221), np.float64(-1.2715730564322252), np.float64(-4.265744319611629), np.float64(0.7472353147652893), np.float64(2.5915644130527924)]",E_n = 1/2*m*(omega^2+omega_0^2)*1/2*x^2,"['0.25', '*', 'X_0', '*', '(', 'X_1', '^2', '+', 'X_2', '^2', ')', '*', 'X_3', '^2']",4,10000,(((C*X_0)*X_1)*X_2)*X_3^2+C*X_2
I.24.6,0,MC,N/A,4.769907611887394,False,(C/X_1*C/X_2/C+C)*X_0/exp(X_3*C+X_3)/C*C*(X_1),"['(', 'C', '/', 'X_1', '*', 'C', '/', 'X_2', '/', 'C', '+', 'C', ')', '*', 'X_0', '/', 'exp', '(', 'X_3', '*', 'C', '+', 'X_3', ')', '/', 'C', '*', 'C', '*', '(', 'X_1', ')']","[np.float64(4.946822254636827), np.float64(0.48638669857992545), np.float64(-0.47083007814531413), np.float64(4.7327818617484905), np.float64(-1.92628525798953), np.float64(3.979696910153155), np.float64(0.7424476373391417)]",E_n = 1/2*m*(omega^2+omega_0^2)*1/2*x^2,"['0.25', '*', 'X_0', '*', '(', 'X_1', '^2', '+', 'X_2', '^2', ')', '*', 'X_3', '^2']",4,10000,(((C*X_0)*X_1)*exp(-1*X_3))*exp(C*X_3)+(((C*X_0)*exp(-1*X_3))*exp(C*X_3))/X_2
I.24.6,1,MC,N/A,5.512946883815718,False,X_3/C*(C)*(C+X_1*X_0*X_2),"['X_3', '/', 'C', '*', '(', 'C', ')', '*', '(', 'C', '+', 'X_1', '*', 'X_0', '*', 'X_2', ')']","[np.float64(3.2013772593854606), np.float64(3.673530130637434), np.float64(0.6844217850644597)]",E_n = 1/2*m*(omega^2+omega_0^2)*1/2*x^2,"['0.25', '*', 'X_0', '*', '(', 'X_1', '^2', '+', 'X_2', '^2', ')', '*', 'X_3', '^2']",4,10000,(((C*X_0)*X_1)*X_2)*X_3+C*X_3
I.24.6,2,MC,N/A,4.611943778670414,False,exp(cos(X_3)/(C/(X_0-X_1+C))+X_2+((X_2*X_0/C)-C/C)*C-X_2),"['exp', '(', 'cos', '(', 'X_3', ')', '/', '(', 'C', '/', '(', 'X_0', '-', 'X_1', '+', 'C', ')', ')', '+', 'X_2', '+', '(', '(', 'X_2', '*', 'X_0', '/', 'C', ')', '-', 'C', '/', 'C', ')', '*', 'C', '-', 'X_2', ')']","[np.float64(3.1108943894625245), np.float64(-4.256542700645755), np.float64(-4.993310656376486), np.float64(-1.919639260697759), np.float64(-2.2451508641762485), np.float64(-1.3120802187390157)]",E_n = 1/2*m*(omega^2+omega_0^2)*1/2*x^2,"['0.25', '*', 'X_0', '*', '(', 'X_1', '^2', '+', 'X_2', '^2', ')', '*', 'X_3', '^2']",4,10000,(((C*exp(C*cos(X_3)))*exp((C*X_0)*X_2))*exp((C*X_0)*cos(X_3)))*exp((C*X_1)*cos(X_3))
I.25.13,0,GRAMS-PUCT,BIC,0.0,True,sqrt(X_0*X_0)/X_1,"['sqrt', '(', 'X_0', '*', 'X_0', ')', '/', 'X_1']",[],Volt = q/C,"['X_0', '/', 'X_1']",2,140,(X_0^2)^0.5/X_1
I.25.13,1,GRAMS-PUCT,BIC,0.0,True,X_0/X_1,"['X_0', '/', 'X_1']",[],Volt = q/C,"['X_0', '/', 'X_1']",2,38,X_0/X_1
I.25.13,2,GRAMS-PUCT,BIC,7.730928929121205e-09,True,X_0/X_1/C,"['X_0', '/', 'X_1', '/', 'C']",[np.float64(0.9999999945616801)],Volt = q/C,"['X_0', '/', 'X_1']",2,215,(C*X_0)/X_1
I.25.13,0,GRAMS-PUCT,RMSE,2.5427845660737875e-08,True,(X_0/X_1-C*X_0),"['(', 'X_0', '/', 'X_1', '-', 'C', '*', 'X_0', ')']",[np.float64(-7.902729834269935e-09)],Volt = q/C,"['X_0', '/', 'X_1']",2,111,C*X_0+X_0/X_1
I.25.13,1,GRAMS-PUCT,RMSE,0.0,True,X_0/X_1,"['X_0', '/', 'X_1']",[],Volt = q/C,"['X_0', '/', 'X_1']",2,38,X_0/X_1
I.25.13,2,GRAMS-PUCT,RMSE,1.3387253883187578e-16,True,(C/X_1*X_0/C),"['(', 'C', '/', 'X_1', '*', 'X_0', '/', 'C', ')']","[np.float64(5.0), np.float64(5.0)]",Volt = q/C,"['X_0', '/', 'X_1']",2,56,(C*X_0)/X_1
I.25.13,0,GRAMS-UCT,BIC,2.461083779795049e-09,True,(X_0/X_1)+C-C,"['(', 'X_0', '/', 'X_1', ')', '+', 'C', '-', 'C']","[np.float64(-4.213997154382957), np.float64(-4.213997156844041)]",Volt = q/C,"['X_0', '/', 'X_1']",2,216,C+X_0/X_1
I.25.13,1,GRAMS-UCT,BIC,5.492888592492552e-09,True,X_0/X_1/C,"['X_0', '/', 'X_1', '/', 'C']",[np.float64(0.999999996136029)],Volt = q/C,"['X_0', '/', 'X_1']",2,148,(C*X_0)/X_1
I.25.13,2,GRAMS-UCT,BIC,7.87599763185649e-09,True,X_0/X_1-C,"['X_0', '/', 'X_1', '-', 'C']",[np.float64(-7.87599764392553e-09)],Volt = q/C,"['X_0', '/', 'X_1']",2,42,C+X_0/X_1
I.25.13,0,GRAMS-UCT,RMSE,0.0,True,(X_0/X_1),"['(', 'X_0', '/', 'X_1', ')']",[],Volt = q/C,"['X_0', '/', 'X_1']",2,124,X_0/X_1
I.25.13,1,GRAMS-UCT,RMSE,0.0,True,X_0/X_1,"['X_0', '/', 'X_1']",[],Volt = q/C,"['X_0', '/', 'X_1']",2,210,X_0/X_1
I.25.13,2,GRAMS-UCT,RMSE,7.746632860675476e-10,True,C/X_1*X_0/C,"['C', '/', 'X_1', '*', 'X_0', '/', 'C']","[np.float64(4.3972237920381385), np.float64(4.397223794434347)]",Volt = q/C,"['X_0', '/', 'X_1']",2,64,(C*X_0)/X_1
I.25.13,0,MC,N/A,0.0,True,X_0/X_1,"['X_0', '/', 'X_1']",[],Volt = q/C,"['X_0', '/', 'X_1']",2,170,X_0/X_1
I.25.13,1,MC,N/A,0.0,True,X_0/X_1,"['X_0', '/', 'X_1']",[],Volt = q/C,"['X_0', '/', 'X_1']",2,71,X_0/X_1
I.25.13,2,MC,N/A,7.436588041373498e-09,True,(X_1/X_1/X_1*X_0/C)*C+C,"['(', 'X_1', '/', 'X_1', '/', 'X_1', '*', 'X_0', '/', 'C', ')', '*', 'C', '+', 'C']","[np.float64(5.0), np.float64(5.0), np.float64(-7.436588018077836e-09)]",Volt = q/C,"['X_0', '/', 'X_1']",2,4,(C*X_0)/X_1+C
I.26.2,0,GRAMS-PUCT,BIC,0.040333194705460255,False,C*X_0*sin(X_1)*(X_1/X_1-C)/X_0*(X_0-C*X_0/X_0/X_1*(C)),"['C', '*', 'X_0', '*', 'sin', '(', 'X_1', ')', '*', '(', 'X_1', '/', 'X_1', '-', 'C', ')', '/', 'X_0', '*', '(', 'X_0', '-', 'C', '*', 'X_0', '/', 'X_0', '/', 'X_1', '*', '(', 'C', ')', ')']","[np.float64(-3.0372847414606756), np.float64(1.3811806729424956), np.float64(0.7543317255692541), np.float64(0.05575395717964082)]",theta1 = arcsin(n*sin(theta2)),"['arcsin', '(', 'X_0', '*', 'sin', '(', 'X_1', ')', ')']",2,10000,(C*X_0)*sin(X_1)+(C*sin(X_1))/X_1
I.26.2,1,GRAMS-PUCT,BIC,0.0374720247008852,False,sin(X_1)/(X_1/X_1)/C*(C-C*(C)+X_0+C),"['sin', '(', 'X_1', ')', '/', '(', 'X_1', '/', 'X_1', ')', '/', 'C', '*', '(', 'C', '-', 'C', '*', '(', 'C', ')', '+', 'X_0', '+', 'C', ')']","[np.float64(0.8331848469084479), np.float64(1.9561220050084824), np.float64(1.1517021158874359), np.float64(-2.2916040284968644), np.float64(-4.636514517307671)]",theta1 = arcsin(n*sin(theta2)),"['arcsin', '(', 'X_0', '*', 'sin', '(', 'X_1', ')', ')']",2,10000,(C*X_0)*sin(X_1)+C*sin(X_1)
I.26.2,2,GRAMS-PUCT,BIC,0.040444850194776026,False,sin(C/C*X_0/(X_0)/X_0*(X_1-C)*X_0)*X_0*C,"['sin', '(', 'C', '/', 'C', '*', 'X_0', '/', '(', 'X_0', ')', '/', 'X_0', '*', '(', 'X_1', '-', 'C', ')', '*', 'X_0', ')', '*', 'X_0', '*', 'C']","[np.float64(-3.905881948220478), np.float64(-4.08242477182043), np.float64(-3.4219788148646217), np.float64(-1.1362432619758305)]",theta1 = arcsin(n*sin(theta2)),"['arcsin', '(', 'X_0', '*', 'sin', '(', 'X_1', ')', ')']",2,10000,(C*X_0)*sin(C*X_1+C)
I.26.2,0,GRAMS-PUCT,RMSE,0.047729792166993176,False,exp(X_1*C/C*X_1-sin(X_1-C)/C)*X_0*((X_0)+C)+C*(X_1*(X_0))/C,"['exp', '(', 'X_1', '*', 'C', '/', 'C', '*', 'X_1', '-', 'sin', '(', 'X_1', '-', 'C', ')', '/', 'C', ')', '*', 'X_0', '*', '(', '(', 'X_0', ')', '+', 'C', ')', '+', 'C', '*', '(', 'X_1', '*', '(', 'X_0', ')', ')', '/', 'C']","[np.float64(-1.1403255914989168), np.float64(4.791913108148669), np.float64(-4.444072833366729), np.float64(-1.1382298544192504), np.float64(2.58806705344716), np.float64(1.1318413636348508), np.float64(-4.645026682489373)]",theta1 = arcsin(n*sin(theta2)),"['arcsin', '(', 'X_0', '*', 'sin', '(', 'X_1', ')', ')']",2,10000,((C*X_0)*X_1+((C*X_0)*exp(C*X_1^2))*exp(C*sin(C-X_1)))+(X_0^2*exp(C*X_1^2))*exp(C*sin(C-X_1))
I.26.2,1,GRAMS-PUCT,RMSE,0.0692420580903809,False,(sin(X_1-C)*X_0),"['(', 'sin', '(', 'X_1', '-', 'C', ')', '*', 'X_0', ')']",[np.float64(-0.0068052203066870775)],theta1 = arcsin(n*sin(theta2)),"['arcsin', '(', 'X_0', '*', 'sin', '(', 'X_1', ')', ')']",2,10000,(-1*X_0)*sin(C-X_1)
I.26.2,2,GRAMS-PUCT,RMSE,0.06918421762083488,False,(X_0*sin(X_1*C)),"['(', 'X_0', '*', 'sin', '(', 'X_1', '*', 'C', ')', ')']",[np.float64(1.0031157284199366)],theta1 = arcsin(n*sin(theta2)),"['arcsin', '(', 'X_0', '*', 'sin', '(', 'X_1', ')', ')']",2,10000,X_0*sin(C*X_1)
I.26.2,0,GRAMS-UCT,BIC,0.039121888694309055,False,X_0/C/X_1*C*((X_1*C+C/X_1-cos(X_1-(X_0-C-X_0))))/C*C,"['X_0', '/', 'C', '/', 'X_1', '*', 'C', '*', '(', '(', 'X_1', '*', 'C', '+', 'C', '/', 'X_1', '-', 'cos', '(', 'X_1', '-', '(', 'X_0', '-', 'C', '-', 'X_0', ')', ')', ')', ')', '/', 'C', '*', 'C']","[np.float64(2.5184965347437034), np.float64(4.271761057071362), np.float64(-0.19182510433301933), np.float64(0.07875389254310522), np.float64(0.9727560180765131), np.float64(1.9347879372634456), np.float64(3.6339393350159366)]",theta1 = arcsin(n*sin(theta2)),"['arcsin', '(', 'X_0', '*', 'sin', '(', 'X_1', ')', ')']",2,10000,(C*X_0+(C*X_0)/X_1^2)+((C*X_0)*cos(C+X_1))/X_1
I.26.2,1,GRAMS-UCT,BIC,0.04021855723618608,False,(C)/C*C*X_0*sin(X_1/C-C)-C,"['(', 'C', ')', '/', 'C', '*', 'C', '*', 'X_0', '*', 'sin', '(', 'X_1', '/', 'C', '-', 'C', ')', '-', 'C']","[np.float64(1.5358653032276324), np.float64(4.6012896198064865), np.float64(-3.4139491462930707), np.float64(1.0516661503493556), np.float64(2.999940424293433), np.float64(0.00595957292080888)]",theta1 = arcsin(n*sin(theta2)),"['arcsin', '(', 'X_0', '*', 'sin', '(', 'X_1', ')', ')']",2,10000,(C*X_0)*sin(C*X_1+C)+C
I.26.2,2,GRAMS-UCT,BIC,0.041999423213456274,False,C*X_0*cos(C-C/X_0+C-X_1)*C,"['C', '*', 'X_0', '*', 'cos', '(', 'C', '-', 'C', '/', 'X_0', '+', 'C', '-', 'X_1', ')', '*', 'C']","[np.float64(2.641039065033655), np.float64(-1.1591025114181146), np.float64(-0.002826501479691538), np.float64(2.7271614928844583), np.float64(0.42612277176024665)]",theta1 = arcsin(n*sin(theta2)),"['arcsin', '(', 'X_0', '*', 'sin', '(', 'X_1', ')', ')']",2,10000,(C*X_0)*cos((C+C/X_0)+-1*X_1)
I.26.2,0,GRAMS-UCT,RMSE,0.04200903411528778,False,exp(C+X_0+C)/C-((cos((C)+X_1))*C/(X_1/C))*C*X_0*(X_1),"['exp', '(', 'C', '+', 'X_0', '+', 'C', ')', '/', 'C', '-', '(', '(', 'cos', '(', '(', 'C', ')', '+', 'X_1', ')', ')', '*', 'C', '/', '(', 'X_1', '/', 'C', ')', ')', '*', 'C', '*', 'X_0', '*', '(', 'X_1', ')']","[np.float64(-5.0), np.float64(-1.5959637680734526), np.float64(-3.3226448952375733), np.float64(-1.5730452162413038), np.float64(-0.12445113390243148), np.float64(-1.9771129486349057), np.float64(-4.574406606979417)]",theta1 = arcsin(n*sin(theta2)),"['arcsin', '(', 'X_0', '*', 'sin', '(', 'X_1', ')', ')']",2,10000,(C*X_0)*cos(C+X_1)+C*exp(X_0)
I.26.2,1,GRAMS-UCT,RMSE,0.04200937040067517,False,C*X_0*cos(C-X_1),"['C', '*', 'X_0', '*', 'cos', '(', 'C', '-', 'X_1', ')']","[np.float64(1.1254628873073231), np.float64(-4.711093048384891)]",theta1 = arcsin(n*sin(theta2)),"['arcsin', '(', 'X_0', '*', 'sin', '(', 'X_1', ')', ')']",2,10000,(C*X_0)*cos(C-X_1)
I.26.2,2,GRAMS-UCT,RMSE,0.04201104884561701,False,C+X_0*C*C*sin(X_1),"['C', '+', 'X_0', '*', 'C', '*', 'C', '*', 'sin', '(', 'X_1', ')']","[np.float64(-0.00038759462030763724), np.float64(2.5121517629437204), np.float64(0.4479984996678663)]",theta1 = arcsin(n*sin(theta2)),"['arcsin', '(', 'X_0', '*', 'sin', '(', 'X_1', ')', ')']",2,10000,(C*X_0)*sin(X_1)+C
I.26.2,0,MC,N/A,0.04200937115420737,False,((cos((C)+X_1))*C/(X_1/C))*C*X_0*(X_1),"['(', '(', 'cos', '(', '(', 'C', ')', '+', 'X_1', ')', ')', '*', 'C', '/', '(', 'X_1', '/', 'C', ')', ')', '*', 'C', '*', 'X_0', '*', '(', 'X_1', ')']","[np.float64(4.711112679709615), np.float64(3.8615161138520953), np.float64(3.493271683275396), np.float64(0.08343344447198606)]",theta1 = arcsin(n*sin(theta2)),"['arcsin', '(', 'X_0', '*', 'sin', '(', 'X_1', ')', ')']",2,10000,(C*X_0)*cos(C+X_1)
I.26.2,1,MC,N/A,0.042009393495850894,False,C/C*X_0/C*cos(C-X_1),"['C', '/', 'C', '*', 'X_0', '/', 'C', '*', 'cos', '(', 'C', '-', 'X_1', ')']","[np.float64(3.425569783309587), np.float64(3.4026150756755547), np.float64(0.8945879845582697), np.float64(-4.711148447279997)]",theta1 = arcsin(n*sin(theta2)),"['arcsin', '(', 'X_0', '*', 'sin', '(', 'X_1', ')', ')']",2,10000,(C*X_0)*cos(C-X_1)
I.26.2,2,MC,N/A,0.03966982864371166,False,(X_1-C/X_1*X_0+C)/(C/(C+sin(X_1/C-(C/X_1))*X_0)-C),"['(', 'X_1', '-', 'C', '/', 'X_1', '*', 'X_0', '+', 'C', ')', '/', '(', 'C', '/', '(', 'C', '+', 'sin', '(', 'X_1', '/', 'C', '-', '(', 'C', '/', 'X_1', ')', ')', '*', 'X_0', ')', '-', 'C', ')']","[np.float64(-0.20819996615846872), np.float64(-3.154863237836101), np.float64(-1.4928671907089053), np.float64(0.0186901660351642), np.float64(2.7142116635746314), np.float64(-2.356562104546617), np.float64(-0.6208326688930539)]",theta1 = arcsin(n*sin(theta2)),"['arcsin', '(', 'X_0', '*', 'sin', '(', 'X_1', ')', ')']",2,10000,((C*X_0)/(C*X_1+(C*X_1)/(C-X_0*sin(C*X_1+C/X_1)))+C/(C+C/(C-X_0*sin(C*X_1+C/X_1))))+X_1/(C+C/(C-X_0*sin(C*X_1+C/X_1)))
I.27.6,0,GRAMS-PUCT,BIC,0.06969764446690381,False,C/X_2-C+X_1*X_0/(sqrt(X_0)/sin((C*C)/C*X_1/(X_0*(X_1)))+(X_1+X_0)*C)*C/(X_2),"['C', '/', 'X_2', '-', 'C', '+', 'X_1', '*', 'X_0', '/', '(', 'sqrt', '(', 'X_0', ')', '/', 'sin', '(', '(', 'C', '*', 'C', ')', '/', 'C', '*', 'X_1', '/', '(', 'X_0', '*', '(', 'X_1', ')', ')', ')', '+', '(', 'X_1', '+', 'X_0', ')', '*', 'C', ')', '*', 'C', '/', '(', 'X_2', ')']","[np.float64(-0.6586806691498338), np.float64(-0.2805934011074899), np.float64(-2.8494161268550395), np.float64(1.7178852657225123), np.float64(4.042324369517108), np.float64(-2.8207582113376897), np.float64(-4.845310756977962)]",foc = 1/(1/d1+n/d2),"['1', '/', '(', '1', '/', 'X_0', '+', 'X_2', '/', 'X_1', ')']",3,10000,(((C*X_0)*X_1)/(((C*X_0)*X_2+(C*X_1)*X_2)+(X_0^0.5*X_2)/sin(C/X_0))+C)+C/X_2
I.27.6,1,GRAMS-PUCT,BIC,0.03925935485496274,False,(X_2*C+C-(X_1*C)*C*C/C/X_2/X_0)*X_1/X_2+C+X_0/X_2*C-X_1,"['(', 'X_2', '*', 'C', '+', 'C', '-', '(', 'X_1', '*', 'C', ')', '*', 'C', '*', 'C', '/', 'C', '/', 'X_2', '/', 'X_0', ')', '*', 'X_1', '/', 'X_2', '+', 'C', '+', 'X_0', '/', 'X_2', '*', 'C', '-', 'X_1']","[np.float64(1.0600930872531877), np.float64(0.4638983582279422), np.float64(0.6832462821182208), np.float64(0.3343174281224292), np.float64(-2.348105081504662), np.float64(-4.352610373012501), np.float64(-0.016486961881848308), np.float64(0.12482799465218125)]",foc = 1/(1/d1+n/d2),"['1', '/', '(', '1', '/', 'X_0', '+', 'X_2', '/', 'X_1', ')']",3,10000,(((((C*X_0)/X_2+(C*X_1^2)/(X_0*X_2^2))+C*X_1)+(C*X_1)/X_2)+C)+-1*X_1
I.27.6,2,GRAMS-PUCT,BIC,0.07597322206727959,False,X_1/((C*X_2)/C+((X_2)+((C)*C)/X_0-X_2/C)+X_1/C),"['X_1', '/', '(', '(', 'C', '*', 'X_2', ')', '/', 'C', '+', '(', '(', 'X_2', ')', '+', '(', '(', 'C', ')', '*', 'C', ')', '/', 'X_0', '-', 'X_2', '/', 'C', ')', '+', 'X_1', '/', 'C', ')']","[np.float64(0.33804542635108964), np.float64(4.966078601005755), np.float64(-5.0), np.float64(-0.4646089603639112), np.float64(4.762342685558304), np.float64(5.0)]",foc = 1/(1/d1+n/d2),"['1', '/', '(', '1', '/', 'X_0', '+', 'X_2', '/', 'X_1', ')']",3,10000,X_1/(((C*X_1+C*X_2)+C/X_0)+X_2)
I.27.6,0,GRAMS-PUCT,RMSE,0.08050895881454909,False,exp(C*X_0+C-C*X_0*C+X_2/((C+C/X_2-sqrt(sin(X_0-(exp(C-X_1)))+X_1)+C/X_1-X_1))),"['exp', '(', 'C', '*', 'X_0', '+', 'C', '-', 'C', '*', 'X_0', '*', 'C', '+', 'X_2', '/', '(', '(', 'C', '+', 'C', '/', 'X_2', '-', 'sqrt', '(', 'sin', '(', 'X_0', '-', '(', 'exp', '(', 'C', '-', 'X_1', ')', ')', ')', '+', 'X_1', ')', '+', 'C', '/', 'X_1', '-', 'X_1', ')', ')', ')']","[np.float64(2.067228448368163), np.float64(0.07058886690959881), np.float64(2.644319642958793), np.float64(0.7148331619963613), np.float64(1.8672749146532945), np.float64(0.671228788276302), np.float64(-1.4975992505718814), np.float64(-2.1450931085240867)]",foc = 1/(1/d1+n/d2),"['1', '/', '(', '1', '/', 'X_0', '+', 'X_2', '/', 'X_1', ')']",3,10000,(C*exp(C*X_0))*exp(X_2/((((C+C/X_2)+C/X_1)+-1*X_1)+-1*(X_1+sin(C*exp(-1*X_1)+X_0))^0.5))
I.27.6,1,GRAMS-PUCT,RMSE,7.703927624398391e-07,False,X_1*X_1/X_1/(X_1*C/C*((X_0)+C)*C-C+X_2+C*C*X_1/X_0),"['X_1', '*', 'X_1', '/', 'X_1', '/', '(', 'X_1', '*', 'C', '/', 'C', '*', '(', '(', 'X_0', ')', '+', 'C', ')', '*', 'C', '-', 'C', '+', 'X_2', '+', 'C', '*', 'C', '*', 'X_1', '/', 'X_0', ')']","[np.float64(2.6909078148616156e-07), np.float64(4.999975529337323), np.float64(0.7571943649358661), np.float64(-1.9838292395093593), np.float64(-2.3728273681957634e-06), np.float64(-0.7015237431022088), np.float64(-1.4254643663530824)]",foc = 1/(1/d1+n/d2),"['1', '/', '(', '1', '/', 'X_0', '+', 'X_2', '/', 'X_1', ')']",3,10000,X_1/(((((C*X_0)*X_1+C*X_1)+C)+(C*X_1)/X_0)+X_2)
I.27.6,2,GRAMS-PUCT,RMSE,0.09354552757863303,False,X_0*C+C-C*X_1+exp((X_1/sqrt(C+(C+X_2*X_1)*X_1))/(C)),"['X_0', '*', 'C', '+', 'C', '-', 'C', '*', 'X_1', '+', 'exp', '(', '(', 'X_1', '/', 'sqrt', '(', 'C', '+', '(', 'C', '+', 'X_2', '*', 'X_1', ')', '*', 'X_1', ')', ')', '/', '(', 'C', ')', ')']","[np.float64(0.09555652244389662), np.float64(-1.8655058533192728), np.float64(-0.13146468336209655), np.float64(0.0641696564935817), np.float64(1.6866623433966585), np.float64(0.8218081834783744)]",foc = 1/(1/d1+n/d2),"['1', '/', '(', '1', '/', 'X_0', '+', 'X_2', '/', 'X_1', ')']",3,10000,((C*X_0+C*X_1)+C)+exp((C*X_1)/((C*X_1+C)+X_1^2*X_2)^0.5)
I.27.6,0,GRAMS-UCT,BIC,0.08391994504847536,False,(C/X_2-X_2/(X_1)*C-X_0-X_0*C*(C)/C)*X_1+C,"['(', 'C', '/', 'X_2', '-', 'X_2', '/', '(', 'X_1', ')', '*', 'C', '-', 'X_0', '-', 'X_0', '*', 'C', '*', '(', 'C', ')', '/', 'C', ')', '*', 'X_1', '+', 'C']","[np.float64(0.22687485678411293), np.float64(0.0961720961018058), np.float64(1.300366864155467), np.float64(3.209163927607761), np.float64(-4.04141138039171), np.float64(0.49347987810998334)]",foc = 1/(1/d1+n/d2),"['1', '/', '(', '1', '/', 'X_0', '+', 'X_2', '/', 'X_1', ')']",3,10000,((((C*X_0)*X_1+(C*X_1)/X_2)+C*X_2)+C)+-1*(X_0*X_1)
I.27.6,1,GRAMS-UCT,BIC,0.09328792624495584,False,X_0*C*C*X_1*exp(cos(X_2/exp(exp(C/X_0-(C*C))))+cos(C/X_1))/X_2+C,"['X_0', '*', 'C', '*', 'C', '*', 'X_1', '*', 'exp', '(', 'cos', '(', 'X_2', '/', 'exp', '(', 'exp', '(', 'C', '/', 'X_0', '-', '(', 'C', '*', 'C', ')', ')', ')', ')', '+', 'cos', '(', 'C', '/', 'X_1', ')', ')', '/', 'X_2', '+', 'C']","[np.float64(0.15610943081088882), np.float64(0.11071687443617997), np.float64(2.5041385883532232), np.float64(-0.6963394756989809), np.float64(-0.1354713665485643), np.float64(-1.1830450466060993), np.float64(0.38031913225641867)]",foc = 1/(1/d1+n/d2),"['1', '/', '(', '1', '/', 'X_0', '+', 'X_2', '/', 'X_1', ')']",3,10000,((((C*X_0)*X_1)*exp(cos(C/X_1)))*exp(cos(X_2*exp(C*exp(C/X_0)))))/X_2+C
I.27.6,2,GRAMS-UCT,BIC,0.07501009136324711,False,C-X_1*C/C/X_2*sqrt((C)/X_0+X_0),"['C', '-', 'X_1', '*', 'C', '/', 'C', '/', 'X_2', '*', 'sqrt', '(', '(', 'C', ')', '/', 'X_0', '+', 'X_0', ')']","[np.float64(0.2813913052524648), np.float64(-1.2052433034090262), np.float64(4.824756198923697), np.float64(-0.499564118030592)]",foc = 1/(1/d1+n/d2),"['1', '/', '(', '1', '/', 'X_0', '+', 'X_2', '/', 'X_1', ')']",3,10000,((C*X_1)*(C/X_0+X_0)^0.5)/X_2+C
I.27.6,0,GRAMS-UCT,RMSE,0.051408564085828036,False,X_1/(C+C)*X_0/X_2-C*X_1-C-X_1+X_0+exp(X_2*C*C)+X_0*C,"['X_1', '/', '(', 'C', '+', 'C', ')', '*', 'X_0', '/', 'X_2', '-', 'C', '*', 'X_1', '-', 'C', '-', 'X_1', '+', 'X_0', '+', 'exp', '(', 'X_2', '*', 'C', '*', 'C', ')', '+', 'X_0', '*', 'C']","[np.float64(5.0), np.float64(5.0), np.float64(-1.0663143234510652), np.float64(0.512963609884174), np.float64(1.1293057745361075), np.float64(-0.06692012550057065), np.float64(-1.025639506941202)]",foc = 1/(1/d1+n/d2),"['1', '/', '(', '1', '/', 'X_0', '+', 'X_2', '/', 'X_1', ')']",3,10000,(((((((C*X_0)*X_1)/X_2+C*X_0)+C*X_1)+C)+X_0)+-1*X_1)+exp(C*X_2)
I.27.6,1,GRAMS-UCT,RMSE,0.08134799947152985,False,C/X_2*X_0-((C)*C)+(X_1)*C-(X_2+C)*C+X_1/C/(X_1)-(C),"['C', '/', 'X_2', '*', 'X_0', '-', '(', '(', 'C', ')', '*', 'C', ')', '+', '(', 'X_1', ')', '*', 'C', '-', '(', 'X_2', '+', 'C', ')', '*', 'C', '+', 'X_1', '/', 'C', '/', '(', 'X_1', ')', '-', '(', 'C', ')']","[np.float64(0.2562027137387301), np.float64(-1.8947657369080937), np.float64(0.8200751898547581), np.float64(0.18751801506036014), np.float64(-4.593862264010429), np.float64(0.08286705841039946), np.float64(-2.564847809795826), np.float64(1.3956817870980278)]",foc = 1/(1/d1+n/d2),"['1', '/', '(', '1', '/', 'X_0', '+', 'X_2', '/', 'X_1', ')']",3,10000,(((C*X_0)/X_2+C*X_1)+C*X_2)+C
I.27.6,2,GRAMS-UCT,RMSE,0.07584184257814368,False,C+C*X_2-sqrt(C+X_2*C*X_1)/(C/X_0-(X_0/C))/X_2-C,"['C', '+', 'C', '*', 'X_2', '-', 'sqrt', '(', 'C', '+', 'X_2', '*', 'C', '*', 'X_1', ')', '/', '(', 'C', '/', 'X_0', '-', '(', 'X_0', '/', 'C', ')', ')', '/', 'X_2', '-', 'C']","[np.float64(-2.3692912054213298), np.float64(-0.05220691501429416), np.float64(-2.706641701638782), np.float64(4.762856447788968), np.float64(-4.412351227007865), np.float64(3.669514451690542), np.float64(-2.4231163611998197)]",foc = 1/(1/d1+n/d2),"['1', '/', '(', '1', '/', 'X_0', '+', 'X_2', '/', 'X_1', ')']",3,10000,(C*X_2+C)+-1*(((C*X_1)*X_2+C)^0.5/((C*X_0)*X_2+(C*X_2)/X_0))
I.27.6,0,MC,N/A,0.09716448061747414,False,X_1*C/X_2*X_0-(C/C/C)/X_0-C-C,"['X_1', '*', 'C', '/', 'X_2', '*', 'X_0', '-', '(', 'C', '/', 'C', '/', 'C', ')', '/', 'X_0', '-', 'C', '-', 'C']","[np.float64(0.1257491470396731), np.float64(-4.868505536152319), np.float64(-3.890732469697513), np.float64(-4.999903096106252), np.float64(1.237852051511819), np.float64(-1.4529941465879188)]",foc = 1/(1/d1+n/d2),"['1', '/', '(', '1', '/', 'X_0', '+', 'X_2', '/', 'X_1', ')']",3,10000,(((C*X_0)*X_1)/X_2+C)+C/X_0
I.27.6,1,MC,N/A,0.08788310461343432,False,C+(C)/C*X_1*X_2+X_1*C+C/sqrt(X_2+X_2/exp(((C*X_2+X_0-X_2-X_1/X_2)))),"['C', '+', '(', 'C', ')', '/', 'C', '*', 'X_1', '*', 'X_2', '+', 'X_1', '*', 'C', '+', 'C', '/', 'sqrt', '(', 'X_2', '+', 'X_2', '/', 'exp', '(', '(', '(', 'C', '*', 'X_2', '+', 'X_0', '-', 'X_2', '-', 'X_1', '/', 'X_2', ')', ')', ')', ')']","[np.float64(-0.6422649815834655), np.float64(-0.18848931511354203), np.float64(4.951301704994287), np.float64(0.3441739443360146), np.float64(1.399268773815877), np.float64(0.8726155237091568)]",foc = 1/(1/d1+n/d2),"['1', '/', '(', '1', '/', 'X_0', '+', 'X_2', '/', 'X_1', ')']",3,10000,(((C*X_1)*X_2+C*X_1)+C)+C/(X_2+(((X_2*exp(-1*X_0))*exp(X_2))*exp(C*X_2))*exp(X_1/X_2))^0.5
I.27.6,2,MC,N/A,0.07346938270820873,False,C+(X_0/C*C*C/exp(X_2+((C/X_1-C)))+C+C*X_1),"['C', '+', '(', 'X_0', '/', 'C', '*', 'C', '*', 'C', '/', 'exp', '(', 'X_2', '+', '(', '(', 'C', '/', 'X_1', '-', 'C', ')', ')', ')', '+', 'C', '+', 'C', '*', 'X_1', ')']","[np.float64(-0.47832501380619846), np.float64(-2.7802560048669065), np.float64(2.2202461139298313), np.float64(-1.6823122205570105), np.float64(1.3698620170286293), np.float64(0.04527718141214518), np.float64(0.5910188515013715), np.float64(0.14407880303367188)]",foc = 1/(1/d1+n/d2),"['1', '/', '(', '1', '/', 'X_0', '+', 'X_2', '/', 'X_1', ')']",3,10000,(((C*X_0)*exp(-1*X_2))*exp(C/X_1)+C*X_1)+C
I.29.16,0,GRAMS-PUCT,BIC,1.4275249569555462,False,C-cos(X_3-X_2),"['C', '-', 'cos', '(', 'X_3', '-', 'X_2', ')']",[np.float64(3.8477783048746295)],x = sqrt(x1^2+x2^2-2*x1*x2*cos(theta1-theta2)),"['sqrt', '(', 'X_0', '^2', '+', 'X_1', '^2', '-', '2', '*', 'X_0', '*', 'X_1', '*', 'cos', '(', 'X_2', '-', 'X_3', ')', ')']",4,10000,C-cos(X_2-X_3)
I.29.16,1,GRAMS-PUCT,BIC,1.439593207052616,False,(C*(X_1*C-(C/(sin((C)/X_2*X_3-C)+C)/C))),"['(', 'C', '*', '(', 'X_1', '*', 'C', '-', '(', 'C', '/', '(', 'sin', '(', '(', 'C', ')', '/', 'X_2', '*', 'X_3', '-', 'C', ')', '+', 'C', ')', '/', 'C', ')', ')', ')']","[np.float64(3.2898550799801773), np.float64(0.13283546871561921), np.float64(3.200945592688616), np.float64(3.09008866465801), np.float64(-0.9924971701526032), np.float64(-1.8044200385431854), np.float64(2.7021812514905275)]",x = sqrt(x1^2+x2^2-2*x1*x2*cos(theta1-theta2)),"['sqrt', '(', 'X_0', '^2', '+', 'X_1', '^2', '-', '2', '*', 'X_0', '*', 'X_1', '*', 'cos', '(', 'X_2', '-', 'X_3', ')', ')']",4,10000,C*X_1+C/(C+sin(C+(C*X_3)/X_2))
I.29.16,2,GRAMS-PUCT,BIC,1.6334501180660874,False,(((X_3/X_2*C-C*cos(C+C/X_2)/(X_3)))),"['(', '(', '(', 'X_3', '/', 'X_2', '*', 'C', '-', 'C', '*', 'cos', '(', 'C', '+', 'C', '/', 'X_2', ')', '/', '(', 'X_3', ')', ')', ')', ')']","[np.float64(1.8395392329352138), np.float64(-5.0), np.float64(-0.3708555781964986), np.float64(2.7650531971183057)]",x = sqrt(x1^2+x2^2-2*x1*x2*cos(theta1-theta2)),"['sqrt', '(', 'X_0', '^2', '+', 'X_1', '^2', '-', '2', '*', 'X_0', '*', 'X_1', '*', 'cos', '(', 'X_2', '-', 'X_3', ')', ')']",4,10000,(C*cos(C+C/X_2))/X_3+(C*X_3)/X_2
I.29.16,0,GRAMS-PUCT,RMSE,1.5368626710776734,False,C-sin(C+C-X_2+C/X_3),"['C', '-', 'sin', '(', 'C', '+', 'C', '-', 'X_2', '+', 'C', '/', 'X_3', ')']","[np.float64(3.929702964106472), np.float64(4.680547052690123), np.float64(1.8937014886279553), np.float64(-5.0)]",x = sqrt(x1^2+x2^2-2*x1*x2*cos(theta1-theta2)),"['sqrt', '(', 'X_0', '^2', '+', 'X_1', '^2', '-', '2', '*', 'X_0', '*', 'X_1', '*', 'cos', '(', 'X_2', '-', 'X_3', ')', ')']",4,10000,C-sin((C+C/X_3)+-1*X_2)
I.29.16,1,GRAMS-PUCT,RMSE,1.2409929384767997,False,X_1*C*C*cos(C+X_3+X_3+C-X_2-sin(X_3)*X_1/C/X_1)-C,"['X_1', '*', 'C', '*', 'C', '*', 'cos', '(', 'C', '+', 'X_3', '+', 'X_3', '+', 'C', '-', 'X_2', '-', 'sin', '(', 'X_3', ')', '*', 'X_1', '/', 'C', '/', 'X_1', ')', '-', 'C']","[np.float64(-1.0216589296942036), np.float64(0.6425536465767526), np.float64(2.615363005374778), np.float64(0.5867546497168565), np.float64(-0.8046034156011633), np.float64(-3.9480712067610693)]",x = sqrt(x1^2+x2^2-2*x1*x2*cos(theta1-theta2)),"['sqrt', '(', 'X_0', '^2', '+', 'X_1', '^2', '-', '2', '*', 'X_0', '*', 'X_1', '*', 'cos', '(', 'X_2', '-', 'X_3', ')', ')']",4,10000,(C*X_1)*cos(((C*sin(X_3)+C)+-1*X_2)+2*X_3)+C
I.29.16,2,GRAMS-PUCT,RMSE,1.5244355609092055,False,cos(C+sin((X_2))+X_3-X_3/X_0/C*(C)-C)+C,"['cos', '(', 'C', '+', 'sin', '(', '(', 'X_2', ')', ')', '+', 'X_3', '-', 'X_3', '/', 'X_0', '/', 'C', '*', '(', 'C', ')', '-', 'C', ')', '+', 'C']","[np.float64(3.6309013093564997), np.float64(4.953970644147708), np.float64(0.229814439374719), np.float64(-2.775706693209411), np.float64(3.984090921248597)]",x = sqrt(x1^2+x2^2-2*x1*x2*cos(theta1-theta2)),"['sqrt', '(', 'X_0', '^2', '+', 'X_1', '^2', '-', '2', '*', 'X_0', '*', 'X_1', '*', 'cos', '(', 'X_2', '-', 'X_3', ')', ')']",4,10000,C+cos(((C+(C*X_3)/X_0)+X_3)+sin(X_2))
I.29.16,0,GRAMS-UCT,BIC,1.3747387638821058,False,C+(X_0*sin((C/X_0-C)*(X_3)/X_2)*X_3-C*C+X_2*C*X_1)+X_1-X_3-X_2+(X_2)*C,"['C', '+', '(', 'X_0', '*', 'sin', '(', '(', 'C', '/', 'X_0', '-', 'C', ')', '*', '(', 'X_3', ')', '/', 'X_2', ')', '*', 'X_3', '-', 'C', '*', 'C', '+', 'X_2', '*', 'C', '*', 'X_1', ')', '+', 'X_1', '-', 'X_3', '-', 'X_2', '+', '(', 'X_2', ')', '*', 'C']","[np.float64(1.1541569245317467), np.float64(0.27793338667666884), np.float64(-0.0784034347512927), np.float64(-4.349007025261273), np.float64(-0.44120753799855084), np.float64(-0.13905707418151517), np.float64(2.191234416790476)]",x = sqrt(x1^2+x2^2-2*x1*x2*cos(theta1-theta2)),"['sqrt', '(', 'X_0', '^2', '+', 'X_1', '^2', '-', '2', '*', 'X_0', '*', 'X_1', '*', 'cos', '(', 'X_2', '-', 'X_3', ')', ')']",4,10000,((((((C*X_1)*X_2+C*X_2)+C)+(X_0*X_3)*sin((C*X_3)/(X_0*X_2)+(C*X_3)/X_2))+X_1)+-1*X_2)+-1*X_3
I.29.16,1,GRAMS-UCT,BIC,1.3970570997065088,False,(X_3*(C)+X_2*C+sin(X_2)/C*C*X_3/X_2+(X_3/X_2/X_0-C)/C*(C-X_3)),"['(', 'X_3', '*', '(', 'C', ')', '+', 'X_2', '*', 'C', '+', 'sin', '(', 'X_2', ')', '/', 'C', '*', 'C', '*', 'X_3', '/', 'X_2', '+', '(', 'X_3', '/', 'X_2', '/', 'X_0', '-', 'C', ')', '/', 'C', '*', '(', 'C', '-', 'X_3', ')', ')']","[np.float64(0.5023846948849099), np.float64(2.229493644630266), np.float64(1.193228738500595), np.float64(3.4871608850905726), np.float64(-3.154875803599805), np.float64(4.9923700814846335), np.float64(-5.0)]",x = sqrt(x1^2+x2^2-2*x1*x2*cos(theta1-theta2)),"['sqrt', '(', 'X_0', '^2', '+', 'X_1', '^2', '-', '2', '*', 'X_0', '*', 'X_1', '*', 'cos', '(', 'X_2', '-', 'X_3', ')', ')']",4,10000,((((C*X_2+(C*X_3^2)/(X_0*X_2))+(2*C)*X_3)+(C*X_3)/(X_0*X_2))+C)+((C*X_3)*sin(X_2))/X_2
I.29.16,2,GRAMS-UCT,BIC,1.4166969774621736,False,C*X_0*X_1-C*X_2/exp(X_3*C-(C))+X_2/C+C+X_3-X_0*X_1,"['C', '*', 'X_0', '*', 'X_1', '-', 'C', '*', 'X_2', '/', 'exp', '(', 'X_3', '*', 'C', '-', '(', 'C', ')', ')', '+', 'X_2', '/', 'C', '+', 'C', '+', 'X_3', '-', 'X_0', '*', 'X_1']","[np.float64(1.1458962401776411), np.float64(-4.924191746552916), np.float64(0.404184087561079), np.float64(-0.422870346035964), np.float64(-0.9377361758110803), np.float64(-0.681261676875052)]",x = sqrt(x1^2+x2^2-2*x1*x2*cos(theta1-theta2)),"['sqrt', '(', 'X_0', '^2', '+', 'X_1', '^2', '-', '2', '*', 'X_0', '*', 'X_1', '*', 'cos', '(', 'X_2', '-', 'X_3', ')', ')']",4,10000,(((((C*X_0)*X_1+(C*X_2)*exp(C*X_3))+C*X_2)+C)+-1*(X_0*X_1))+X_3
I.29.16,0,GRAMS-UCT,RMSE,1.2516125966370066,False,C-C*C-X_0/C*C*sqrt(X_0)-C/X_2+X_0*cos(C+X_2-X_3)+X_2,"['C', '-', 'C', '*', 'C', '-', 'X_0', '/', 'C', '*', 'C', '*', 'sqrt', '(', 'X_0', ')', '-', 'C', '/', 'X_2', '+', 'X_0', '*', 'cos', '(', 'C', '+', 'X_2', '-', 'X_3', ')', '+', 'X_2']","[np.float64(-2.974472796863898), np.float64(2.503197286355627), np.float64(-0.33991644793270803), np.float64(-4.999909375952196), np.float64(1.4656172530770488), np.float64(-4.404228587027822), np.float64(-3.2695633826384016)]",x = sqrt(x1^2+x2^2-2*x1*x2*cos(theta1-theta2)),"['sqrt', '(', 'X_0', '^2', '+', 'X_1', '^2', '-', '2', '*', 'X_0', '*', 'X_1', '*', 'cos', '(', 'X_2', '-', 'X_3', ')', ')']",4,10000,(((C*X_0^(3/2)+C)+C/X_2)+X_0*cos((C+X_2)+-1*X_3))+X_2
I.29.16,1,GRAMS-UCT,RMSE,1.1477661799951,False,cos(X_3-X_2+C)*C+C,"['cos', '(', 'X_3', '-', 'X_2', '+', 'C', ')', '*', 'C', '+', 'C']","[np.float64(-0.0024414037610273874), np.float64(-2.224608490628156), np.float64(4.099799418427634)]",x = sqrt(x1^2+x2^2-2*x1*x2*cos(theta1-theta2)),"['sqrt', '(', 'X_0', '^2', '+', 'X_1', '^2', '-', '2', '*', 'X_0', '*', 'X_1', '*', 'cos', '(', 'X_2', '-', 'X_3', ')', ')']",4,10000,C*cos((C+-1*X_2)+X_3)+C
I.29.16,2,GRAMS-UCT,RMSE,1.3791101921404323,False,C-C*X_2/C-C*X_1*X_0-(C*X_1)-sin(X_3+X_2*C)/X_1*C*X_0,"['C', '-', 'C', '*', 'X_2', '/', 'C', '-', 'C', '*', 'X_1', '*', 'X_0', '-', '(', 'C', '*', 'X_1', ')', '-', 'sin', '(', 'X_3', '+', 'X_2', '*', 'C', ')', '/', 'X_1', '*', 'C', '*', 'X_0']","[np.float64(2.066784763823226), np.float64(-0.18388904429170014), np.float64(4.281154280486421), np.float64(-0.12550700629501088), np.float64(-0.11811212389607363), np.float64(-1.4755277992145404), np.float64(-1.0835640133789388)]",x = sqrt(x1^2+x2^2-2*x1*x2*cos(theta1-theta2)),"['sqrt', '(', 'X_0', '^2', '+', 'X_1', '^2', '-', '2', '*', 'X_0', '*', 'X_1', '*', 'cos', '(', 'X_2', '-', 'X_3', ')', ')']",4,10000,((((C*X_0)*X_1+((C*X_0)*sin(C*X_2+X_3))/X_1)+C*X_1)+C*X_2)+C
I.29.16,0,MC,N/A,1.4502629730311283,False,(((X_2))*C/X_3-C/((X_2-(C)))*X_3*C)-C-X_2*sin(C),"['(', '(', '(', 'X_2', ')', ')', '*', 'C', '/', 'X_3', '-', 'C', '/', '(', '(', 'X_2', '-', '(', 'C', ')', ')', ')', '*', 'X_3', '*', 'C', ')', '-', 'C', '-', 'X_2', '*', 'sin', '(', 'C', ')']","[np.float64(2.4827154405151166), np.float64(-3.1499989216028363), np.float64(-0.6635519530779782), np.float64(1.2435857866277984), np.float64(3.2307195822365182), np.float64(-0.08999306775002215)]",x = sqrt(x1^2+x2^2-2*x1*x2*cos(theta1-theta2)),"['sqrt', '(', 'X_0', '^2', '+', 'X_1', '^2', '-', '2', '*', 'X_0', '*', 'X_1', '*', 'cos', '(', 'X_2', '-', 'X_3', ')', ')']",4,10000,((C*X_2+(C*X_2)/X_3)+(C*X_3)/(C+X_2))+C
I.29.16,1,MC,N/A,1.618697930983058,False,C*C*X_3/X_2+C/C*(C-X_2+X_3)+C,"['C', '*', 'C', '*', 'X_3', '/', 'X_2', '+', 'C', '/', 'C', '*', '(', 'C', '-', 'X_2', '+', 'X_3', ')', '+', 'C']","[np.float64(-0.9545307481931483), np.float64(-3.279453314991887), np.float64(-5.0), np.float64(3.6465223717524196), np.float64(3.4731716999622178), np.float64(4.6104492362758505)]",x = sqrt(x1^2+x2^2-2*x1*x2*cos(theta1-theta2)),"['sqrt', '(', 'X_0', '^2', '+', 'X_1', '^2', '-', '2', '*', 'X_0', '*', 'X_1', '*', 'cos', '(', 'X_2', '-', 'X_3', ')', ')']",4,10000,((C*X_2+C*X_3)+C)+(C*X_3)/X_2
I.29.16,2,MC,N/A,1.510459299982697,False,C+X_3*C*(X_3/(C/X_2)-X_3)+X_2,"['C', '+', 'X_3', '*', 'C', '*', '(', 'X_3', '/', '(', 'C', '/', 'X_2', ')', '-', 'X_3', ')', '+', 'X_2']","[np.float64(0.5473321927936394), np.float64(-0.3507043227390427), np.float64(3.076723167558004)]",x = sqrt(x1^2+x2^2-2*x1*x2*cos(theta1-theta2)),"['sqrt', '(', 'X_0', '^2', '+', 'X_1', '^2', '-', '2', '*', 'X_0', '*', 'X_1', '*', 'cos', '(', 'X_2', '-', 'X_3', ')', ')']",4,10000,(((C*X_2)*X_3^2+C*X_3^2)+C)+X_2
I.29.4,0,GRAMS-PUCT,BIC,0.0,True,X_0/X_1,"['X_0', '/', 'X_1']",[],k = omega/c,"['X_0', '/', 'X_1']",2,169,X_0/X_1
I.29.4,1,GRAMS-PUCT,BIC,0.0,True,X_0/X_1,"['X_0', '/', 'X_1']",[],k = omega/c,"['X_0', '/', 'X_1']",2,133,X_0/X_1
I.29.4,2,GRAMS-PUCT,BIC,1.0188230727031171e-08,True,C/X_1*X_0/C*C,"['C', '/', 'X_1', '*', 'X_0', '/', 'C', '*', 'C']","[np.float64(-4.409679631582919), np.float64(-2.903302879342642), np.float64(0.658393150232502)]",k = omega/c,"['X_0', '/', 'X_1']",2,79,(C*X_0)/X_1
I.29.4,0,GRAMS-PUCT,RMSE,1.9849438853025668e-09,True,X_0/X_1-C,"['X_0', '/', 'X_1', '-', 'C']",[np.float64(1.984943881298117e-09)],k = omega/c,"['X_0', '/', 'X_1']",2,62,C+X_0/X_1
I.29.4,1,GRAMS-PUCT,RMSE,0.0,True,X_0/X_1,"['X_0', '/', 'X_1']",[],k = omega/c,"['X_0', '/', 'X_1']",2,483,X_0/X_1
I.29.4,2,GRAMS-PUCT,RMSE,0.0,True,X_0/X_1,"['X_0', '/', 'X_1']",[],k = omega/c,"['X_0', '/', 'X_1']",2,44,X_0/X_1
I.29.4,0,GRAMS-UCT,BIC,0.0,True,X_0/X_1,"['X_0', '/', 'X_1']",[],k = omega/c,"['X_0', '/', 'X_1']",2,64,X_0/X_1
I.29.4,1,GRAMS-UCT,BIC,6.864629080995897e-10,True,X_0/C/X_1*C,"['X_0', '/', 'C', '/', 'X_1', '*', 'C']","[np.float64(2.296860777290246), np.float64(2.296860778099864)]",k = omega/c,"['X_0', '/', 'X_1']",2,234,(C*X_0)/X_1
I.29.4,2,GRAMS-UCT,BIC,1.6893944496040932e-09,True,X_0/X_1-C,"['X_0', '/', 'X_1', '-', 'C']",[np.float64(-1.6893944758252114e-09)],k = omega/c,"['X_0', '/', 'X_1']",2,42,C+X_0/X_1
I.29.4,0,GRAMS-UCT,RMSE,8.948008951170382e-08,True,X_0/X_1-X_1*X_0*sin(C/C+C+C*C),"['X_0', '/', 'X_1', '-', 'X_1', '*', 'X_0', '*', 'sin', '(', 'C', '/', 'C', '+', 'C', '+', 'C', '*', 'C', ')']","[np.float64(-1.1591540448711644), np.float64(0.44500153346507626), np.float64(4.793699172416932), np.float64(1.9046793661141126), np.float64(-1.1492052886888875)]",k = omega/c,"['X_0', '/', 'X_1']",2,68,(C*X_0)*X_1+X_0/X_1
I.29.4,1,GRAMS-UCT,RMSE,1.7218355529740946e-08,True,X_0/X_1*C,"['X_0', '/', 'X_1', '*', 'C']",[np.float64(0.9999999911586179)],k = omega/c,"['X_0', '/', 'X_1']",2,241,(C*X_0)/X_1
I.29.4,2,GRAMS-UCT,RMSE,0.0,True,X_0/X_1,"['X_0', '/', 'X_1']",[],k = omega/c,"['X_0', '/', 'X_1']",2,171,X_0/X_1
I.29.4,0,MC,N/A,0.0,True,X_0/X_1,"['X_0', '/', 'X_1']",[],k = omega/c,"['X_0', '/', 'X_1']",2,170,X_0/X_1
I.29.4,1,MC,N/A,0.0,True,X_0/X_1,"['X_0', '/', 'X_1']",[],k = omega/c,"['X_0', '/', 'X_1']",2,71,X_0/X_1
I.29.4,2,MC,N/A,4.04351481242143e-09,True,C/X_1*X_0/C,"['C', '/', 'X_1', '*', 'X_0', '/', 'C']","[np.float64(-3.1649497441562686), np.float64(-3.1649497375849225)]",k = omega/c,"['X_0', '/', 'X_1']",2,60,(C*X_0)/X_1
I.30.3,0,GRAMS-PUCT,BIC,1.9500298001791256,False,C+C/exp(C*X_0/C-C+X_1)+X_1-X_1*C,"['C', '+', 'C', '/', 'exp', '(', 'C', '*', 'X_0', '/', 'C', '-', 'C', '+', 'X_1', ')', '+', 'X_1', '-', 'X_1', '*', 'C']","[np.float64(-4.971442312950363), np.float64(3.8818066734934944), np.float64(1.0505438371575242), np.float64(-4.992590317772812), np.float64(1.3656642341597953), np.float64(-0.6073369831988299)]",Int = Int_0*sin(n*theta/2)^2/sin(theta/2)^2,"['X_0', '*', 'sin', '(', 'X_2', '*', 'X_1', '/', '2', ')', '^2', '/', 'sin', '(', 'X_1', '/', '2', ')', '^2']",3,10000,((C*X_1+C)+(C*exp(-1*X_1))*exp(C*X_0))+X_1
I.30.3,1,GRAMS-PUCT,BIC,1.8939361532999563,False,(X_1/C)+sin(sqrt(C)/(X_2)*C*C/X_0)-sqrt(X_2)+((X_0))/(X_1-C)*C,"['(', 'X_1', '/', 'C', ')', '+', 'sin', '(', 'sqrt', '(', 'C', ')', '/', '(', 'X_2', ')', '*', 'C', '*', 'C', '/', 'X_0', ')', '-', 'sqrt', '(', 'X_2', ')', '+', '(', '(', 'X_0', ')', ')', '/', '(', 'X_1', '-', 'C', ')', '*', 'C']","[np.float64(1.288896032426525), np.float64(4.607460499530827), np.float64(-0.43646353512521263), np.float64(1.9480467728678732), np.float64(0.6972323251193753), np.float64(1.0806699276912783)]",Int = Int_0*sin(n*theta/2)^2/sin(theta/2)^2,"['X_0', '*', 'sin', '(', 'X_2', '*', 'X_1', '/', '2', ')', '^2', '/', 'sin', '(', 'X_1', '/', '2', ')', '^2']",3,10000,(((C*X_0)/(C+X_1)+C*X_1)+-1*X_2^0.5)+sin(C/(X_0*X_2))
I.30.3,2,GRAMS-PUCT,BIC,1.9112548390267639,False,C+X_0/exp(cos(C+C-X_1+C+C)),"['C', '+', 'X_0', '/', 'exp', '(', 'cos', '(', 'C', '+', 'C', '-', 'X_1', '+', 'C', '+', 'C', ')', ')']","[np.float64(0.3137301208404407), np.float64(-1.3409032060098722), np.float64(0.5447210739976202), np.float64(-1.8183212846048225), np.float64(-0.37096281169197604)]",Int = Int_0*sin(n*theta/2)^2/sin(theta/2)^2,"['X_0', '*', 'sin', '(', 'X_2', '*', 'X_1', '/', '2', ')', '^2', '/', 'sin', '(', 'X_1', '/', '2', ')', '^2']",3,10000,C+X_0*exp(-1*cos(C-X_1))
I.30.3,0,GRAMS-PUCT,RMSE,1.7810222455113922,False,exp(((C/C)+C*(C)/(X_1)/X_1*sin(X_2-X_2*C+C)+C/X_0)),"['exp', '(', '(', '(', 'C', '/', 'C', ')', '+', 'C', '*', '(', 'C', ')', '/', '(', 'X_1', ')', '/', 'X_1', '*', 'sin', '(', 'X_2', '-', 'X_2', '*', 'C', '+', 'C', ')', '+', 'C', '/', 'X_0', ')', ')']","[np.float64(-4.978097882517888), np.float64(-3.4032302745708938), np.float64(-1.1313108213694052), np.float64(-1.999673539815945), np.float64(0.36748869487488317), np.float64(-0.0774164010544511), np.float64(-2.7002570181090553)]",Int = Int_0*sin(n*theta/2)^2/sin(theta/2)^2,"['X_0', '*', 'sin', '(', 'X_2', '*', 'X_1', '/', '2', ')', '^2', '/', 'sin', '(', 'X_1', '/', '2', ')', '^2']",3,10000,(C*exp(C/X_0))*exp((C*sin((C*X_2+C)+X_2))/X_1^2)
I.30.3,1,GRAMS-PUCT,RMSE,1.9337580950884046,False,X_0/exp(exp(X_0/X_0/C-C-X_0+X_0)*cos(C/C+X_1)),"['X_0', '/', 'exp', '(', 'exp', '(', 'X_0', '/', 'X_0', '/', 'C', '-', 'C', '-', 'X_0', '+', 'X_0', ')', '*', 'cos', '(', 'C', '/', 'C', '+', 'X_1', ')', ')']","[np.float64(-4.928139108786229), np.float64(-0.27298042968498104), np.float64(-4.994536275288579), np.float64(-1.682756565301159)]",Int = Int_0*sin(n*theta/2)^2/sin(theta/2)^2,"['X_0', '*', 'sin', '(', 'X_2', '*', 'X_1', '/', '2', ')', '^2', '/', 'sin', '(', 'X_1', '/', '2', ')', '^2']",3,10000,X_0*exp(C*cos(C+X_1))
I.30.3,2,GRAMS-PUCT,RMSE,1.8739077650626923,False,X_0*(((C+sqrt(C))*((X_1)-(C-X_1-X_1)*C/X_1)/C-C-C)),"['X_0', '*', '(', '(', '(', 'C', '+', 'sqrt', '(', 'C', ')', ')', '*', '(', '(', 'X_1', ')', '-', '(', 'C', '-', 'X_1', '-', 'X_1', ')', '*', 'C', '/', 'X_1', ')', '/', 'C', '-', 'C', '-', 'C', ')', ')']","[np.float64(1.3691609296470773), np.float64(3.1797029493517552), np.float64(-3.379569245988427), np.float64(2.4364263496680088), np.float64(4.9548791140285715), np.float64(1.2801990453452619), np.float64(5.0)]",Int = Int_0*sin(n*theta/2)^2/sin(theta/2)^2,"['X_0', '*', 'sin', '(', 'X_2', '*', 'X_1', '/', '2', ')', '^2', '/', 'sin', '(', 'X_1', '/', '2', ')', '^2']",3,10000,((C*X_0)*X_1+(2*C)*X_0)+(C*X_0)/X_1
I.30.3,0,GRAMS-UCT,BIC,1.885114507308236,False,sin(C*X_2/X_0-C+C)/X_2+C+X_0/C/(X_0+C*cos(X_1-C-X_0/C)+X_1),"['sin', '(', 'C', '*', 'X_2', '/', 'X_0', '-', 'C', '+', 'C', ')', '/', 'X_2', '+', 'C', '+', 'X_0', '/', 'C', '/', '(', 'X_0', '+', 'C', '*', 'cos', '(', 'X_1', '-', 'C', '-', 'X_0', '/', 'C', ')', '+', 'X_1', ')']","[np.float64(2.004771429157623), np.float64(1.4152929801811889), np.float64(1.9770804155603732), np.float64(-0.4627718340092769), np.float64(0.1473254918268284), np.float64(4.991993501943292), np.float64(-3.9505985818459872), np.float64(5.0)]",Int = Int_0*sin(n*theta/2)^2/sin(theta/2)^2,"['X_0', '*', 'sin', '(', 'X_2', '*', 'X_1', '/', '2', ')', '^2', '/', 'sin', '(', 'X_1', '/', '2', ')', '^2']",3,10000,((C*X_0)/((C*cos((C*X_0+C)+-1*X_1)+X_0)+X_1)+C)+sin(C+(C*X_2)/X_0)/X_2
I.30.3,1,GRAMS-UCT,BIC,1.9649956485981197,False,C+X_0-(X_1)/X_1*C+C/X_1/C-C*X_1,"['C', '+', 'X_0', '-', '(', 'X_1', ')', '/', 'X_1', '*', 'C', '+', 'C', '/', 'X_1', '/', 'C', '-', 'C', '*', 'X_1']","[np.float64(-5.0), np.float64(5.0), np.float64(-4.999937704590368), np.float64(-0.38519850642135894), np.float64(-1.4425907578920043)]",Int = Int_0*sin(n*theta/2)^2/sin(theta/2)^2,"['X_0', '*', 'sin', '(', 'X_2', '*', 'X_1', '/', '2', ')', '^2', '/', 'sin', '(', 'X_1', '/', '2', ')', '^2']",3,10000,((C*X_1+C)+C/X_1)+X_0
I.30.3,2,GRAMS-UCT,BIC,1.913880208821535,False,(X_0/X_1)+C*cos(X_2*X_1)/C,"['(', 'X_0', '/', 'X_1', ')', '+', 'C', '*', 'cos', '(', 'X_2', '*', 'X_1', ')', '/', 'C']","[np.float64(-5.0), np.float64(2.06061433630665)]",Int = Int_0*sin(n*theta/2)^2/sin(theta/2)^2,"['X_0', '*', 'sin', '(', 'X_2', '*', 'X_1', '/', '2', ')', '^2', '/', 'sin', '(', 'X_1', '/', '2', ')', '^2']",3,10000,C*cos(X_1*X_2)+X_0/X_1
I.30.3,0,GRAMS-UCT,RMSE,1.9021101660177049,False,X_1+C/(sin(C)-C*X_0+X_1*C*C)+X_1-C*X_1*X_2+X_0/X_1+C/C,"['X_1', '+', 'C', '/', '(', 'sin', '(', 'C', ')', '-', 'C', '*', 'X_0', '+', 'X_1', '*', 'C', '*', 'C', ')', '+', 'X_1', '-', 'C', '*', 'X_1', '*', 'X_2', '+', 'X_0', '/', 'X_1', '+', 'C', '/', 'C']","[np.float64(4.2522147350176125), np.float64(3.0251153556130554), np.float64(0.03626600561930656), np.float64(0.18609828524386324), np.float64(1.7331475947294048), np.float64(0.01015779855647683), np.float64(4.998034226243835), np.float64(-0.506282562290359)]",Int = Int_0*sin(n*theta/2)^2/sin(theta/2)^2,"['X_0', '*', 'sin', '(', 'X_2', '*', 'X_1', '/', '2', ')', '^2', '/', 'sin', '(', 'X_1', '/', '2', ')', '^2']",3,10000,((((C*X_1)*X_2+C)+C/((C*X_0+C*X_1)+C))+X_0/X_1)+2*X_1
I.30.3,1,GRAMS-UCT,RMSE,1.834440941072602,False,sin(C-X_1*X_2)-cos(C/X_1/C+(C+X_0))+C-C/C*X_0,"['sin', '(', 'C', '-', 'X_1', '*', 'X_2', ')', '-', 'cos', '(', 'C', '/', 'X_1', '/', 'C', '+', '(', 'C', '+', 'X_0', ')', ')', '+', 'C', '-', 'C', '/', 'C', '*', 'X_0']","[np.float64(-1.599909854084319), np.float64(3.9440660816133675), np.float64(0.74513547693662), np.float64(1.0794294185298086), np.float64(-0.2017818038314665), np.float64(-0.8249756212168575), np.float64(0.8395576547488768)]",Int = Int_0*sin(n*theta/2)^2/sin(theta/2)^2,"['X_0', '*', 'sin', '(', 'X_2', '*', 'X_1', '/', '2', ')', '^2', '/', 'sin', '(', 'X_1', '/', '2', ')', '^2']",3,10000,((C*X_0+C)+sin(C-X_1*X_2))+-1*cos((C+C/X_1)+X_0)
I.30.3,2,GRAMS-UCT,RMSE,1.6696674507442641,False,X_0+sin(X_1*X_2+C)*X_0,"['X_0', '+', 'sin', '(', 'X_1', '*', 'X_2', '+', 'C', ')', '*', 'X_0']",[np.float64(-1.5277644469884741)],Int = Int_0*sin(n*theta/2)^2/sin(theta/2)^2,"['X_0', '*', 'sin', '(', 'X_2', '*', 'X_1', '/', '2', ')', '^2', '/', 'sin', '(', 'X_1', '/', '2', ')', '^2']",3,10000,X_0*sin(C+X_1*X_2)+X_0
I.30.3,0,MC,N/A,1.959086710420829,False,C/X_1/exp(X_0*C/C)+X_1-X_0/C+C*C/C,"['C', '/', 'X_1', '/', 'exp', '(', 'X_0', '*', 'C', '/', 'C', ')', '+', 'X_1', '-', 'X_0', '/', 'C', '+', 'C', '*', 'C', '/', 'C']","[np.float64(5.0), np.float64(0.6377485978013981), np.float64(-2.723449388977737), np.float64(4.688165290037406), np.float64(4.673050626473516), np.float64(3.088652378933854), np.float64(-3.565621426638463)]",Int = Int_0*sin(n*theta/2)^2/sin(theta/2)^2,"['X_0', '*', 'sin', '(', 'X_2', '*', 'X_1', '/', '2', ')', '^2', '/', 'sin', '(', 'X_1', '/', '2', ')', '^2']",3,10000,((C*X_0+C)+(C*exp(C*X_0))/X_1)+X_1
I.30.3,1,MC,N/A,1.983611464592837,False,C*C-C-(C*cos(X_1)-X_0)/X_1,"['C', '*', 'C', '-', 'C', '-', '(', 'C', '*', 'cos', '(', 'X_1', ')', '-', 'X_0', ')', '/', 'X_1']","[np.float64(-0.6369845952249246), np.float64(0.10193078456403995), np.float64(-2.0194412527893384), np.float64(-4.890867098604525)]",Int = Int_0*sin(n*theta/2)^2/sin(theta/2)^2,"['X_0', '*', 'sin', '(', 'X_2', '*', 'X_1', '/', '2', ')', '^2', '/', 'sin', '(', 'X_1', '/', '2', ')', '^2']",3,10000,(C+(C*cos(X_1))/X_1)+X_0/X_1
I.30.3,2,MC,N/A,1.9138799720659365,False,X_0/X_1+C*cos(X_2*X_1)/C,"['X_0', '/', 'X_1', '+', 'C', '*', 'cos', '(', 'X_2', '*', 'X_1', ')', '/', 'C']","[np.float64(5.0), np.float64(-2.059604997823491)]",Int = Int_0*sin(n*theta/2)^2/sin(theta/2)^2,"['X_0', '*', 'sin', '(', 'X_2', '*', 'X_1', '/', '2', ')', '^2', '/', 'sin', '(', 'X_1', '/', '2', ')', '^2']",3,10000,C*cos(X_1*X_2)+X_0/X_1
I.30.5,0,GRAMS-PUCT,BIC,0.005461615809441947,False,X_0/(X_1/(C))*C/X_2*C-C,"['X_0', '/', '(', 'X_1', '/', '(', 'C', ')', ')', '*', 'C', '/', 'X_2', '*', 'C', '-', 'C']","[np.float64(0.3813837542175429), np.float64(-2.475742214373793), np.float64(-1.1234286209605455), np.float64(0.008209479448625158)]",theta = arcsin(lambd/(n*d)),"['arcsin', '(', 'X_0', '/', '(', 'X_2', '*', 'X_1', ')', ')']",3,10000,(C*X_0)/(X_1*X_2)+C
I.30.5,1,GRAMS-PUCT,BIC,0.004556938605923488,False,X_0/(X_1*X_2+C),"['X_0', '/', '(', 'X_1', '*', 'X_2', '+', 'C', ')']",[np.float64(-0.15285686404410212)],theta = arcsin(lambd/(n*d)),"['arcsin', '(', 'X_0', '/', '(', 'X_2', '*', 'X_1', ')', ')']",3,10000,X_0/(C+X_1*X_2)
I.30.5,2,GRAMS-PUCT,BIC,0.005461614729015576,False,C+X_0/X_2/X_1*C,"['C', '+', 'X_0', '/', 'X_2', '/', 'X_1', '*', 'C']","[np.float64(-0.008204999972505992), np.float64(1.0607187212906326)]",theta = arcsin(lambd/(n*d)),"['arcsin', '(', 'X_0', '/', '(', 'X_2', '*', 'X_1', ')', ')']",3,10000,(C*X_0)/(X_1*X_2)+C
I.30.5,0,GRAMS-PUCT,RMSE,0.005297449145653184,False,((((C-C*X_0/X_1-X_2)/X_2)-C)),"['(', '(', '(', '(', 'C', '-', 'C', '*', 'X_0', '/', 'X_1', '-', 'X_2', ')', '/', 'X_2', ')', '-', 'C', ')', ')']","[np.float64(-0.011094457254868295), np.float64(-1.0758710922131915), np.float64(-0.9934686487403794)]",theta = arcsin(lambd/(n*d)),"['arcsin', '(', 'X_0', '/', '(', 'X_2', '*', 'X_1', ')', ')']",3,10000,((C*X_0)/(X_1*X_2)+C)+C/X_2
I.30.5,1,GRAMS-PUCT,RMSE,0.005461614650543121,False,C+X_0/X_2*C/C/X_1,"['C', '+', 'X_0', '/', 'X_2', '*', 'C', '/', 'C', '/', 'X_1']","[np.float64(-0.008204499462719023), np.float64(5.0), np.float64(4.713783045377732)]",theta = arcsin(lambd/(n*d)),"['arcsin', '(', 'X_0', '/', '(', 'X_2', '*', 'X_1', ')', ')']",3,10000,(C*X_0)/(X_1*X_2)+C
I.30.5,2,GRAMS-PUCT,RMSE,0.005059918567267623,False,X_2*C-C+X_0/X_1/X_2/C*C+C,"['X_2', '*', 'C', '-', 'C', '+', 'X_0', '/', 'X_1', '/', 'X_2', '/', 'C', '*', 'C', '+', 'C']","[np.float64(0.0025977224083372713), np.float64(-0.1288801523923747), np.float64(-3.633897168829327), np.float64(-3.92457666373323), np.float64(-0.1484113798532764)]",theta = arcsin(lambd/(n*d)),"['arcsin', '(', 'X_0', '/', '(', 'X_2', '*', 'X_1', ')', ')']",3,10000,((C*X_0)/(X_1*X_2)+C*X_2)+C
I.30.5,0,GRAMS-UCT,BIC,0.004906840414395056,False,X_2/C-((X_2)-sqrt(sqrt(X_0))*C)/C-X_2-C*X_0/X_2/X_1,"['X_2', '/', 'C', '-', '(', '(', 'X_2', ')', '-', 'sqrt', '(', 'sqrt', '(', 'X_0', ')', ')', '*', 'C', ')', '/', 'C', '-', 'X_2', '-', 'C', '*', 'X_0', '/', 'X_2', '/', 'X_1']","[np.float64(1.290744132262411), np.float64(0.08942939851438327), np.float64(-4.3784093303079805), np.float64(-1.0871829858948394)]",theta = arcsin(lambd/(n*d)),"['arcsin', '(', 'X_0', '/', '(', 'X_2', '*', 'X_1', ')', ')']",3,10000,(((C*X_0)/(X_1*X_2)+C*X_0^(1/4))+(2*C)*X_2)+-1*X_2
I.30.5,1,GRAMS-UCT,BIC,0.005458740173609207,False,C+X_0/X_1/X_2*(C-X_2*C*X_2-C)*C,"['C', '+', 'X_0', '/', 'X_1', '/', 'X_2', '*', '(', 'C', '-', 'X_2', '*', 'C', '*', 'X_2', '-', 'C', ')', '*', 'C']","[np.float64(-0.00861344285640003), np.float64(-1.2543878851703851), np.float64(-0.0003448523394688965), np.float64(-2.79050828753956), np.float64(0.6907831837660187)]",theta = arcsin(lambd/(n*d)),"['arcsin', '(', 'X_0', '/', '(', 'X_2', '*', 'X_1', ')', ')']",3,10000,((C*X_0)/(X_1*X_2)+((C*X_0)*X_2)/X_1)+C
I.30.5,2,GRAMS-UCT,BIC,0.005059915912185269,False,C*X_2+C*(X_1/X_1/X_1/(X_2)*X_0)-C/C+X_2,"['C', '*', 'X_2', '+', 'C', '*', '(', 'X_1', '/', 'X_1', '/', 'X_1', '/', '(', 'X_2', ')', '*', 'X_0', ')', '-', 'C', '/', 'C', '+', 'X_2']","[np.float64(-0.9974006304835135), np.float64(1.0799735032257198), np.float64(-0.09770227318627231), np.float64(-4.999998355007175)]",theta = arcsin(lambd/(n*d)),"['arcsin', '(', 'X_0', '/', '(', 'X_2', '*', 'X_1', ')', ')']",3,10000,(((C*X_0)/(X_1*X_2)+C*X_2)+C)+X_2
I.30.5,0,GRAMS-UCT,RMSE,0.005427200871469219,False,X_2*C/X_2*X_0*(X_0/X_2)*X_0-(C)+sin(X_2*C+C+(X_2))/((C*X_2)*X_1)*X_0+X_1-X_1,"['X_2', '*', 'C', '/', 'X_2', '*', 'X_0', '*', '(', 'X_0', '/', 'X_2', ')', '*', 'X_0', '-', '(', 'C', ')', '+', 'sin', '(', 'X_2', '*', 'C', '+', 'C', '+', '(', 'X_2', ')', ')', '/', '(', '(', 'C', '*', 'X_2', ')', '*', 'X_1', ')', '*', 'X_0', '+', 'X_1', '-', 'X_1']","[np.float64(-0.000371158534954049), np.float64(0.006806749660848889), np.float64(-1.0048713757806793), np.float64(0.8853320979016445), np.float64(0.7256740259842813)]",theta = arcsin(lambd/(n*d)),"['arcsin', '(', 'X_0', '/', '(', 'X_2', '*', 'X_1', ')', ')']",3,10000,((C*X_0^3)/X_2+((C*X_0)*sin((C*X_2+C)+X_2))/(X_1*X_2))+C
I.30.5,1,GRAMS-UCT,RMSE,0.0062967459917475386,False,sin(((cos(C/(C-C)-C)*C))/X_1-C)/X_2*X_0*C,"['sin', '(', '(', '(', 'cos', '(', 'C', '/', '(', 'C', '-', 'C', ')', '-', 'C', ')', '*', 'C', ')', ')', '/', 'X_1', '-', 'C', ')', '/', 'X_2', '*', 'X_0', '*', 'C']","[np.float64(-4.831877664406314), np.float64(-4.400161988935363), np.float64(-0.7131324473914974), np.float64(0.7456095110371502), np.float64(-0.40545356901753865), np.float64(3.1358542247577703), np.float64(3.1720299015551796)]",theta = arcsin(lambd/(n*d)),"['arcsin', '(', 'X_0', '/', '(', 'X_2', '*', 'X_1', ')', ')']",3,10000,((C*X_0)*sin(C+C/X_1))/X_2
I.30.5,2,GRAMS-UCT,RMSE,0.005281658152851167,False,C/X_1/((C-X_2)/C)*X_0,"['C', '/', 'X_1', '/', '(', '(', 'C', '-', 'X_2', ')', '/', 'C', ')', '*', 'X_0']","[np.float64(-0.23111778914257053), np.float64(0.08301358041634403), np.float64(4.22464633980782)]",theta = arcsin(lambd/(n*d)),"['arcsin', '(', 'X_0', '/', '(', 'X_2', '*', 'X_1', ')', ')']",3,10000,(C*X_0)/(C*X_1-X_1*X_2)
I.30.5,0,MC,N/A,0.00695066706422207,False,X_0*C/X_1/X_2*C*C,"['X_0', '*', 'C', '/', 'X_1', '/', 'X_2', '*', 'C', '*', 'C']","[np.float64(0.10977422978254708), np.float64(-2.188769977037686), np.float64(-4.280465016358931)]",theta = arcsin(lambd/(n*d)),"['arcsin', '(', 'X_0', '/', '(', 'X_2', '*', 'X_1', ')', ')']",3,10000,(C*X_0)/(X_1*X_2)
I.30.5,1,MC,N/A,0.005461614631915633,False,X_0/X_2/X_1*C*C-C,"['X_0', '/', 'X_2', '/', 'X_1', '*', 'C', '*', 'C', '-', 'C']","[np.float64(0.9913725134343078), np.float64(1.06994993725153), np.float64(0.008204012933802686)]",theta = arcsin(lambd/(n*d)),"['arcsin', '(', 'X_0', '/', '(', 'X_2', '*', 'X_1', ')', ')']",3,10000,(C*X_0)/(X_1*X_2)+C
I.30.5,2,MC,N/A,0.0069506670849850995,False,C/X_2/X_1*X_0*C,"['C', '/', 'X_2', '/', 'X_1', '*', 'X_0', '*', 'C']","[np.float64(-0.6293678584300897), np.float64(-1.6341281139020263)]",theta = arcsin(lambd/(n*d)),"['arcsin', '(', 'X_0', '/', '(', 'X_2', '*', 'X_1', ')', ')']",3,10000,(C*X_0)/(X_1*X_2)
I.32.17,0,GRAMS-PUCT,BIC,2.0313229403775765,False,((X_2/(C*X_3-X_5*C+C+C*X_4)*X_0+X_1*C)),"['(', '(', 'X_2', '/', '(', 'C', '*', 'X_3', '-', 'X_5', '*', 'C', '+', 'C', '+', 'C', '*', 'X_4', ')', '*', 'X_0', '+', 'X_1', '*', 'C', ')', ')']","[np.float64(-0.10861400984888492), np.float64(-0.2090264613538655), np.float64(0.5038508214880574), np.float64(-0.4556912941607086), np.float64(-1.7731680501265545)]",Pwr = (1/2*epsilon*c*Ef**2)*(8*pi*r**2/3)*(omega**4/(omega**2-omega_0**2)**2),"['(', '0.5', '*', 'X_0', '*', 'X_1', '*', 'X_2', '^2', ')', '*', '(', '8', '*', 'pi', '*', 'X_3', '^2', '/', '3', ')', '*', '(', '(', 'X_4', '^2', '*', 'X_4', '^2', ')', '/', '(', 'X_4', '^2', '-', 'X_5', '^2', ')', '^2', ')']",6,10000,C*X_1+(X_0*X_2)/(((C*X_3+C*X_4)+C*X_5)+C)
I.32.17,1,GRAMS-PUCT,BIC,2.5967248042260795,False,(exp((X_4-X_4*X_2-(C))*C/X_2/(C+C*C)-C/X_3*X_5/C)),"['(', 'exp', '(', '(', 'X_4', '-', 'X_4', '*', 'X_2', '-', '(', 'C', ')', ')', '*', 'C', '/', 'X_2', '/', '(', 'C', '+', 'C', '*', 'C', ')', '-', 'C', '/', 'X_3', '*', 'X_5', '/', 'C', ')', ')']","[np.float64(0.8924432445640246), np.float64(4.8301667371333545), np.float64(4.80183236368996), np.float64(-3.0734355058479506), np.float64(1.8764625577718717), np.float64(4.9999907549113765), np.float64(2.6105203557178)]",Pwr = (1/2*epsilon*c*Ef**2)*(8*pi*r**2/3)*(omega**4/(omega**2-omega_0**2)**2),"['(', '0.5', '*', 'X_0', '*', 'X_1', '*', 'X_2', '^2', ')', '*', '(', '8', '*', 'pi', '*', 'X_3', '^2', '/', '3', ')', '*', '(', '(', 'X_4', '^2', '*', 'X_4', '^2', ')', '/', '(', 'X_4', '^2', '-', 'X_5', '^2', ')', '^2', ')']",6,10000,((exp(C/X_2)*exp(C*X_4))*exp((C*X_4)/X_2))*exp((C*X_5)/X_3)
I.32.17,2,GRAMS-PUCT,BIC,2.9424057923953835,False,((exp(C+sin(X_4+C-X_5/C/C+C+C)*X_1/C*C))),"['(', '(', 'exp', '(', 'C', '+', 'sin', '(', 'X_4', '+', 'C', '-', 'X_5', '/', 'C', '/', 'C', '+', 'C', '+', 'C', ')', '*', 'X_1', '/', 'C', '*', 'C', ')', ')', ')']","[np.float64(1.5113594744665821), np.float64(-2.265008302903254), np.float64(-0.46166114429038985), np.float64(-4.67301640506715), np.float64(-4.3351859885847155), np.float64(3.413127413178339), np.float64(-2.192226136804874), np.float64(4.99999602783948)]",Pwr = (1/2*epsilon*c*Ef**2)*(8*pi*r**2/3)*(omega**4/(omega**2-omega_0**2)**2),"['(', '0.5', '*', 'X_0', '*', 'X_1', '*', 'X_2', '^2', ')', '*', '(', '8', '*', 'pi', '*', 'X_3', '^2', '/', '3', ')', '*', '(', '(', 'X_4', '^2', '*', 'X_4', '^2', ')', '/', '(', 'X_4', '^2', '-', 'X_5', '^2', ')', '^2', ')']",6,10000,C*exp((C*X_1)*sin((C*X_5+C)+X_4))
I.32.17,0,GRAMS-PUCT,RMSE,2.977135011018733,False,(X_2/exp(cos(X_5/C)/C)*X_4)*C*X_3+((C)-C)-X_4*C/X_4-X_2/C*C/X_1,"['(', 'X_2', '/', 'exp', '(', 'cos', '(', 'X_5', '/', 'C', ')', '/', 'C', ')', '*', 'X_4', ')', '*', 'C', '*', 'X_3', '+', '(', '(', 'C', ')', '-', 'C', ')', '-', 'X_4', '*', 'C', '/', 'X_4', '-', 'X_2', '/', 'C', '*', 'C', '/', 'X_1']","[np.float64(1.7552671483317404), np.float64(-0.8193804659124657), np.float64(5.0), np.float64(-3.573391106484278), np.float64(-0.7708150413817308), np.float64(0.21338774050889708), np.float64(-2.0299398058102582), np.float64(-4.953874024768462)]",Pwr = (1/2*epsilon*c*Ef**2)*(8*pi*r**2/3)*(omega**4/(omega**2-omega_0**2)**2),"['(', '0.5', '*', 'X_0', '*', 'X_1', '*', 'X_2', '^2', ')', '*', '(', '8', '*', 'pi', '*', 'X_3', '^2', '/', '3', ')', '*', '(', '(', 'X_4', '^2', '*', 'X_4', '^2', ')', '/', '(', 'X_4', '^2', '-', 'X_5', '^2', ')', '^2', ')']",6,10000,((((C*X_2)*X_3)*X_4)*exp(C*cos(C*X_5))+C)+(C*X_2)/X_1
I.32.17,1,GRAMS-PUCT,RMSE,2.4839936847067423,False,X_3/(C+sin(C-X_5-C*X_4+X_3)-C/(X_5/C*X_5-X_5+X_2+C+X_0)),"['X_3', '/', '(', 'C', '+', 'sin', '(', 'C', '-', 'X_5', '-', 'C', '*', 'X_4', '+', 'X_3', ')', '-', 'C', '/', '(', 'X_5', '/', 'C', '*', 'X_5', '-', 'X_5', '+', 'X_2', '+', 'C', '+', 'X_0', ')', ')']","[np.float64(0.7833718071872551), np.float64(-3.4428754105389276), np.float64(-1.6802203782135912), np.float64(-1.2077588709069274), np.float64(5.0), np.float64(2.248524882682466)]",Pwr = (1/2*epsilon*c*Ef**2)*(8*pi*r**2/3)*(omega**4/(omega**2-omega_0**2)**2),"['(', '0.5', '*', 'X_0', '*', 'X_1', '*', 'X_2', '^2', ')', '*', '(', '8', '*', 'pi', '*', 'X_3', '^2', '/', '3', ')', '*', '(', '(', 'X_4', '^2', '*', 'X_4', '^2', ')', '/', '(', 'X_4', '^2', '-', 'X_5', '^2', ')', '^2', ')']",6,10000,X_3/((C+C/((((C*X_5^2+C)+X_0)+X_2)+-1*X_5))+sin(((C*X_4+C)+X_3)+-1*X_5))
I.32.17,2,GRAMS-PUCT,RMSE,3.2774668608243074,False,exp(C+C*sin(C+(X_0*C)-X_0/X_2/C+X_5)*X_4),"['exp', '(', 'C', '+', 'C', '*', 'sin', '(', 'C', '+', '(', 'X_0', '*', 'C', ')', '-', 'X_0', '/', 'X_2', '/', 'C', '+', 'X_5', ')', '*', 'X_4', ')']","[np.float64(-2.9060777884611757), np.float64(3.07434706966716), np.float64(-0.8514233911285631), np.float64(-0.2616483447062211), np.float64(5.0)]",Pwr = (1/2*epsilon*c*Ef**2)*(8*pi*r**2/3)*(omega**4/(omega**2-omega_0**2)**2),"['(', '0.5', '*', 'X_0', '*', 'X_1', '*', 'X_2', '^2', ')', '*', '(', '8', '*', 'pi', '*', 'X_3', '^2', '/', '3', ')', '*', '(', '(', 'X_4', '^2', '*', 'X_4', '^2', ')', '/', '(', 'X_4', '^2', '-', 'X_5', '^2', ')', '^2', ')']",6,10000,C*exp((C*X_4)*sin(((C*X_0+(C*X_0)/X_2)+C)+X_5))
I.32.17,0,GRAMS-UCT,BIC,2.7864959155385947,False,X_3*C*C/exp(C*X_5-X_4+((C/C+X_2+X_0+X_1)/X_2*X_2*X_5*C)*C)*X_2,"['X_3', '*', 'C', '*', 'C', '/', 'exp', '(', 'C', '*', 'X_5', '-', 'X_4', '+', '(', '(', 'C', '/', 'C', '+', 'X_2', '+', 'X_0', '+', 'X_1', ')', '/', 'X_2', '*', 'X_2', '*', 'X_5', '*', 'C', ')', '*', 'C', ')', '*', 'X_2']","[np.float64(-5.0), np.float64(-5.0), np.float64(2.2112534039130916), np.float64(3.94233100486173), np.float64(4.999928969716194), np.float64(0.0396680294313526), np.float64(-5.0)]",Pwr = (1/2*epsilon*c*Ef**2)*(8*pi*r**2/3)*(omega**4/(omega**2-omega_0**2)**2),"['(', '0.5', '*', 'X_0', '*', 'X_1', '*', 'X_2', '^2', ')', '*', '(', '8', '*', 'pi', '*', 'X_3', '^2', '/', '3', ')', '*', '(', '(', 'X_4', '^2', '*', 'X_4', '^2', ')', '/', '(', 'X_4', '^2', '-', 'X_5', '^2', ')', '^2', ')']",6,10000,((((((C*X_2)*X_3)*exp(X_4))*exp((2*C)*X_5))*exp((C*X_0)*X_5))*exp((C*X_1)*X_5))*exp((C*X_2)*X_5)
I.32.17,1,GRAMS-UCT,BIC,2.8192769533905353,False,exp(C*C*X_4-C/X_2/C*X_5),"['exp', '(', 'C', '*', 'C', '*', 'X_4', '-', 'C', '/', 'X_2', '/', 'C', '*', 'X_5', ')']","[np.float64(1.821764456017574), np.float64(1.787173492328367), np.float64(-2.6088172127024216), np.float64(-1.468969745977435)]",Pwr = (1/2*epsilon*c*Ef**2)*(8*pi*r**2/3)*(omega**4/(omega**2-omega_0**2)**2),"['(', '0.5', '*', 'X_0', '*', 'X_1', '*', 'X_2', '^2', ')', '*', '(', '8', '*', 'pi', '*', 'X_3', '^2', '/', '3', ')', '*', '(', '(', 'X_4', '^2', '*', 'X_4', '^2', ')', '/', '(', 'X_4', '^2', '-', 'X_5', '^2', ')', '^2', ')']",6,10000,exp(C*X_4)*exp((C*X_5)/X_2)
I.32.17,2,GRAMS-UCT,BIC,2.8214983821509794,False,X_3-X_0/(X_2/X_5-C)+C/X_3+X_4*X_4*X_4/(X_3/C/X_1+X_5-X_1)-C+X_4+X_3*X_4,"['X_3', '-', 'X_0', '/', '(', 'X_2', '/', 'X_5', '-', 'C', ')', '+', 'C', '/', 'X_3', '+', 'X_4', '*', 'X_4', '*', 'X_4', '/', '(', 'X_3', '/', 'C', '/', 'X_1', '+', 'X_5', '-', 'X_1', ')', '-', 'C', '+', 'X_4', '+', 'X_3', '*', 'X_4']","[np.float64(-0.23557341145209884), np.float64(2.5149602957479016), np.float64(-1.031229065152889), np.float64(5.0)]",Pwr = (1/2*epsilon*c*Ef**2)*(8*pi*r**2/3)*(omega**4/(omega**2-omega_0**2)**2),"['(', '0.5', '*', 'X_0', '*', 'X_1', '*', 'X_2', '^2', ')', '*', '(', '8', '*', 'pi', '*', 'X_3', '^2', '/', '3', ')', '*', '(', '(', 'X_4', '^2', '*', 'X_4', '^2', ')', '/', '(', 'X_4', '^2', '-', 'X_5', '^2', ')', '^2', ')']",6,10000,(((((C+C/X_3)+-1*(X_0/(C+X_2/X_5)))+X_3*X_4)+X_3)+X_4^3/(((C*X_3)/X_1+-1*X_1)+X_5))+X_4
I.32.17,0,GRAMS-UCT,RMSE,3.1189439742761507,False,C*X_3/C*X_2*(X_2*((X_5/X_4))*X_3+X_4/X_5/C*C)+X_3+C-C,"['C', '*', 'X_3', '/', 'C', '*', 'X_2', '*', '(', 'X_2', '*', '(', '(', 'X_5', '/', 'X_4', ')', ')', '*', 'X_3', '+', 'X_4', '/', 'X_5', '/', 'C', '*', 'C', ')', '+', 'X_3', '+', 'C', '-', 'C']","[np.float64(-0.8630712074635731), np.float64(4.992471595254508), np.float64(-0.0694412900018347), np.float64(5.0), np.float64(-4.370402221669982), np.float64(2.465074842436812)]",Pwr = (1/2*epsilon*c*Ef**2)*(8*pi*r**2/3)*(omega**4/(omega**2-omega_0**2)**2),"['(', '0.5', '*', 'X_0', '*', 'X_1', '*', 'X_2', '^2', ')', '*', '(', '8', '*', 'pi', '*', 'X_3', '^2', '/', '3', ')', '*', '(', '(', 'X_4', '^2', '*', 'X_4', '^2', ')', '/', '(', 'X_4', '^2', '-', 'X_5', '^2', ')', '^2', ')']",6,10000,(((((C*X_2^2)*X_3^2)*X_5)/X_4+(((C*X_2)*X_3)*X_4)/X_5)+C)+X_3
I.32.17,1,GRAMS-UCT,RMSE,2.601247136843669,False,exp(C*C+X_4*(cos(C-X_2))-X_5+(X_4+C)+C*C/X_4+C),"['exp', '(', 'C', '*', 'C', '+', 'X_4', '*', '(', 'cos', '(', 'C', '-', 'X_2', ')', ')', '-', 'X_5', '+', '(', 'X_4', '+', 'C', ')', '+', 'C', '*', 'C', '/', 'X_4', '+', 'C', ')']","[np.float64(-1.8048452067742449), np.float64(-4.205288801240552), np.float64(-3.848858676379409), np.float64(2.08900634695921), np.float64(-2.4342897505568453), np.float64(1.8962512642633569), np.float64(-4.473874009000574)]",Pwr = (1/2*epsilon*c*Ef**2)*(8*pi*r**2/3)*(omega**4/(omega**2-omega_0**2)**2),"['(', '0.5', '*', 'X_0', '*', 'X_1', '*', 'X_2', '^2', ')', '*', '(', '8', '*', 'pi', '*', 'X_3', '^2', '/', '3', ')', '*', '(', '(', 'X_4', '^2', '*', 'X_4', '^2', ')', '/', '(', 'X_4', '^2', '-', 'X_5', '^2', ')', '^2', ')']",6,10000,(((C*exp(X_4))*exp(-1*X_5))*exp(C/X_4))*exp(X_4*cos(C-X_2))
I.32.17,2,GRAMS-UCT,RMSE,2.1474370077172944,False,C+C*X_3/(X_2+C*(X_2-X_4)+X_5*C),"['C', '+', 'C', '*', 'X_3', '/', '(', 'X_2', '+', 'C', '*', '(', 'X_2', '-', 'X_4', ')', '+', 'X_5', '*', 'C', ')']","[np.float64(-3.5023839921822786), np.float64(-4.053904089589743), np.float64(-0.7670126705006516), np.float64(-0.6766416906030029)]",Pwr = (1/2*epsilon*c*Ef**2)*(8*pi*r**2/3)*(omega**4/(omega**2-omega_0**2)**2),"['(', '0.5', '*', 'X_0', '*', 'X_1', '*', 'X_2', '^2', ')', '*', '(', '8', '*', 'pi', '*', 'X_3', '^2', '/', '3', ')', '*', '(', '(', 'X_4', '^2', '*', 'X_4', '^2', ')', '/', '(', 'X_4', '^2', '-', 'X_5', '^2', ')', '^2', ')']",6,10000,(C*X_3)/(((C*X_2+C*X_4)+C*X_5)+X_2)+C
I.32.17,0,MC,N/A,2.5517184280525385,False,(X_1/X_0/(X_1)*C)+exp(C-((C*X_1+X_2*C+X_4)*C/X_5))*X_1/C/X_1,"['(', 'X_1', '/', 'X_0', '/', '(', 'X_1', ')', '*', 'C', ')', '+', 'exp', '(', 'C', '-', '(', '(', 'C', '*', 'X_1', '+', 'X_2', '*', 'C', '+', 'X_4', ')', '*', 'C', '/', 'X_5', ')', ')', '*', 'X_1', '/', 'C', '/', 'X_1']","[np.float64(-3.324362132580447), np.float64(-3.627719744169862), np.float64(0.22769083323393202), np.float64(0.5682048554425193), np.float64(-5.0), np.float64(0.21029933016561858)]",Pwr = (1/2*epsilon*c*Ef**2)*(8*pi*r**2/3)*(omega**4/(omega**2-omega_0**2)**2),"['(', '0.5', '*', 'X_0', '*', 'X_1', '*', 'X_2', '^2', ')', '*', '(', '8', '*', 'pi', '*', 'X_3', '^2', '/', '3', ')', '*', '(', '(', 'X_4', '^2', '*', 'X_4', '^2', ')', '/', '(', 'X_4', '^2', '-', 'X_5', '^2', ')', '^2', ')']",6,10000,((C*exp((C*X_1)/X_5))*exp((C*X_2)/X_5))*exp((C*X_4)/X_5)+C/X_0
I.32.17,1,MC,N/A,2.4053747754673176,False,X_0/X_2/C+exp(X_4*C+C*X_3/X_3*X_5/C-C*X_2),"['X_0', '/', 'X_2', '/', 'C', '+', 'exp', '(', 'X_4', '*', 'C', '+', 'C', '*', 'X_3', '/', 'X_3', '*', 'X_5', '/', 'C', '-', 'C', '*', 'X_2', ')']","[np.float64(3.6226076172350887), np.float64(3.2923238387460616), np.float64(-4.758825395792072), np.float64(2.740382772082573), np.float64(-1.3190154205154196)]",Pwr = (1/2*epsilon*c*Ef**2)*(8*pi*r**2/3)*(omega**4/(omega**2-omega_0**2)**2),"['(', '0.5', '*', 'X_0', '*', 'X_1', '*', 'X_2', '^2', ')', '*', '(', '8', '*', 'pi', '*', 'X_3', '^2', '/', '3', ')', '*', '(', '(', 'X_4', '^2', '*', 'X_4', '^2', ')', '/', '(', 'X_4', '^2', '-', 'X_5', '^2', ')', '^2', ')']",6,10000,(C*X_0)/X_2+(exp(C*X_2)*exp(C*X_4))*exp(C*X_5)
I.32.17,2,MC,N/A,2.53817128301499,False,(C*(C)-C+X_0*exp(X_3*(X_3*C/C*X_3+C/X_5/C)*(C+X_4))-X_5),"['(', 'C', '*', '(', 'C', ')', '-', 'C', '+', 'X_0', '*', 'exp', '(', 'X_3', '*', '(', 'X_3', '*', 'C', '/', 'C', '*', 'X_3', '+', 'C', '/', 'X_5', '/', 'C', ')', '*', '(', 'C', '+', 'X_4', ')', ')', '-', 'X_5', ')']","[np.float64(-1.404623776630595), np.float64(-0.22967003239406109), np.float64(-0.7877711190024151), np.float64(-0.36756393312858765), np.float64(3.159793221344719), np.float64(-5.0), np.float64(-0.8745305145621214), np.float64(-0.8446427990096109)]",Pwr = (1/2*epsilon*c*Ef**2)*(8*pi*r**2/3)*(omega**4/(omega**2-omega_0**2)**2),"['(', '0.5', '*', 'X_0', '*', 'X_1', '*', 'X_2', '^2', ')', '*', '(', '8', '*', 'pi', '*', 'X_3', '^2', '/', '3', ')', '*', '(', '(', 'X_4', '^2', '*', 'X_4', '^2', ')', '/', '(', 'X_4', '^2', '-', 'X_5', '^2', ')', '^2', ')']",6,10000,(C+(((X_0*exp(C*X_3^3))*exp((C*X_3)/X_5))*exp((C*X_3^3)*X_4))*exp(((C*X_3)*X_4)/X_5))+-1*X_5
I.32.5,0,GRAMS-PUCT,BIC,0.35209846276698925,False,X_0/exp(X_2+(C/C*X_3*C+C/C+C*X_1)/C/X_3*X_3),"['X_0', '/', 'exp', '(', 'X_2', '+', '(', 'C', '/', 'C', '*', 'X_3', '*', 'C', '+', 'C', '/', 'C', '+', 'C', '*', 'X_1', ')', '/', 'C', '/', 'X_3', '*', 'X_3', ')']","[np.float64(-5.0), np.float64(-2.505802057144957), np.float64(-5.0), np.float64(-4.999976395651161), np.float64(-0.4978256816125547), np.float64(2.6253673656278997), np.float64(-4.808571415615334)]",Pwr = q**2*a**2/(6*pi*epsilon*c**3),"['X_0', '^2', '*', 'X_1', '^2', '/', '(', '6', '*', 'pi', '*', 'X_2', '*', 'X_3', '^3', ')']",4,10000,(((C*X_0)*exp(-1*X_2))*exp(C*X_1))*exp(C*X_3)
I.32.5,1,GRAMS-PUCT,BIC,0.4242340398766026,False,C*exp(C*X_3*C/X_1+X_0-C),"['C', '*', 'exp', '(', 'C', '*', 'X_3', '*', 'C', '/', 'X_1', '+', 'X_0', '-', 'C', ')']","[np.float64(0.5079828476203901), np.float64(-4.994891240095825), np.float64(1.4031850421340732), np.float64(0.3391796861633671)]",Pwr = q**2*a**2/(6*pi*epsilon*c**3),"['X_0', '^2', '*', 'X_1', '^2', '/', '(', '6', '*', 'pi', '*', 'X_2', '*', 'X_3', '^3', ')']",4,10000,(C*exp(X_0))*exp((C*X_3)/X_1)
I.32.5,2,GRAMS-PUCT,BIC,0.415705362057148,False,((C)*X_1*(C+X_0/X_3/C/X_3-C)),"['(', '(', 'C', ')', '*', 'X_1', '*', '(', 'C', '+', 'X_0', '/', 'X_3', '/', 'C', '/', 'X_3', '-', 'C', ')', ')']","[np.float64(-0.6758459875594811), np.float64(-0.5919155699735511), np.float64(-2.592961986937878), np.float64(-0.6791506961160665)]",Pwr = q**2*a**2/(6*pi*epsilon*c**3),"['X_0', '^2', '*', 'X_1', '^2', '/', '(', '6', '*', 'pi', '*', 'X_2', '*', 'X_3', '^3', ')']",4,10000,((C*X_0)*X_1)/X_3^2+C*X_1
I.32.5,0,GRAMS-PUCT,RMSE,0.4707203436883878,False,C+X_1/exp(X_2+(X_3+C-X_0)/C*C),"['C', '+', 'X_1', '/', 'exp', '(', 'X_2', '+', '(', 'X_3', '+', 'C', '-', 'X_0', ')', '/', 'C', '*', 'C', ')']","[np.float64(0.08475729118615809), np.float64(1.577491715678984), np.float64(4.8425413808483775), np.float64(5.0)]",Pwr = q**2*a**2/(6*pi*epsilon*c**3),"['X_0', '^2', '*', 'X_1', '^2', '/', '(', '6', '*', 'pi', '*', 'X_2', '*', 'X_3', '^3', ')']",4,10000,(((C*X_1)*exp(-1*X_2))*exp(C*X_0))*exp(C*X_3)+C
I.32.5,1,GRAMS-PUCT,RMSE,0.4095230456020544,False,X_1*cos(C)*(C+C/(X_3)/X_3*X_0)-C,"['X_1', '*', 'cos', '(', 'C', ')', '*', '(', 'C', '+', 'C', '/', '(', 'X_3', ')', '/', 'X_3', '*', 'X_0', ')', '-', 'C']","[np.float64(-4.660227717346183), np.float64(0.022115505167841113), np.float64(-4.999995948612846), np.float64(0.19837427500267849)]",Pwr = q**2*a**2/(6*pi*epsilon*c**3),"['X_0', '^2', '*', 'X_1', '^2', '/', '(', '6', '*', 'pi', '*', 'X_2', '*', 'X_3', '^3', ')']",4,10000,(((C*X_0)*X_1)/X_3^2+C*X_1)+C
I.32.5,2,GRAMS-PUCT,RMSE,0.38317564983305585,False,X_1/((X_3-(C-C))*C/(C*(C+C*C-X_1*X_0))/C),"['X_1', '/', '(', '(', 'X_3', '-', '(', 'C', '-', 'C', ')', ')', '*', 'C', '/', '(', 'C', '*', '(', 'C', '+', 'C', '*', 'C', '-', 'X_1', '*', 'X_0', ')', ')', '/', 'C', ')']","[np.float64(-0.9047030082011802), np.float64(-1.7626252832658686), np.float64(4.393760217708109), np.float64(0.4878700349337465), np.float64(2.220264119651123), np.float64(-0.4755952396118094), np.float64(-3.5075661384543633), np.float64(-0.16435075990162334)]",Pwr = q**2*a**2/(6*pi*epsilon*c**3),"['X_0', '^2', '*', 'X_1', '^2', '/', '(', '6', '*', 'pi', '*', 'X_2', '*', 'X_3', '^3', ')']",4,10000,((C*X_0)*X_1^2)/(C+X_3)+(C*X_1)/(C+X_3)
I.32.5,0,GRAMS-UCT,BIC,0.21209277238301386,False,exp(C*(sin((C)/X_2))/X_1-X_3/C-X_0+X_0/X_3)*C*X_3/X_2*exp(X_0)*C*X_1*C,"['exp', '(', 'C', '*', '(', 'sin', '(', '(', 'C', ')', '/', 'X_2', ')', ')', '/', 'X_1', '-', 'X_3', '/', 'C', '-', 'X_0', '+', 'X_0', '/', 'X_3', ')', '*', 'C', '*', 'X_3', '/', 'X_2', '*', 'exp', '(', 'X_0', ')', '*', 'C', '*', 'X_1', '*', 'C']","[np.float64(-2.5487433151055634), np.float64(2.391610645668464), np.float64(1.4116492619996226), np.float64(1.9434764895086698), np.float64(0.05330419383135327), np.float64(1.8496513369494172)]",Pwr = q**2*a**2/(6*pi*epsilon*c**3),"['X_0', '^2', '*', 'X_1', '^2', '/', '(', '6', '*', 'pi', '*', 'X_2', '*', 'X_3', '^3', ')']",4,10000,(((((C*X_1)*X_3)*exp(C*X_3))*exp(X_0/X_3))*exp((C*sin(C/X_2))/X_1))/X_2
I.32.5,1,GRAMS-UCT,BIC,0.3757108149747291,False,X_1/C*X_1/X_3*X_0*(C/X_3*X_0)+C+C+C+C,"['X_1', '/', 'C', '*', 'X_1', '/', 'X_3', '*', 'X_0', '*', '(', 'C', '/', 'X_3', '*', 'X_0', ')', '+', 'C', '+', 'C', '+', 'C', '+', 'C']","[np.float64(4.98346636974746), np.float64(0.08092417476839474), np.float64(1.64954140713417), np.float64(-0.5647930782062722), np.float64(-2.488882543450741), np.float64(1.3256891791247012)]",Pwr = q**2*a**2/(6*pi*epsilon*c**3),"['X_0', '^2', '*', 'X_1', '^2', '/', '(', '6', '*', 'pi', '*', 'X_2', '*', 'X_3', '^3', ')']",4,10000,((C*X_0^2)*X_1^2)/X_3^2+C
I.32.5,2,GRAMS-UCT,BIC,0.4184449878294979,False,exp(C/X_1*X_3)*X_0/((C)),"['exp', '(', 'C', '/', 'X_1', '*', 'X_3', ')', '*', 'X_0', '/', '(', '(', 'C', ')', ')']","[np.float64(-5.0), np.float64(0.32998068111447115)]",Pwr = q**2*a**2/(6*pi*epsilon*c**3),"['X_0', '^2', '*', 'X_1', '^2', '/', '(', '6', '*', 'pi', '*', 'X_2', '*', 'X_3', '^3', ')']",4,10000,(C*X_0)*exp((C*X_3)/X_1)
I.32.5,0,GRAMS-UCT,RMSE,0.4130149014558356,False,C/cos(X_0/C+C)*X_1/exp(C/X_1*X_3)*X_0,"['C', '/', 'cos', '(', 'X_0', '/', 'C', '+', 'C', ')', '*', 'X_1', '/', 'exp', '(', 'C', '/', 'X_1', '*', 'X_3', ')', '*', 'X_0']","[np.float64(-0.42415140580011995), np.float64(-5.0), np.float64(3.012506928359687), np.float64(5.0)]",Pwr = q**2*a**2/(6*pi*epsilon*c**3),"['X_0', '^2', '*', 'X_1', '^2', '/', '(', '6', '*', 'pi', '*', 'X_2', '*', 'X_3', '^3', ')']",4,10000,(((C*X_0)*X_1)*exp((C*X_3)/X_1))/cos(C*X_0+C)
I.32.5,1,GRAMS-UCT,RMSE,0.2548761625410467,False,exp(X_3-(C*X_3*(C)-C-X_0-C/X_1*X_2-X_2*C/C+X_3))*(C*X_1),"['exp', '(', 'X_3', '-', '(', 'C', '*', 'X_3', '*', '(', 'C', ')', '-', 'C', '-', 'X_0', '-', 'C', '/', 'X_1', '*', 'X_2', '-', 'X_2', '*', 'C', '/', 'C', '+', 'X_3', ')', ')', '*', '(', 'C', '*', 'X_1', ')']","[np.float64(2.6119423988487207), np.float64(0.8825014075855058), np.float64(-1.5596628793662743), np.float64(-1.7157664775599408), np.float64(0.030883422889298455), np.float64(-2.8520303310555395), np.float64(2.9939089889182906)]",Pwr = q**2*a**2/(6*pi*epsilon*c**3),"['X_0', '^2', '*', 'X_1', '^2', '/', '(', '6', '*', 'pi', '*', 'X_2', '*', 'X_3', '^3', ')']",4,10000,((((C*X_1)*exp(X_0))*exp(C*X_2))*exp(C*X_3))*exp((C*X_2)/X_1)
I.32.5,2,GRAMS-UCT,RMSE,0.41710757095985684,False,C/X_2*C*X_0/X_3*((X_1/C+X_3*X_0)-C)*C,"['C', '/', 'X_2', '*', 'C', '*', 'X_0', '/', 'X_3', '*', '(', '(', 'X_1', '/', 'C', '+', 'X_3', '*', 'X_0', ')', '-', 'C', ')', '*', 'C']","[np.float64(1.3409754247266836), np.float64(0.1132130678814662), np.float64(-0.17172479547163536), np.float64(0.3413804675851264), np.float64(-0.5467189432778061)]",Pwr = q**2*a**2/(6*pi*epsilon*c**3),"['X_0', '^2', '*', 'X_1', '^2', '/', '(', '6', '*', 'pi', '*', 'X_2', '*', 'X_3', '^3', ')']",4,10000,((C*X_0^2)/X_2+((C*X_0)*X_1)/(X_2*X_3))+(C*X_0)/(X_2*X_3)
I.32.5,0,MC,N/A,0.39550731397222455,False,(C/X_1*C/X_2/C+C)*X_0/exp(X_3*C+X_3)/C*C*(X_1),"['(', 'C', '/', 'X_1', '*', 'C', '/', 'X_2', '/', 'C', '+', 'C', ')', '*', 'X_0', '/', 'exp', '(', 'X_3', '*', 'C', '+', 'X_3', ')', '/', 'C', '*', 'C', '*', '(', 'X_1', ')']","[np.float64(-2.5609658674092857), np.float64(4.406514568850672), np.float64(-0.583689195817732), np.float64(4.532774593499015), np.float64(0.9999032517600585), np.float64(4.928183966361035), np.float64(1.3961709776753795)]",Pwr = q**2*a**2/(6*pi*epsilon*c**3),"['X_0', '^2', '*', 'X_1', '^2', '/', '(', '6', '*', 'pi', '*', 'X_2', '*', 'X_3', '^3', ')']",4,10000,(((C*X_0)*X_1)*exp(-1*X_3))*exp(C*X_3)+(((C*X_0)*exp(-1*X_3))*exp(C*X_3))/X_2
I.32.5,1,MC,N/A,0.47761771225851707,False,X_1/C*X_0/X_3-C,"['X_1', '/', 'C', '*', 'X_0', '/', 'X_3', '-', 'C']","[np.float64(5.0), np.float64(0.45330387895126484)]",Pwr = q**2*a**2/(6*pi*epsilon*c**3),"['X_0', '^2', '*', 'X_1', '^2', '/', '(', '6', '*', 'pi', '*', 'X_2', '*', 'X_3', '^3', ')']",4,10000,((C*X_0)*X_1)/X_3+C
I.32.5,2,MC,N/A,0.4644050207247995,False,(X_0*C*X_0*(C*X_1*X_0/X_0/X_3)*(X_3/X_0*C+(C))/C-C)*C+X_0*X_1,"['(', 'X_0', '*', 'C', '*', 'X_0', '*', '(', 'C', '*', 'X_1', '*', 'X_0', '/', 'X_0', '/', 'X_3', ')', '*', '(', 'X_3', '/', 'X_0', '*', 'C', '+', '(', 'C', ')', ')', '/', 'C', '-', 'C', ')', '*', 'C', '+', 'X_0', '*', 'X_1']","[np.float64(5.0), np.float64(-2.541269704868424), np.float64(5.0), np.float64(-0.29225114299568633), np.float64(-3.715211756923168), np.float64(3.819620554310686), np.float64(-0.06322232832086196)]",Pwr = q**2*a**2/(6*pi*epsilon*c**3),"['X_0', '^2', '*', 'X_1', '^2', '/', '(', '6', '*', 'pi', '*', 'X_2', '*', 'X_3', '^3', ')']",4,10000,((((C*X_0^2)*X_1)/X_3+(C*X_0)*X_1)+C)+X_0*X_1
I.34.1,0,GRAMS-PUCT,BIC,0.21187613519886178,False,(X_2*C+(C*C/(X_0*(X_0/X_0))*X_1*X_2/X_0))/X_1*X_1*C,"['(', 'X_2', '*', 'C', '+', '(', 'C', '*', 'C', '/', '(', 'X_0', '*', '(', 'X_0', '/', 'X_0', ')', ')', '*', 'X_1', '*', 'X_2', '/', 'X_0', ')', ')', '/', 'X_1', '*', 'X_1', '*', 'C']","[np.float64(3.8894972777483066), np.float64(-4.540656119853137), np.float64(-4.999974242505902), np.float64(0.2752742334489861)]",omega = omega_0/(1-v/c),"['X_2', '/', '(', '1', '-', 'X_1', '/', 'X_0', ')']",3,10000,C*X_2+((C*X_1)*X_2)/X_0^2
I.34.1,1,GRAMS-PUCT,BIC,0.2639825166475321,False,(((X_2)+X_2*X_1/sin(C)/X_0)*(C-X_1+X_1*C)+X_2*X_0*C-X_1+X_2-C+X_1*(X_2/C))+C-X_1,"['(', '(', '(', 'X_2', ')', '+', 'X_2', '*', 'X_1', '/', 'sin', '(', 'C', ')', '/', 'X_0', ')', '*', '(', 'C', '-', 'X_1', '+', 'X_1', '*', 'C', ')', '+', 'X_2', '*', 'X_0', '*', 'C', '-', 'X_1', '+', 'X_2', '-', 'C', '+', 'X_1', '*', '(', 'X_2', '/', 'C', ')', ')', '+', 'C', '-', 'X_1']","[np.float64(0.15290870130896528), np.float64(-0.18838734770040005), np.float64(1.3202712111030521), np.float64(-0.007798434785801703), np.float64(-3.2271820684318158), np.float64(-4.05154720339097), np.float64(-0.2700050754463817)]",omega = omega_0/(1-v/c),"['X_2', '/', '(', '1', '-', 'X_1', '/', 'X_0', ')']",3,10000,((((((((C*X_0)*X_2+((2*C)*X_1)*X_2)+C*X_2)+C)+(((2*C)*X_1^2)*X_2)/X_0)+((C*X_1)*X_2)/X_0)+-1*(X_1*X_2))+-1*(2*X_1))+X_2
I.34.1,2,GRAMS-PUCT,BIC,0.3007538764653904,False,(C*(X_1/sqrt(X_1/C+X_1-(X_0+X_2-cos((X_1))-C)*sin(X_1+C)+X_0)*X_2)-C+C),"['(', 'C', '*', '(', 'X_1', '/', 'sqrt', '(', 'X_1', '/', 'C', '+', 'X_1', '-', '(', 'X_0', '+', 'X_2', '-', 'cos', '(', '(', 'X_1', ')', ')', '-', 'C', ')', '*', 'sin', '(', 'X_1', '+', 'C', ')', '+', 'X_0', ')', '*', 'X_2', ')', '-', 'C', '+', 'C', ')']","[np.float64(2.7679358019834592), np.float64(5.0), np.float64(4.88903763495231), np.float64(1.783426008767631), np.float64(3.6612339478502274), np.float64(3.582959623972924)]",omega = omega_0/(1-v/c),"['X_2', '/', '(', '1', '-', 'X_1', '/', 'X_0', ')']",3,10000,((C*X_1)*X_2)/((((((C*X_1+C*sin(C+X_1))+-1*(X_0*sin(C+X_1)))+X_0)+X_1)+-1*(X_2*sin(C+X_1)))+sin(C+X_1)*cos(X_1))^0.5+C
I.34.1,0,GRAMS-PUCT,RMSE,0.33280218888630847,False,X_2/C+X_1/C*C/((C)*C*X_0+C)-C,"['X_2', '/', 'C', '+', 'X_1', '/', 'C', '*', 'C', '/', '(', '(', 'C', ')', '*', 'C', '*', 'X_0', '+', 'C', ')', '-', 'C']","[np.float64(0.7204936330096227), np.float64(0.3716691916535493), np.float64(3.8608190335888426), np.float64(-0.6978493965523629), np.float64(-3.45755102622642), np.float64(-2.676602034933168), np.float64(1.4399998563193674)]",omega = omega_0/(1-v/c),"['X_2', '/', '(', '1', '-', 'X_1', '/', 'X_0', ')']",3,10000,((C*X_1)/(C*X_0+C)+C*X_2)+C
I.34.1,1,GRAMS-PUCT,RMSE,0.10419613861796012,False,C-C*X_2*X_1*X_1/X_0*(C/(X_0/C-C-X_2)-C/C)+X_2,"['C', '-', 'C', '*', 'X_2', '*', 'X_1', '*', 'X_1', '/', 'X_0', '*', '(', 'C', '/', '(', 'X_0', '/', 'C', '-', 'C', '-', 'X_2', ')', '-', 'C', '/', 'C', ')', '+', 'X_2']","[np.float64(0.11327708702692306), np.float64(-5.0), np.float64(-5.0), np.float64(-0.11468057173912238), np.float64(-4.3603371462564695), np.float64(-0.26439851377500173), np.float64(4.588305597780873)]",omega = omega_0/(1-v/c),"['X_2', '/', '(', '1', '-', 'X_1', '/', 'X_0', ')']",3,10000,((((C*X_1^2)*X_2)/((C*X_0^2+C*X_0)+-1*(X_0*X_2))+C)+((C*X_1^2)*X_2)/X_0)+X_2
I.34.1,2,GRAMS-PUCT,RMSE,0.24059063902790886,False,(X_1+X_1)*X_1*X_2/X_0*C/X_0+(C)+X_1+C*(X_0)+X_2*C,"['(', 'X_1', '+', 'X_1', ')', '*', 'X_1', '*', 'X_2', '/', 'X_0', '*', 'C', '/', 'X_0', '+', '(', 'C', ')', '+', 'X_1', '+', 'C', '*', '(', 'X_0', ')', '+', 'X_2', '*', 'C']","[np.float64(1.3386912205313997), np.float64(-1.00252666607571), np.float64(-0.07447071371158405), np.float64(1.17060149284596)]",omega = omega_0/(1-v/c),"['X_2', '/', '(', '1', '-', 'X_1', '/', 'X_0', ')']",3,10000,(((C*X_0+C*X_2)+C)+((C*X_1^2)*X_2)/X_0^2)+X_1
I.34.1,0,GRAMS-UCT,BIC,0.2845228780808063,False,X_2/C*(C*C+cos(C-(X_1))-C/C/X_0/C),"['X_2', '/', 'C', '*', '(', 'C', '*', 'C', '+', 'cos', '(', 'C', '-', '(', 'X_1', ')', ')', '-', 'C', '/', 'C', '/', 'X_0', '/', 'C', ')']","[np.float64(2.0223500390400204), np.float64(-1.716735619098426), np.float64(-1.2747914361736874), np.float64(-2.5508098553134775), np.float64(-4.999392528883945), np.float64(2.4162879027239548), np.float64(0.29694812567902423)]",omega = omega_0/(1-v/c),"['X_2', '/', '(', '1', '-', 'X_1', '/', 'X_0', ')']",3,10000,((C*X_2)*cos(C-X_1)+C*X_2)+(C*X_2)/X_0
I.34.1,1,GRAMS-UCT,BIC,0.1612010677238536,False,X_2*X_0*(C)/(C)/((C+((C))*X_0*C)*C+X_0/X_1)+C/X_2,"['X_2', '*', 'X_0', '*', '(', 'C', ')', '/', '(', 'C', ')', '/', '(', '(', 'C', '+', '(', '(', 'C', ')', ')', '*', 'X_0', '*', 'C', ')', '*', 'C', '+', 'X_0', '/', 'X_1', ')', '+', 'C', '/', 'X_2']","[np.float64(4.9998032452416235), np.float64(2.3446798217025906), np.float64(1.9278056684330631), np.float64(1.2282549884937282), np.float64(-0.6775471494799948), np.float64(-1.7950340989913842), np.float64(0.017920806200306266)]",omega = omega_0/(1-v/c),"['X_2', '/', '(', '1', '-', 'X_1', '/', 'X_0', ')']",3,10000,((C*X_0)*X_2)/((C*X_0+C)+X_0/X_1)+C/X_2
I.34.1,2,GRAMS-UCT,BIC,0.18478959429551411,False,C*X_2*C/X_0*X_1-C+X_2*X_0/X_0*C,"['C', '*', 'X_2', '*', 'C', '/', 'X_0', '*', 'X_1', '-', 'C', '+', 'X_2', '*', 'X_0', '/', 'X_0', '*', 'C']","[np.float64(-0.7388569750508813), np.float64(-3.1415290133124762), np.float64(-0.004640604571625126), np.float64(0.7827477686682663)]",omega = omega_0/(1-v/c),"['X_2', '/', '(', '1', '-', 'X_1', '/', 'X_0', ')']",3,10000,(C*X_2+C)+((C*X_1)*X_2)/X_0
I.34.1,0,GRAMS-UCT,RMSE,0.22466369317255608,False,C*C*X_1*C*X_2/(X_0*X_0*C+exp(C))+cos(C)*C-C+X_2,"['C', '*', 'C', '*', 'X_1', '*', 'C', '*', 'X_2', '/', '(', 'X_0', '*', 'X_0', '*', 'C', '+', 'exp', '(', 'C', ')', ')', '+', 'cos', '(', 'C', ')', '*', 'C', '-', 'C', '+', 'X_2']","[np.float64(2.5030790500009106), np.float64(3.6833868165482517), np.float64(2.002282838020996), np.float64(2.83524476541547), np.float64(-3.3138842108102295), np.float64(-3.988338370733661), np.float64(3.9303367900384507), np.float64(-2.773716192337839)]",omega = omega_0/(1-v/c),"['X_2', '/', '(', '1', '-', 'X_1', '/', 'X_0', ')']",3,10000,(((C*X_1)*X_2)/(C*X_0^2+C)+C)+X_2
I.34.1,1,GRAMS-UCT,RMSE,0.0771103585349259,False,X_0*C*X_1*(X_2)*X_0/X_0/((X_1/C/C+C-X_2*C)-X_0*C*X_1),"['X_0', '*', 'C', '*', 'X_1', '*', '(', 'X_2', ')', '*', 'X_0', '/', 'X_0', '/', '(', '(', 'X_1', '/', 'C', '/', 'C', '+', 'C', '-', 'X_2', '*', 'C', ')', '-', 'X_0', '*', 'C', '*', 'X_1', ')']","[np.float64(2.2514912923519135), np.float64(0.7098373971475723), np.float64(-0.2059465472505717), np.float64(5.0), np.float64(-0.002463686366858042), np.float64(-2.251391671229393)]",omega = omega_0/(1-v/c),"['X_2', '/', '(', '1', '-', 'X_1', '/', 'X_0', ')']",3,10000,(((C*X_0)*X_1)*X_2)/((((C*X_0)*X_1+C*X_1)+C*X_2)+C)
I.34.1,2,GRAMS-UCT,RMSE,0.183618769353134,False,C*X_1+C*X_1*X_2/X_0-C+X_2*C,"['C', '*', 'X_1', '+', 'C', '*', 'X_1', '*', 'X_2', '/', 'X_0', '-', 'C', '+', 'X_2', '*', 'C']","[np.float64(-0.08000437874014295), np.float64(2.350658866304445), np.float64(-0.12348089554686371), np.float64(0.7754658374590845)]",omega = omega_0/(1-v/c),"['X_2', '/', '(', '1', '-', 'X_1', '/', 'X_0', ')']",3,10000,((C*X_1+C*X_2)+C)+((C*X_1)*X_2)/X_0
I.34.1,0,MC,N/A,0.23586469497356335,False,(X_2*C/X_0/C*X_1-C+(X_0-(X_1+C*sqrt(X_0+X_1*X_0)))/C*X_2),"['(', 'X_2', '*', 'C', '/', 'X_0', '/', 'C', '*', 'X_1', '-', 'C', '+', '(', 'X_0', '-', '(', 'X_1', '+', 'C', '*', 'sqrt', '(', 'X_0', '+', 'X_1', '*', 'X_0', ')', ')', ')', '/', 'C', '*', 'X_2', ')']","[np.float64(2.955125409442486), np.float64(0.6100457177117916), np.float64(-0.09331220506875228), np.float64(1.1316282406352378), np.float64(5.0)]",omega = omega_0/(1-v/c),"['X_2', '/', '(', '1', '-', 'X_1', '/', 'X_0', ')']",3,10000,((((C*X_0)*X_2+(C*X_1)*X_2)+(C*X_2)*(X_0*X_1+X_0)^0.5)+C)+((C*X_1)*X_2)/X_0
I.34.1,1,MC,N/A,0.3310608689854643,False,X_0*X_2/C/(C*sqrt(C)*X_0-C+X_0*X_2*C*(C*X_0/X_0-X_1+C)/C)*X_2,"['X_0', '*', 'X_2', '/', 'C', '/', '(', 'C', '*', 'sqrt', '(', 'C', ')', '*', 'X_0', '-', 'C', '+', 'X_0', '*', 'X_2', '*', 'C', '*', '(', 'C', '*', 'X_0', '/', 'X_0', '-', 'X_1', '+', 'C', ')', '/', 'C', ')', '*', 'X_2']","[np.float64(-0.9434185684778841), np.float64(-0.6852036304396827), np.float64(3.3199886835901906), np.float64(-5.0), np.float64(1.1778953166539354), np.float64(3.950858462501384), np.float64(0.41332943895981605), np.float64(-5.0)]",omega = omega_0/(1-v/c),"['X_2', '/', '(', '1', '-', 'X_1', '/', 'X_0', ')']",3,10000,((C*X_0)*X_2^2)/(((((C*X_0)*X_1)*X_2+(C*X_0)*X_2)+C*X_0)+C)
I.34.1,2,MC,N/A,0.32339852183855916,False,C*X_1/X_0*X_1+X_2+X_0/C/(C)-X_1+C*(X_0)-X_2*C,"['C', '*', 'X_1', '/', 'X_0', '*', 'X_1', '+', 'X_2', '+', 'X_0', '/', 'C', '/', '(', 'C', ')', '-', 'X_1', '+', 'C', '*', '(', 'X_0', ')', '-', 'X_2', '*', 'C']","[np.float64(4.077130603788596), np.float64(-2.5447544472495442), np.float64(4.475881874518293), np.float64(0.07370941654075035), np.float64(-0.37145797167996963)]",omega = omega_0/(1-v/c),"['X_2', '/', '(', '1', '-', 'X_1', '/', 'X_0', ')']",3,10000,(((C*X_0+C*X_2)+(C*X_1^2)/X_0)+-1*X_1)+X_2
I.34.14,0,GRAMS-PUCT,BIC,0.19573207184039687,False,C-C/X_0*X_2*C+X_2-((X_1*C)),"['C', '-', 'C', '/', 'X_0', '*', 'X_2', '*', 'C', '+', 'X_2', '-', '(', '(', 'X_1', '*', 'C', ')', ')']","[np.float64(-1.3584014783452423), np.float64(0.7021318148505675), np.float64(-3.004691865471737), np.float64(-0.8143476275088813)]",omega = ((1+v/c)/sqrt(1-v**2/c**2))*omega_0,"['(', '(', '1', '+', '(', 'X_1', '/', 'X_0', ')', ')', '/', 'sqrt', '(', '1', '-', 'X_1', '^2', '/', 'X_0', '^2', ')', ')', '*', 'X_2']",3,10000,((C*X_1+C)+(C*X_2)/X_0)+X_2
I.34.14,1,GRAMS-PUCT,BIC,0.2093918442884863,False,(C+C/X_0)+(C*(X_1-X_2*(C-(C*X_0)+C+X_1/C+(X_0/X_2/C*X_1)/X_0))),"['(', 'C', '+', 'C', '/', 'X_0', ')', '+', '(', 'C', '*', '(', 'X_1', '-', 'X_2', '*', '(', 'C', '-', '(', 'C', '*', 'X_0', ')', '+', 'C', '+', 'X_1', '/', 'C', '+', '(', 'X_0', '/', 'X_2', '/', 'C', '*', 'X_1', ')', '/', 'X_0', ')', ')', ')']","[np.float64(-0.33033902230844), np.float64(3.9939761735473964), np.float64(-0.17685133198913497), np.float64(1.6399675888617675), np.float64(0.19201557053687077), np.float64(4.20207876823666), np.float64(0.5265253693742166), np.float64(-3.033920214545552)]",omega = ((1+v/c)/sqrt(1-v**2/c**2))*omega_0,"['(', '(', '1', '+', '(', 'X_1', '/', 'X_0', ')', ')', '/', 'sqrt', '(', '1', '-', 'X_1', '^2', '/', 'X_0', '^2', ')', ')', '*', 'X_2']",3,10000,(((((C*X_0)*X_2+(C*X_1)*X_2)+(2*C)*X_1)+C*X_2)+C)+C/X_0
I.34.14,2,GRAMS-PUCT,BIC,0.23946300960853223,False,exp(X_2/X_2)*C*(X_2)/((C*X_2)*(X_1*C*X_0/X_2)-C/C)*C-C/(X_0-C)*X_2,"['exp', '(', 'X_2', '/', 'X_2', ')', '*', 'C', '*', '(', 'X_2', ')', '/', '(', '(', 'C', '*', 'X_2', ')', '*', '(', 'X_1', '*', 'C', '*', 'X_0', '/', 'X_2', ')', '-', 'C', '/', 'C', ')', '*', 'C', '-', 'C', '/', '(', 'X_0', '-', 'C', ')', '*', 'X_2']","[np.float64(3.508776640080942), np.float64(1.9295328921483097), np.float64(-0.7902571154234553), np.float64(4.98593332137462), np.float64(-0.07923576375372499), np.float64(3.064193357905006), np.float64(-4.997154149208848), np.float64(-1.1920050727050822)]",omega = ((1+v/c)/sqrt(1-v**2/c**2))*omega_0,"['(', '(', '1', '+', '(', 'X_1', '/', 'X_0', ')', ')', '/', 'sqrt', '(', '1', '-', 'X_1', '^2', '/', 'X_0', '^2', ')', ')', '*', 'X_2']",3,10000,(C*X_2)/((C*X_0)*X_1+C)+(C*X_2)/(C+X_0)
I.34.14,0,GRAMS-PUCT,RMSE,0.07623196484648063,False,X_2*(C/X_1+C+X_1/X_0*C*C+X_1*C),"['X_2', '*', '(', 'C', '/', 'X_1', '+', 'C', '+', 'X_1', '/', 'X_0', '*', 'C', '*', 'C', '+', 'X_1', '*', 'C', ')']","[np.float64(0.21387575151642566), np.float64(0.6152344048378551), np.float64(-0.3458461957283027), np.float64(-4.680881720543702), np.float64(0.09074024138079936)]",omega = ((1+v/c)/sqrt(1-v**2/c**2))*omega_0,"['(', '(', '1', '+', '(', 'X_1', '/', 'X_0', ')', ')', '/', 'sqrt', '(', '1', '-', 'X_1', '^2', '/', 'X_0', '^2', ')', ')', '*', 'X_2']",3,10000,(((C*X_1)*X_2+C*X_2)+(C*X_2)/X_1)+((C*X_1)*X_2)/X_0
I.34.14,1,GRAMS-PUCT,RMSE,0.08318639033991135,False,C/(C*(X_1/X_1/X_1/X_1)*X_1/X_2*X_0/C-C/C)*C*C+X_2,"['C', '/', '(', 'C', '*', '(', 'X_1', '/', 'X_1', '/', 'X_1', '/', 'X_1', ')', '*', 'X_1', '/', 'X_2', '*', 'X_0', '/', 'C', '-', 'C', '/', 'C', ')', '*', 'C', '*', 'C', '+', 'X_2']","[np.float64(-1.0916816449440037), np.float64(-2.7258142795494416), np.float64(0.5078462612250999), np.float64(-2.7525459533907624), np.float64(4.01939423206502), np.float64(-4.943318035797128), np.float64(-1.0527480004847494)]",omega = ((1+v/c)/sqrt(1-v**2/c**2))*omega_0,"['(', '(', '1', '+', '(', 'X_1', '/', 'X_0', ')', ')', '/', 'sqrt', '(', '1', '-', 'X_1', '^2', '/', 'X_0', '^2', ')', ')', '*', 'X_2']",3,10000,C/((C*X_0)/(X_1*X_2)+C)+X_2
I.34.14,2,GRAMS-PUCT,RMSE,0.0845053577304708,False,X_2*C-C/C*(X_1/X_2+C-C/X_1-X_1*C)*X_2/X_0,"['X_2', '*', 'C', '-', 'C', '/', 'C', '*', '(', 'X_1', '/', 'X_2', '+', 'C', '-', 'C', '/', 'X_1', '-', 'X_1', '*', 'C', ')', '*', 'X_2', '/', 'X_0']","[np.float64(0.9083766442862163), np.float64(1.6840294351701697), np.float64(-4.712761328651331), np.float64(-2.3104374855513017), np.float64(-1.4891650958972815), np.float64(-5.0)]",omega = ((1+v/c)/sqrt(1-v**2/c**2))*omega_0,"['(', '(', '1', '+', '(', 'X_1', '/', 'X_0', ')', ')', '/', 'sqrt', '(', '1', '-', 'X_1', '^2', '/', 'X_0', '^2', ')', ')', '*', 'X_2']",3,10000,(((C*X_2+(C*X_2)/(X_0*X_1))+((C*X_1)*X_2)/X_0)+(C*X_1)/X_0)+(C*X_2)/X_0
I.34.14,0,GRAMS-UCT,BIC,0.0811920746108719,False,(C*C*X_2*C*sin(C/C-X_1/X_0/C)),"['(', 'C', '*', 'C', '*', 'X_2', '*', 'C', '*', 'sin', '(', 'C', '/', 'C', '-', 'X_1', '/', 'X_0', '/', 'C', ')', ')']","[np.float64(-1.5819950979678001), np.float64(-0.690785749648383), np.float64(5.0), np.float64(-4.400198738870616), np.float64(-1.4783902480715236), np.float64(3.291614940352933)]",omega = ((1+v/c)/sqrt(1-v**2/c**2))*omega_0,"['(', '(', '1', '+', '(', 'X_1', '/', 'X_0', ')', ')', '/', 'sqrt', '(', '1', '-', 'X_1', '^2', '/', 'X_0', '^2', ')', ')', '*', 'X_2']",3,10000,(C*X_2)*sin(C+(C*X_1)/X_0)
I.34.14,1,GRAMS-UCT,BIC,0.0317610450472703,False,X_0*X_1/X_1/(((C*X_0-X_1+C/X_1-X_0)+C)/X_2)/C*C,"['X_0', '*', 'X_1', '/', 'X_1', '/', '(', '(', '(', 'C', '*', 'X_0', '-', 'X_1', '+', 'C', '/', 'X_1', '-', 'X_0', ')', '+', 'C', ')', '/', 'X_2', ')', '/', 'C', '*', 'C']","[np.float64(4.264698510650681), np.float64(3.5706444653311253), np.float64(-4.99991409811146), np.float64(1.2728619703203297), np.float64(4.252846409576229)]",omega = ((1+v/c)/sqrt(1-v**2/c**2))*omega_0,"['(', '(', '1', '+', '(', 'X_1', '/', 'X_0', ')', ')', '/', 'sqrt', '(', '1', '-', 'X_1', '^2', '/', 'X_0', '^2', ')', ')', '*', 'X_2']",3,10000,((C*X_0)*X_2)/((((C*X_0+C)+C/X_1)+-1*X_0)+-1*X_1)
I.34.14,2,GRAMS-UCT,BIC,0.15490501138105042,False,X_2-C/X_1-C/C+X_1+X_2/(X_2/X_1+C/C*C+X_2)-X_0+X_1*X_2/X_0-X_0*C-C,"['X_2', '-', 'C', '/', 'X_1', '-', 'C', '/', 'C', '+', 'X_1', '+', 'X_2', '/', '(', 'X_2', '/', 'X_1', '+', 'C', '/', 'C', '*', 'C', '+', 'X_2', ')', '-', 'X_0', '+', 'X_1', '*', 'X_2', '/', 'X_0', '-', 'X_0', '*', 'C', '-', 'C']","[np.float64(-1.743869864327495), np.float64(4.7385062383378616), np.float64(4.361482886072928), np.float64(-0.9055696424835752), np.float64(4.506654138932221), np.float64(-3.3756544662521146), np.float64(-0.9288427347300069), np.float64(1.493743278948334)]",omega = ((1+v/c)/sqrt(1-v**2/c**2))*omega_0,"['(', '(', '1', '+', '(', 'X_1', '/', 'X_0', ')', ')', '/', 'sqrt', '(', '1', '-', 'X_1', '^2', '/', 'X_0', '^2', ')', ')', '*', 'X_2']",3,10000,((((((C*X_0+C)+C/X_1)+-1*X_0)+X_1)+X_2)+X_2/((C+X_2)+X_2/X_1))+(X_1*X_2)/X_0
I.34.14,0,GRAMS-UCT,RMSE,0.013318860797784892,False,X_2/(X_0+X_1-(X_1-C)*C)*X_0*C/X_1*X_1,"['X_2', '/', '(', 'X_0', '+', 'X_1', '-', '(', 'X_1', '-', 'C', ')', '*', 'C', ')', '*', 'X_0', '*', 'C', '/', 'X_1', '*', 'X_1']","[np.float64(-0.007567818255541876), np.float64(1.8118890959338225), np.float64(1.0239017088312785)]",omega = ((1+v/c)/sqrt(1-v**2/c**2))*omega_0,"['(', '(', '1', '+', '(', 'X_1', '/', 'X_0', ')', ')', '/', 'sqrt', '(', '1', '-', 'X_1', '^2', '/', 'X_0', '^2', ')', ')', '*', 'X_2']",3,10000,((C*X_0)*X_2)/(((C*X_1+C)+X_0)+X_1)
I.34.14,1,GRAMS-UCT,RMSE,0.07814518795116936,False,C*X_1*X_2*C*C/X_0+X_2+C-(C+C/(exp(C))-C)*X_2,"['C', '*', 'X_1', '*', 'X_2', '*', 'C', '*', 'C', '/', 'X_0', '+', 'X_2', '+', 'C', '-', '(', 'C', '+', 'C', '/', '(', 'exp', '(', 'C', ')', ')', '-', 'C', ')', '*', 'X_2']","[np.float64(0.4786108289605844), np.float64(-0.85406091152372), np.float64(-3.922487966735396), np.float64(-0.0011323420812522865), np.float64(0.6358619973330449), np.float64(-2.86163060999811), np.float64(4.884374587524848), np.float64(0.5182651716214584)]",omega = ((1+v/c)/sqrt(1-v**2/c**2))*omega_0,"['(', '(', '1', '+', '(', 'X_1', '/', 'X_0', ')', ')', '/', 'sqrt', '(', '1', '-', 'X_1', '^2', '/', 'X_0', '^2', ')', ')', '*', 'X_2']",3,10000,((C*X_2+C)+((C*X_1)*X_2)/X_0)+X_2
I.34.14,2,GRAMS-UCT,RMSE,0.18095156763030545,False,C*X_2-X_2*C/X_0-X_1*C/C+C/C+X_2-X_1,"['C', '*', 'X_2', '-', 'X_2', '*', 'C', '/', 'X_0', '-', 'X_1', '*', 'C', '/', 'C', '+', 'C', '/', 'C', '+', 'X_2', '-', 'X_1']","[np.float64(-0.09244456509384674), np.float64(-2.379879217251977), np.float64(-5.0), np.float64(2.7637047815035904), np.float64(-5.0), np.float64(4.119465671621264)]",omega = ((1+v/c)/sqrt(1-v**2/c**2))*omega_0,"['(', '(', '1', '+', '(', 'X_1', '/', 'X_0', ')', ')', '/', 'sqrt', '(', '1', '-', 'X_1', '^2', '/', 'X_0', '^2', ')', ')', '*', 'X_2']",3,10000,((((C*X_1+C*X_2)+C)+(C*X_2)/X_0)+-1*X_1)+X_2
I.34.14,0,MC,N/A,0.11445227618558124,False,((X_0/X_0*C))+X_2+X_2/X_0*(C*X_1),"['(', '(', 'X_0', '/', 'X_0', '*', 'C', ')', ')', '+', 'X_2', '+', 'X_2', '/', 'X_0', '*', '(', 'C', '*', 'X_1', ')']","[np.float64(-0.1634976826606362), np.float64(1.4424473052181837)]",omega = ((1+v/c)/sqrt(1-v**2/c**2))*omega_0,"['(', '(', '1', '+', '(', 'X_1', '/', 'X_0', ')', ')', '/', 'sqrt', '(', '1', '-', 'X_1', '^2', '/', 'X_0', '^2', ')', ')', '*', 'X_2']",3,10000,(C+((C*X_1)*X_2)/X_0)+X_2
I.34.14,1,MC,N/A,0.21661941101522392,False,C/sqrt(C-X_1)*(((C)-(exp(C)*C)/X_2-X_2)-C*(X_1/C+X_2)*X_0-X_2)*C,"['C', '/', 'sqrt', '(', 'C', '-', 'X_1', ')', '*', '(', '(', '(', 'C', ')', '-', '(', 'exp', '(', 'C', ')', '*', 'C', ')', '/', 'X_2', '-', 'X_2', ')', '-', 'C', '*', '(', 'X_1', '/', 'C', '+', 'X_2', ')', '*', 'X_0', '-', 'X_2', ')', '*', 'C']","[np.float64(-1.3253876971516607), np.float64(3.4775977696080744), np.float64(-0.5536622923370436), np.float64(-2.420804713935602), np.float64(-1.8952131589770205), np.float64(-0.06533520115764575), np.float64(1.6059510027410702), np.float64(0.8649956488057864)]",omega = ((1+v/c)/sqrt(1-v**2/c**2))*omega_0,"['(', '(', '1', '+', '(', 'X_1', '/', 'X_0', ')', ')', '/', 'sqrt', '(', '1', '-', 'X_1', '^2', '/', 'X_0', '^2', ')', ')', '*', 'X_2']",3,10000,(((((C*X_0)*X_1)/(C-X_1)^0.5+((C*X_0)*X_2)/(C-X_1)^0.5)+(C*X_2)/(C-X_1)^0.5)+C/(C-X_1)^0.5)+C/(X_2*(C-X_1)^0.5)
I.34.14,2,MC,N/A,0.21552087857057492,False,C*X_1/X_0*X_1+X_2+X_0/C/(C)-X_1+C*(X_0)-X_2*C,"['C', '*', 'X_1', '/', 'X_0', '*', 'X_1', '+', 'X_2', '+', 'X_0', '/', 'C', '/', '(', 'C', ')', '-', 'X_1', '+', 'C', '*', '(', 'X_0', ')', '-', 'X_2', '*', 'C']","[np.float64(3.363902682812171), np.float64(-2.5536190878933303), np.float64(4.479694836064776), np.float64(0.11165895000304837), np.float64(-0.3160189117878652)]",omega = ((1+v/c)/sqrt(1-v**2/c**2))*omega_0,"['(', '(', '1', '+', '(', 'X_1', '/', 'X_0', ')', ')', '/', 'sqrt', '(', '1', '-', 'X_1', '^2', '/', 'X_0', '^2', ')', ')', '*', 'X_2']",3,10000,(((C*X_0+C*X_2)+(C*X_1^2)/X_0)+-1*X_1)+X_2
I.34.27,0,GRAMS-PUCT,BIC,1.3328920167706718e-09,True,X_0/C*C*X_1*C,"['X_0', '/', 'C', '*', 'C', '*', 'X_1', '*', 'C']","[np.float64(5.0), np.float64(-1.0243730087789056), np.float64(-0.7768407692235811)]",E_n =(h/(2*pi))*omega,"['(', 'X_1', '/', '(', '2', '*', 'pi', ')', ')', '*', 'X_0']",2,105,(C*X_0)*X_1
I.34.27,1,GRAMS-PUCT,BIC,5.109195197095383e-08,True,X_1*X_0*(C+(C)),"['X_1', '*', 'X_0', '*', '(', 'C', '+', '(', 'C', ')', ')']","[np.float64(1.0269411875436723), np.float64(-0.867786249451777)]",E_n =(h/(2*pi))*omega,"['(', 'X_1', '/', '(', '2', '*', 'pi', ')', ')', '*', 'X_0']",2,71,(C*X_0)*X_1
I.34.27,2,GRAMS-PUCT,BIC,1.281059228634945e-08,True,X_0*C*X_1,"['X_0', '*', 'C', '*', 'X_1']",[np.float64(0.15915494183821527)],E_n =(h/(2*pi))*omega,"['(', 'X_1', '/', '(', '2', '*', 'pi', ')', ')', '*', 'X_0']",2,66,(C*X_0)*X_1
I.34.27,0,GRAMS-PUCT,RMSE,1.6936310491107413e-08,True,X_1/C*(C+C/C)*C*X_0/C,"['X_1', '/', 'C', '*', '(', 'C', '+', 'C', '/', 'C', ')', '*', 'C', '*', 'X_0', '/', 'C']","[np.float64(-5.0), np.float64(1.0489510540515585), np.float64(0.801935097458625), np.float64(-4.737332993685446), np.float64(-4.523137273172545), np.float64(5.0)]",E_n =(h/(2*pi))*omega,"['(', 'X_1', '/', '(', '2', '*', 'pi', ')', ')', '*', 'X_0']",2,418,(C*X_0)*X_1
I.34.27,1,GRAMS-PUCT,RMSE,2.8701266551440943e-08,True,X_1*C*X_0,"['X_1', '*', 'C', '*', 'X_0']",[np.float64(0.15915494028310984)],E_n =(h/(2*pi))*omega,"['(', 'X_1', '/', '(', '2', '*', 'pi', ')', ')', '*', 'X_0']",2,262,(C*X_0)*X_1
I.34.27,2,GRAMS-PUCT,RMSE,2.491102330144367e-09,True,X_0/C/C*X_1,"['X_0', '/', 'C', '/', 'C', '*', 'X_1']","[np.float64(2.8241561850330528), np.float64(2.2248009266816657)]",E_n =(h/(2*pi))*omega,"['(', 'X_1', '/', '(', '2', '*', 'pi', ')', ')', '*', 'X_0']",2,78,(C*X_0)*X_1
I.34.27,0,GRAMS-UCT,BIC,7.22753436505632e-09,True,(C*X_0*X_1*(C/C)),"['(', 'C', '*', 'X_0', '*', 'X_1', '*', '(', 'C', '/', 'C', ')', ')']","[np.float64(-0.9827501225265135), np.float64(-0.4943354986369961), np.float64(3.052423382258448)]",E_n =(h/(2*pi))*omega,"['(', 'X_1', '/', '(', '2', '*', 'pi', ')', ')', '*', 'X_0']",2,340,(C*X_0)*X_1
I.34.27,1,GRAMS-UCT,BIC,7.685054523597935e-08,True,X_0*C*X_1,"['X_0', '*', 'C', '*', 'X_1']",[np.float64(0.15915493557108795)],E_n =(h/(2*pi))*omega,"['(', 'X_1', '/', '(', '2', '*', 'pi', ')', ')', '*', 'X_0']",2,190,(C*X_0)*X_1
I.34.27,2,GRAMS-UCT,BIC,5.397770585834183e-08,True,X_0*X_1*C,"['X_0', '*', 'X_1', '*', 'C']",[np.float64(0.15915493780948742)],E_n =(h/(2*pi))*omega,"['(', 'X_1', '/', '(', '2', '*', 'pi', ')', ')', '*', 'X_0']",2,160,(C*X_0)*X_1
I.34.27,0,GRAMS-UCT,RMSE,2.101031918859175e-08,True,X_0*C*X_1*C,"['X_0', '*', 'C', '*', 'X_1', '*', 'C']","[np.float64(-0.42104035903051057), np.float64(-0.378004012523869)]",E_n =(h/(2*pi))*omega,"['(', 'X_1', '/', '(', '2', '*', 'pi', ')', ')', '*', 'X_0']",2,325,(C*X_0)*X_1
I.34.27,1,GRAMS-UCT,RMSE,1.3533510718725664e-08,True,C*X_0*X_1*C,"['C', '*', 'X_0', '*', 'X_1', '*', 'C']","[np.float64(-0.7393167226660613), np.float64(-0.21527302107057872)]",E_n =(h/(2*pi))*omega,"['(', 'X_1', '/', '(', '2', '*', 'pi', ')', ')', '*', 'X_0']",2,96,(C*X_0)*X_1
I.34.27,2,GRAMS-UCT,RMSE,2.5918528426999242e-08,True,C*X_1*X_0,"['C', '*', 'X_1', '*', 'X_0']",[np.float64(0.1591549405554363)],E_n =(h/(2*pi))*omega,"['(', 'X_1', '/', '(', '2', '*', 'pi', ')', ')', '*', 'X_0']",2,87,(C*X_0)*X_1
I.34.27,0,MC,N/A,1.5575996291346143e-08,True,X_1*X_0*C,"['X_1', '*', 'X_0', '*', 'C']",[np.float64(0.15915494156758517)],E_n =(h/(2*pi))*omega,"['(', 'X_1', '/', '(', '2', '*', 'pi', ')', ')', '*', 'X_0']",2,58,(C*X_0)*X_1
I.34.27,1,MC,N/A,1.1007907250874445e-08,True,C*X_0/C/C*C*X_1/C/C*X_1/X_1/C,"['C', '*', 'X_0', '/', 'C', '/', 'C', '*', 'C', '*', 'X_1', '/', 'C', '/', 'C', '*', 'X_1', '/', 'X_1', '/', 'C']","[np.float64(-2.664008519154243), np.float64(4.552567290280149), np.float64(-1.3628917472354116), np.float64(-3.0967677791498818), np.float64(-1.4820162436102216), np.float64(2.138971990771147), np.float64(2.6354107768237474)]",E_n =(h/(2*pi))*omega,"['(', 'X_1', '/', '(', '2', '*', 'pi', ')', ')', '*', 'X_0']",2,560,(C*X_0)*X_1
I.34.27,2,MC,N/A,5.4123872525301736e-09,True,X_0*(X_1*C),"['X_0', '*', '(', 'X_1', '*', 'C', ')']",[np.float64(0.15915494256222412)],E_n =(h/(2*pi))*omega,"['(', 'X_1', '/', '(', '2', '*', 'pi', ')', ')', '*', 'X_0']",2,488,(C*X_0)*X_1
I.34.8,0,GRAMS-PUCT,BIC,9.532827278492666e-07,False,C-C*(C)/C-X_0/X_3*C*(C-C)*X_2*X_1/C,"['C', '-', 'C', '*', '(', 'C', ')', '/', 'C', '-', 'X_0', '/', 'X_3', '*', 'C', '*', '(', 'C', '-', 'C', ')', '*', 'X_2', '*', 'X_1', '/', 'C']","[np.float64(-4.516413246391104), np.float64(2.441230518664809), np.float64(-2.80186383565957), np.float64(1.5144747797657117), np.float64(-1.9351438917037689), np.float64(-1.5577736118383345), np.float64(-0.5294111513562483), np.float64(-1.990029523774801)]",omega = q*v*B/p,"['X_0', '*', 'X_1', '*', 'X_2', '/', 'X_3']",4,10000,(((C*X_0)*X_1)*X_2)/X_3+C
I.34.8,1,GRAMS-PUCT,BIC,4.95890919056258e-08,True,(C/X_3*X_2*X_0/C*X_1*C),"['(', 'C', '/', 'X_3', '*', 'X_2', '*', 'X_0', '/', 'C', '*', 'X_1', '*', 'C', ')']","[np.float64(-1.6125429420922968), np.float64(4.958709880686939), np.float64(-3.0750870367509613)]",omega = q*v*B/p,"['X_0', '*', 'X_1', '*', 'X_2', '/', 'X_3']",4,2733,(((C*X_0)*X_1)*X_2)/X_3
I.34.8,2,GRAMS-PUCT,BIC,1.8597967805870557,False,C+(X_1*C/(C/sqrt(X_3)+C*C))*X_2*X_0,"['C', '+', '(', 'X_1', '*', 'C', '/', '(', 'C', '/', 'sqrt', '(', 'X_3', ')', '+', 'C', '*', 'C', ')', ')', '*', 'X_2', '*', 'X_0']","[np.float64(-0.6465812230111015), np.float64(1.0636093768137846), np.float64(-5.0), np.float64(2.4141601668762314), np.float64(2.429339809713284)]",omega = q*v*B/p,"['X_0', '*', 'X_1', '*', 'X_2', '/', 'X_3']",4,10000,(((C*X_0)*X_1)*X_2)/(C+C/X_3^0.5)+C
I.34.8,0,GRAMS-PUCT,RMSE,1.339454726408803,False,X_1*X_0/(X_3/X_2-C-C+C)-C/C/sqrt(X_1-C)+X_1,"['X_1', '*', 'X_0', '/', '(', 'X_3', '/', 'X_2', '-', 'C', '-', 'C', '+', 'C', ')', '-', 'C', '/', 'C', '/', 'sqrt', '(', 'X_1', '-', 'C', ')', '+', 'X_1']","[np.float64(1.0104741827948398), np.float64(2.0594731401452053), np.float64(3.0768168511162943), np.float64(5.0), np.float64(0.6375268581890094), np.float64(-4.719223217662326)]",omega = q*v*B/p,"['X_0', '*', 'X_1', '*', 'X_2', '/', 'X_3']",4,10000,(C/(C+X_1)^0.5+(X_0*X_1)/(C+X_3/X_2))+X_1
I.34.8,1,GRAMS-PUCT,RMSE,5.669209658367287e-07,False,C+(X_0/C*X_1/X_3*X_2),"['C', '+', '(', 'X_0', '/', 'C', '*', 'X_1', '/', 'X_3', '*', 'X_2', ')']","[np.float64(-7.978541508885293e-07), np.float64(0.9999999490148763)]",omega = q*v*B/p,"['X_0', '*', 'X_1', '*', 'X_2', '/', 'X_3']",4,10000,(((C*X_0)*X_1)*X_2)/X_3+C
I.34.8,2,GRAMS-PUCT,RMSE,6.059377711940249e-07,False,(C+X_0*(C*X_2/X_3)*X_1+C+C*(X_2)),"['(', 'C', '+', 'X_0', '*', '(', 'C', '*', 'X_2', '/', 'X_3', ')', '*', 'X_1', '+', 'C', '+', 'C', '*', '(', 'X_2', ')', ')']","[np.float64(1.2292052961162068), np.float64(0.9999999606002923), np.float64(-1.2292051102661385), np.float64(2.397076031637217e-07)]",omega = q*v*B/p,"['X_0', '*', 'X_1', '*', 'X_2', '/', 'X_3']",4,10000,((((C*X_0)*X_1)*X_2)/X_3+C*X_2)+C
I.34.8,0,GRAMS-UCT,BIC,4.282116394283979e-08,True,(C/X_0)*X_0*(X_1/X_3/cos(C))*X_0*X_2,"['(', 'C', '/', 'X_0', ')', '*', 'X_0', '*', '(', 'X_1', '/', 'X_3', '/', 'cos', '(', 'C', ')', ')', '*', 'X_0', '*', 'X_2']","[np.float64(0.6386571505704368), np.float64(-0.8780444382144972)]",omega = q*v*B/p,"['X_0', '*', 'X_1', '*', 'X_2', '/', 'X_3']",4,3762,(((C*X_0)*X_1)*X_2)/X_3
I.34.8,1,GRAMS-UCT,BIC,1.1815509529199337,False,((C)*X_1)*X_2*X_0/C/X_3+X_1+sin(C)+C-(sin(exp((X_1-C/(X_0*X_0*C)*X_2))/C)),"['(', '(', 'C', ')', '*', 'X_1', ')', '*', 'X_2', '*', 'X_0', '/', 'C', '/', 'X_3', '+', 'X_1', '+', 'sin', '(', 'C', ')', '+', 'C', '-', '(', 'sin', '(', 'exp', '(', '(', 'X_1', '-', 'C', '/', '(', 'X_0', '*', 'X_0', '*', 'C', ')', '*', 'X_2', ')', ')', '/', 'C', ')', ')']","[np.float64(2.6692145721657243), np.float64(2.7883823247964803), np.float64(4.763495659789356), np.float64(-1.6208879160229936), np.float64(0.6080090890823016), np.float64(3.5591493256368487), np.float64(0.7294349820105345)]",omega = q*v*B/p,"['X_0', '*', 'X_1', '*', 'X_2', '/', 'X_3']",4,10000,(((((C*X_0)*X_1)*X_2)/X_3+C)+X_1)+-1*sin((C*exp(X_1))*exp((C*X_2)/X_0^2))
I.34.8,2,GRAMS-UCT,BIC,2.8198713075314413e-06,False,((C)*X_0-X_0*(X_2)-C/X_1*C)*(X_1*C/C+X_1-C*X_3)/(X_3*C),"['(', '(', 'C', ')', '*', 'X_0', '-', 'X_0', '*', '(', 'X_2', ')', '-', 'C', '/', 'X_1', '*', 'C', ')', '*', '(', 'X_1', '*', 'C', '/', 'C', '+', 'X_1', '-', 'C', '*', 'X_3', ')', '/', '(', 'X_3', '*', 'C', ')']","[np.float64(-1.213039418773456e-06), np.float64(2.8293198659530185e-06), np.float64(-2.8351828394408733), np.float64(-4.999970804176601), np.float64(0.9366928050196226), np.float64(1.7813984889725093e-06), np.float64(4.337899491672982)]",omega = q*v*B/p,"['X_0', '*', 'X_1', '*', 'X_2', '/', 'X_3']",4,10000,((((((((2*C)*X_0)*X_1)*X_2)/X_3+(((2*C)*X_0)*X_1)/X_3)+(C*X_0)*X_2)+C*X_0)+(2*C)/X_3)+C/X_1
I.34.8,0,GRAMS-UCT,RMSE,1.998277619782312e-15,True,C*X_2*X_1/C/X_3*X_0,"['C', '*', 'X_2', '*', 'X_1', '/', 'C', '/', 'X_3', '*', 'X_0']","[np.float64(-5.0), np.float64(-5.0)]",omega = q*v*B/p,"['X_0', '*', 'X_1', '*', 'X_2', '/', 'X_3']",4,2184,(((C*X_0)*X_1)*X_2)/X_3
I.34.8,1,GRAMS-UCT,RMSE,5.947265767364436e-07,False,(C*X_0*X_1/((X_3/C/X_2)))/C+C,"['(', 'C', '*', 'X_0', '*', 'X_1', '/', '(', '(', 'X_3', '/', 'C', '/', 'X_2', ')', ')', ')', '/', 'C', '+', 'C']","[np.float64(-3.7181602312217836), np.float64(-1.25205852844933), np.float64(4.655354501488316), np.float64(7.25076228566485e-07)]",omega = q*v*B/p,"['X_0', '*', 'X_1', '*', 'X_2', '/', 'X_3']",4,10000,(((C*X_0)*X_1)*X_2)/X_3+C
I.34.8,2,GRAMS-UCT,RMSE,7.797297592391288e-09,True,X_0*X_1*X_2/X_3/C,"['X_0', '*', 'X_1', '*', 'X_2', '/', 'X_3', '/', 'C']",[np.float64(0.9999999994690139)],omega = q*v*B/p,"['X_0', '*', 'X_1', '*', 'X_2', '/', 'X_3']",4,5390,(((C*X_0)*X_1)*X_2)/X_3
I.34.8,0,MC,N/A,5.011144377563426,False,X_0-X_0*C*X_0/X_3*cos(C-C)*X_2+C*X_1-C+X_2,"['X_0', '-', 'X_0', '*', 'C', '*', 'X_0', '/', 'X_3', '*', 'cos', '(', 'C', '-', 'C', ')', '*', 'X_2', '+', 'C', '*', 'X_1', '-', 'C', '+', 'X_2']","[np.float64(-0.9409920393941076), np.float64(3.657003801445748), np.float64(-3.6662756892822475), np.float64(1.5859646048035225), np.float64(5.0)]",omega = q*v*B/p,"['X_0', '*', 'X_1', '*', 'X_2', '/', 'X_3']",4,10000,(((((C*X_0^2)*X_2)/X_3+C*X_1)+C)+X_0)+X_2
I.34.8,1,MC,N/A,1.2577882006701778e-06,False,(X_2*((C*(X_0)-X_0*X_1*C-C))/C*X_1)*C/X_3,"['(', 'X_2', '*', '(', '(', 'C', '*', '(', 'X_0', ')', '-', 'X_0', '*', 'X_1', '*', 'C', '-', 'C', ')', ')', '/', 'C', '*', 'X_1', ')', '*', 'C', '/', 'X_3']","[np.float64(-1.7374352313837065), np.float64(-1.2608777315014764e-07), np.float64(-7.375735271481961e-07), np.float64(-3.6218779620359838), np.float64(2.084612653196602)]",omega = q*v*B/p,"['X_0', '*', 'X_1', '*', 'X_2', '/', 'X_3']",4,10000,((((C*X_0)*X_1^2)*X_2)/X_3+(((C*X_0)*X_1)*X_2)/X_3)+((C*X_1)*X_2)/X_3
I.34.8,2,MC,N/A,1.1493771351234763,False,C*X_2-(cos(X_1/C/C/X_2*C)/C*X_0+C*X_2/X_3)*(C)*(X_0)*X_1+C/X_1,"['C', '*', 'X_2', '-', '(', 'cos', '(', 'X_1', '/', 'C', '/', 'C', '/', 'X_2', '*', 'C', ')', '/', 'C', '*', 'X_0', '+', 'C', '*', 'X_2', '/', 'X_3', ')', '*', '(', 'C', ')', '*', '(', 'X_0', ')', '*', 'X_1', '+', 'C', '/', 'X_1']","[np.float64(-0.5938549781986244), np.float64(-2.1580028698119977), np.float64(2.7648535766479068), np.float64(-4.78533135735781), np.float64(4.39970816216031), np.float64(4.879237095260629), np.float64(-0.19996510330159725), np.float64(3.38923093430347)]",omega = q*v*B/p,"['X_0', '*', 'X_1', '*', 'X_2', '/', 'X_3']",4,10000,((((C*X_0^2)*X_1)*cos((C*X_1)/X_2)+(((C*X_0)*X_1)*X_2)/X_3)+C*X_2)+C/X_1
I.37.4,0,GRAMS-PUCT,BIC,1.1829485451368418,False,C*C-(C-C*C)*cos(X_2),"['C', '*', 'C', '-', '(', 'C', '-', 'C', '*', 'C', ')', '*', 'cos', '(', 'X_2', ')']","[np.float64(-2.3491241099171107), np.float64(-2.563808518074296), np.float64(-1.7352546249907503), np.float64(1.930994887085192), np.float64(2.1016201531097636)]",Int = I1+I2+2*sqrt(I1*I2)*cos(delta),"['X_0', '+', 'X_1', '+', '2', '*', 'sqrt', '(', 'X_0', '*', 'X_1', ')', '*', 'cos', '(', 'X_2', ')']",3,10000,C*cos(X_2)+C
I.37.4,1,GRAMS-PUCT,BIC,0.9342192879333711,False,X_1*((C*X_2+C*cos(X_2)*C)+C-C)*C-C/C,"['X_1', '*', '(', '(', 'C', '*', 'X_2', '+', 'C', '*', 'cos', '(', 'X_2', ')', '*', 'C', ')', '+', 'C', '-', 'C', ')', '*', 'C', '-', 'C', '/', 'C']","[np.float64(-0.023968577611917077), np.float64(2.2305616912391395), np.float64(3.9028969688165898), np.float64(3.762395797144946), np.float64(-2.886897644548453), np.float64(0.20738108395558447), np.float64(-2.002659882904219), np.float64(1.1409140672859646)]",Int = I1+I2+2*sqrt(I1*I2)*cos(delta),"['X_0', '+', 'X_1', '+', '2', '*', 'sqrt', '(', 'X_0', '*', 'X_1', ')', '*', 'cos', '(', 'X_2', ')']",3,10000,(((C*X_1)*X_2+(C*X_1)*cos(X_2))+C*X_1)+C
I.37.4,2,GRAMS-PUCT,BIC,1.3588828760059501,False,sin(C*X_2)*C/C+X_0,"['sin', '(', 'C', '*', 'X_2', ')', '*', 'C', '/', 'C', '+', 'X_0']","[np.float64(-1.5115899344555612), np.float64(-2.4187018140394705), np.float64(0.6579499912320976)]",Int = I1+I2+2*sqrt(I1*I2)*cos(delta),"['X_0', '+', 'X_1', '+', '2', '*', 'sqrt', '(', 'X_0', '*', 'X_1', ')', '*', 'cos', '(', 'X_2', ')']",3,10000,C*sin(C*X_2)+X_0
I.37.4,0,GRAMS-PUCT,RMSE,0.8632895761193862,False,X_1*C+(C*cos(X_2))-C-(X_0)*C,"['X_1', '*', 'C', '+', '(', 'C', '*', 'cos', '(', 'X_2', ')', ')', '-', 'C', '-', '(', 'X_0', ')', '*', 'C']","[np.float64(0.547879091470955), np.float64(5.0), np.float64(-2.395603364527553), np.float64(-0.5381027933181031)]",Int = I1+I2+2*sqrt(I1*I2)*cos(delta),"['X_0', '+', 'X_1', '+', '2', '*', 'sqrt', '(', 'X_0', '*', 'X_1', ')', '*', 'cos', '(', 'X_2', ')']",3,10000,((C*X_0+C*X_1)+C*cos(X_2))+C
I.37.4,1,GRAMS-PUCT,RMSE,1.0079578215618534,False,C*exp(X_2)-C*(C-C/X_2)+C*X_1/X_0/C/X_0+X_0*C*X_1,"['C', '*', 'exp', '(', 'X_2', ')', '-', 'C', '*', '(', 'C', '-', 'C', '/', 'X_2', ')', '+', 'C', '*', 'X_1', '/', 'X_0', '/', 'C', '/', 'X_0', '+', 'X_0', '*', 'C', '*', 'X_1']","[np.float64(0.07708802210621471), np.float64(3.5784759281386873), np.float64(2.2934913987363528), np.float64(4.9973435825484565), np.float64(0.2979306927430496), np.float64(1.8179488519133533), np.float64(0.1678355035524299)]",Int = I1+I2+2*sqrt(I1*I2)*cos(delta),"['X_0', '+', 'X_1', '+', '2', '*', 'sqrt', '(', 'X_0', '*', 'X_1', ')', '*', 'cos', '(', 'X_2', ')']",3,10000,((((C*X_0)*X_1+C*exp(X_2))+C)+C/X_2)+(C*X_1)/X_0^2
I.37.4,2,GRAMS-PUCT,RMSE,0.908463770057192,False,C-C/X_1-X_0/C-C*cos(X_0/C/C*C+X_2-C),"['C', '-', 'C', '/', 'X_1', '-', 'X_0', '/', 'C', '-', 'C', '*', 'cos', '(', 'X_0', '/', 'C', '/', 'C', '*', 'C', '+', 'X_2', '-', 'C', ')']","[np.float64(5.0), np.float64(2.676882185517848), np.float64(-1.755789698405279), np.float64(-5.0), np.float64(4.999998231224009), np.float64(4.996771847561056), np.float64(-0.4601366951712258), np.float64(-0.041643142480825006)]",Int = I1+I2+2*sqrt(I1*I2)*cos(delta),"['X_0', '+', 'X_1', '+', '2', '*', 'sqrt', '(', 'X_0', '*', 'X_1', ')', '*', 'cos', '(', 'X_2', ')']",3,10000,((C*X_0+C*cos((C*X_0+C)+X_2))+C)+C/X_1
I.37.4,0,GRAMS-UCT,BIC,0.8929803147490747,False,C*(((sin(X_2/C+C/C))+C+C/X_0*X_1)*C-X_0*C*X_0*X_1*X_0),"['C', '*', '(', '(', '(', 'sin', '(', 'X_2', '/', 'C', '+', 'C', '/', 'C', ')', ')', '+', 'C', '+', 'C', '/', 'X_0', '*', 'X_1', ')', '*', 'C', '-', 'X_0', '*', 'C', '*', 'X_0', '*', 'X_1', '*', 'X_0', ')']","[np.float64(-2.1711059626193516), np.float64(-1.0303902656470816), np.float64(-3.7705792031326313), np.float64(-0.8159748164549673), np.float64(-0.8353350162774457), np.float64(-0.061682406777442605), np.float64(2.7836713209463313), np.float64(0.003083161920987249)]",Int = I1+I2+2*sqrt(I1*I2)*cos(delta),"['X_0', '+', 'X_1', '+', '2', '*', 'sqrt', '(', 'X_0', '*', 'X_1', ')', '*', 'cos', '(', 'X_2', ')']",3,10000,(((C*X_0^3)*X_1+C*sin(C*X_2+C))+C)+(C*X_1)/X_0
I.37.4,1,GRAMS-UCT,BIC,0.8748633578290748,False,X_0+sin(C/C/C+X_1-X_2-(X_1))/C/C+X_2-X_0-X_1*C-sin(cos(C*C))+X_0/X_1,"['X_0', '+', 'sin', '(', 'C', '/', 'C', '/', 'C', '+', 'X_1', '-', 'X_2', '-', '(', 'X_1', ')', ')', '/', 'C', '/', 'C', '+', 'X_2', '-', 'X_0', '-', 'X_1', '*', 'C', '-', 'sin', '(', 'cos', '(', 'C', '*', 'C', ')', ')', '+', 'X_0', '/', 'X_1']","[np.float64(5.0), np.float64(-3.920151201908203), np.float64(-0.15769843073243353), np.float64(-0.06394876550616496), np.float64(-2.497022341971747), np.float64(-0.9131857666200375), np.float64(-0.3511842493954877), np.float64(0.036272995622645396)]",Int = I1+I2+2*sqrt(I1*I2)*cos(delta),"['X_0', '+', 'X_1', '+', '2', '*', 'sqrt', '(', 'X_0', '*', 'X_1', ')', '*', 'cos', '(', 'X_2', ')']",3,10000,(((C*X_1+C*sin(C-X_2))+C)+X_0/X_1)+X_2
I.37.4,2,GRAMS-UCT,BIC,1.0507724802571412,False,X_0/C*(C/C)+X_1+C/C*C*sin(C+X_2)+X_0,"['X_0', '/', 'C', '*', '(', 'C', '/', 'C', ')', '+', 'X_1', '+', 'C', '/', 'C', '*', 'C', '*', 'sin', '(', 'C', '+', 'X_2', ')', '+', 'X_0']","[np.float64(4.635605885322806), np.float64(2.4071318279201206), np.float64(-4.968933695081665), np.float64(4.672560064084158), np.float64(3.2040109587760006), np.float64(3.730228166505846), np.float64(1.5612629067473522)]",Int = I1+I2+2*sqrt(I1*I2)*cos(delta),"['X_0', '+', 'X_1', '+', '2', '*', 'sqrt', '(', 'X_0', '*', 'X_1', ')', '*', 'cos', '(', 'X_2', ')']",3,10000,((C*X_0+C*sin(C+X_2))+X_0)+X_1
I.37.4,0,GRAMS-UCT,RMSE,0.7773391856634532,False,exp(sqrt(X_0/(exp(C)))-C*X_1+X_1*C/X_1*cos(X_2+C*X_2)-C),"['exp', '(', 'sqrt', '(', 'X_0', '/', '(', 'exp', '(', 'C', ')', ')', ')', '-', 'C', '*', 'X_1', '+', 'X_1', '*', 'C', '/', 'X_1', '*', 'cos', '(', 'X_2', '+', 'C', '*', 'X_2', ')', '-', 'C', ')']","[np.float64(1.2798039386043192), np.float64(-0.15445877626071342), np.float64(1.371908709201748), np.float64(0.012657634725854463), np.float64(-0.26261392979246034)]",Int = I1+I2+2*sqrt(I1*I2)*cos(delta),"['X_0', '+', 'X_1', '+', '2', '*', 'sqrt', '(', 'X_0', '*', 'X_1', ')', '*', 'cos', '(', 'X_2', ')']",3,10000,((C*exp((C*X_0)^0.5))*exp(C*X_1))*exp(C*cos(C*X_2+X_2))
I.37.4,1,GRAMS-UCT,RMSE,1.0339809182603625,False,X_0*C-C-(X_0-C*X_1+(C/C*X_0+C+C/X_2)*X_0)/C*X_2*X_2,"['X_0', '*', 'C', '-', 'C', '-', '(', 'X_0', '-', 'C', '*', 'X_1', '+', '(', 'C', '/', 'C', '*', 'X_0', '+', 'C', '+', 'C', '/', 'X_2', ')', '*', 'X_0', ')', '/', 'C', '*', 'X_2', '*', 'X_2']","[np.float64(4.821917988458752), np.float64(-2.6044090435340026), np.float64(-0.0494132895086967), np.float64(0.13614486399589967), np.float64(4.995994996098812), np.float64(-0.36248421880774584), np.float64(-4.885049539134498), np.float64(-1.4284708213391002)]",Int = I1+I2+2*sqrt(I1*I2)*cos(delta),"['X_0', '+', 'X_1', '+', '2', '*', 'sqrt', '(', 'X_0', '*', 'X_1', ')', '*', 'cos', '(', 'X_2', ')']",3,10000,(((((C*X_0^2)*X_2^2+((2*C)*X_0)*X_2^2)+(C*X_0)*X_2)+C*X_0)+(C*X_1)*X_2^2)+C
I.37.4,2,GRAMS-UCT,RMSE,0.9810116299673273,False,X_0+X_1-C/C*X_2-X_1+cos((X_1-C/C))+exp((X_2/C))+X_2+C/C-C*X_0,"['X_0', '+', 'X_1', '-', 'C', '/', 'C', '*', 'X_2', '-', 'X_1', '+', 'cos', '(', '(', 'X_1', '-', 'C', '/', 'C', ')', ')', '+', 'exp', '(', '(', 'X_2', '/', 'C', ')', ')', '+', 'X_2', '+', 'C', '/', 'C', '-', 'C', '*', 'X_0']","[np.float64(-2.707132238007294), np.float64(-0.348425860404805), np.float64(-1.4847828081137284), np.float64(1.0066408904316144), np.float64(1.4734506674443233), np.float64(-5.0), np.float64(-0.418238096602071), np.float64(0.4579607755988904)]",Int = I1+I2+2*sqrt(I1*I2)*cos(delta),"['X_0', '+', 'X_1', '+', '2', '*', 'sqrt', '(', 'X_0', '*', 'X_1', ')', '*', 'cos', '(', 'X_2', ')']",3,10000,(((((C*X_0+C*X_2)+C)+X_0)+X_2)+exp(C*X_2))+cos(C-X_1)
I.37.4,0,MC,N/A,1.0618617868789628,False,cos(C/C+X_2)*C+C/(C+X_1*C)/(C),"['cos', '(', 'C', '/', 'C', '+', 'X_2', ')', '*', 'C', '+', 'C', '/', '(', 'C', '+', 'X_1', '*', 'C', ')', '/', '(', 'C', ')']","[np.float64(0.06668534113168069), np.float64(-4.194546363682286), np.float64(5.0), np.float64(5.0), np.float64(-0.866677617872401), np.float64(0.0643812406716246), np.float64(-1.3295206001623636)]",Int = I1+I2+2*sqrt(I1*I2)*cos(delta),"['X_0', '+', 'X_1', '+', '2', '*', 'sqrt', '(', 'X_0', '*', 'X_1', ')', '*', 'cos', '(', 'X_2', ')']",3,10000,C*cos(C+X_2)+C/(C*X_1+C)
I.37.4,1,MC,N/A,1.1827671708142118,False,(C*X_2+C*cos(X_2)*C)+C-C-X_2+C,"['(', 'C', '*', 'X_2', '+', 'C', '*', 'cos', '(', 'X_2', ')', '*', 'C', ')', '+', 'C', '-', 'C', '-', 'X_2', '+', 'C']","[np.float64(0.981520926007146), np.float64(-2.2614110341271063), np.float64(-2.5573602768292205), np.float64(3.7657347753767323), np.float64(-3.36778106639355), np.float64(-1.0595293330201319)]",Int = I1+I2+2*sqrt(I1*I2)*cos(delta),"['X_0', '+', 'X_1', '+', '2', '*', 'sqrt', '(', 'X_0', '*', 'X_1', ')', '*', 'cos', '(', 'X_2', ')']",3,10000,((C*X_2+C*cos(X_2))+C)+-1*X_2
I.37.4,2,MC,N/A,1.2727146721901734,False,C+sin(X_2+C-X_2/C/C+C+C)*X_0/C*C,"['C', '+', 'sin', '(', 'X_2', '+', 'C', '-', 'X_2', '/', 'C', '/', 'C', '+', 'C', '+', 'C', ')', '*', 'X_0', '/', 'C', '*', 'C']","[np.float64(3.5519250164143155), np.float64(1.8703191376830925), np.float64(-1.0196409797167385), np.float64(1.9188508376020286), np.float64(4.224258613058088), np.float64(-2.9915494504518954), np.float64(-3.5760828599980634), np.float64(4.130894654811215)]",Int = I1+I2+2*sqrt(I1*I2)*cos(delta),"['X_0', '+', 'X_1', '+', '2', '*', 'sqrt', '(', 'X_0', '*', 'X_1', ')', '*', 'cos', '(', 'X_2', ')']",3,10000,(C*X_0)*sin((C*X_2+C)+X_2)+C
I.38.12,0,GRAMS-PUCT,BIC,0.7121269565621385,False,(X_2/((X_1/(C-(exp(X_0/C/cos(X_0/C/C)*X_1/(C)-X_1)*C*X_1))))+C)-(C)/X_1,"['(', 'X_2', '/', '(', '(', 'X_1', '/', '(', 'C', '-', '(', 'exp', '(', 'X_0', '/', 'C', '/', 'cos', '(', 'X_0', '/', 'C', '/', 'C', ')', '*', 'X_1', '/', '(', 'C', ')', '-', 'X_1', ')', '*', 'C', '*', 'X_1', ')', ')', ')', ')', '+', 'C', ')', '-', '(', 'C', ')', '/', 'X_1']","[np.float64(0.9593988728181144), np.float64(2.324605868819086), np.float64(1.1792269271230866), np.float64(-4.593930123827318), np.float64(-1.558975170647305), np.float64(-5.0), np.float64(-0.10195943321626051), np.float64(1.385273666857064)]",r = 4*pi*epsilon*(h/(2*pi))^2/(m*q^2),"['4', '*', 'pi', '*', 'X_3', '*', '(', 'X_2', '/', '(', '2', '*', 'pi', ')', ')', '^2', '/', '(', 'X_0', '*', 'X_1', '^2', ')']",4,10000,((((C*X_2)*exp(-1*X_1))*exp(((C*X_0)*X_1)/cos(C*X_0))+C)+(C*X_2)/X_1)+C/X_1
I.38.12,1,GRAMS-PUCT,BIC,0.39718943349218094,False,X_3/(X_1*X_0/X_2/C*X_1),"['X_3', '/', '(', 'X_1', '*', 'X_0', '/', 'X_2', '/', 'C', '*', 'X_1', ')']",[np.float64(1.1937498094436427)],r = 4*pi*epsilon*(h/(2*pi))^2/(m*q^2),"['4', '*', 'pi', '*', 'X_3', '*', '(', 'X_2', '/', '(', '2', '*', 'pi', ')', ')', '^2', '/', '(', 'X_0', '*', 'X_1', '^2', ')']",4,10000,((C*X_2)*X_3)/(X_0*X_1^2)
I.38.12,2,GRAMS-PUCT,BIC,0.5574956202173261,False,X_1*((exp(C*C*X_2/X_1-C)/C)/X_0/C*(C)*X_3),"['X_1', '*', '(', '(', 'exp', '(', 'C', '*', 'C', '*', 'X_2', '/', 'X_1', '-', 'C', ')', '/', 'C', ')', '/', 'X_0', '/', 'C', '*', '(', 'C', ')', '*', 'X_3', ')']","[np.float64(0.2681801814648491), np.float64(4.179734998504219), np.float64(0.8095661660558149), np.float64(4.77979067772885), np.float64(0.09806061934940703), np.float64(0.05427563761082367)]",r = 4*pi*epsilon*(h/(2*pi))^2/(m*q^2),"['4', '*', 'pi', '*', 'X_3', '*', '(', 'X_2', '/', '(', '2', '*', 'pi', ')', ')', '^2', '/', '(', 'X_0', '*', 'X_1', '^2', ')']",4,10000,(((C*X_1)*X_3)*exp((C*X_2)/X_1))/X_0
I.38.12,0,GRAMS-PUCT,RMSE,0.7119169189729829,False,C/X_0+(X_2/X_0)/C/X_1,"['C', '/', 'X_0', '+', '(', 'X_2', '/', 'X_0', ')', '/', 'C', '/', 'X_1']","[np.float64(-2.2110272616119593), np.float64(0.2882772804924087)]",r = 4*pi*epsilon*(h/(2*pi))^2/(m*q^2),"['4', '*', 'pi', '*', 'X_3', '*', '(', 'X_2', '/', '(', '2', '*', 'pi', ')', ')', '^2', '/', '(', 'X_0', '*', 'X_1', '^2', ')']",4,10000,(C*X_2)/(X_0*X_1)+C/X_0
I.38.12,1,GRAMS-PUCT,RMSE,0.6158226435640922,False,C+C+X_2/X_0/X_1*X_3/X_1*X_1,"['C', '+', 'C', '+', 'X_2', '/', 'X_0', '/', 'X_1', '*', 'X_3', '/', 'X_1', '*', 'X_1']","[np.float64(-1.5631900165875683), np.float64(0.9047748867713323)]",r = 4*pi*epsilon*(h/(2*pi))^2/(m*q^2),"['4', '*', 'pi', '*', 'X_3', '*', '(', 'X_2', '/', '(', '2', '*', 'pi', ')', ')', '^2', '/', '(', 'X_0', '*', 'X_1', '^2', ')']",4,10000,C+(X_2*X_3)/(X_0*X_1)
I.38.12,2,GRAMS-PUCT,RMSE,0.6111473087508582,False,C/X_1/X_1*X_2*X_2/X_0+(C/X_1)/X_1,"['C', '/', 'X_1', '/', 'X_1', '*', 'X_2', '*', 'X_2', '/', 'X_0', '+', '(', 'C', '/', 'X_1', ')', '/', 'X_1']","[np.float64(0.945253081907057), np.float64(0.09067209664465221)]",r = 4*pi*epsilon*(h/(2*pi))^2/(m*q^2),"['4', '*', 'pi', '*', 'X_3', '*', '(', 'X_2', '/', '(', '2', '*', 'pi', ')', ')', '^2', '/', '(', 'X_0', '*', 'X_1', '^2', ')']",4,10000,(C*X_2^2)/(X_0*X_1^2)+C/X_1^2
I.38.12,0,GRAMS-UCT,BIC,0.6305939900177898,False,C/(X_1/X_2+C/X_0)/C*X_3/C,"['C', '/', '(', 'X_1', '/', 'X_2', '+', 'C', '/', 'X_0', ')', '/', 'C', '*', 'X_3', '/', 'C']","[np.float64(-0.0988706342339228), np.float64(-0.20565166096000587), np.float64(1.0069013362282913), np.float64(-0.4017696753877916)]",r = 4*pi*epsilon*(h/(2*pi))^2/(m*q^2),"['4', '*', 'pi', '*', 'X_3', '*', '(', 'X_2', '/', '(', '2', '*', 'pi', ')', ')', '^2', '/', '(', 'X_0', '*', 'X_1', '^2', ')']",4,10000,(C*X_3)/(C/X_0+X_1/X_2)
I.38.12,1,GRAMS-UCT,BIC,0.2259259210167354,False,exp(C*X_1/C/C/X_3-X_2*C/C)/X_1*C/X_0,"['exp', '(', 'C', '*', 'X_1', '/', 'C', '/', 'C', '/', 'X_3', '-', 'X_2', '*', 'C', '/', 'C', ')', '/', 'X_1', '*', 'C', '/', 'X_0']","[np.float64(-4.945000044530192), np.float64(-1.676205835116835), np.float64(-1.4549439048449824), np.float64(0.4512331394439935), np.float64(-0.7860698052283178), np.float64(2.9475130799647165)]",r = 4*pi*epsilon*(h/(2*pi))^2/(m*q^2),"['4', '*', 'pi', '*', 'X_3', '*', '(', 'X_2', '/', '(', '2', '*', 'pi', ')', ')', '^2', '/', '(', 'X_0', '*', 'X_1', '^2', ')']",4,10000,((C*exp(C*X_2))*exp((C*X_1)/X_3))/(X_0*X_1)
I.38.12,2,GRAMS-UCT,BIC,0.2641382110766209,False,X_2/C*X_2*X_3*C/(X_1*X_0*C-C-((C))*C*X_1),"['X_2', '/', 'C', '*', 'X_2', '*', 'X_3', '*', 'C', '/', '(', 'X_1', '*', 'X_0', '*', 'C', '-', 'C', '-', '(', '(', 'C', ')', ')', '*', 'C', '*', 'X_1', ')']","[np.float64(-0.8140002759019763), np.float64(0.35211520757359527), np.float64(-1.7554404164919741), np.float64(-5.0), np.float64(-1.0841891126295935), np.float64(-3.876770564293199)]",r = 4*pi*epsilon*(h/(2*pi))^2/(m*q^2),"['4', '*', 'pi', '*', 'X_3', '*', '(', 'X_2', '/', '(', '2', '*', 'pi', ')', ')', '^2', '/', '(', 'X_0', '*', 'X_1', '^2', ')']",4,10000,((C*X_2^2)*X_3)/(((C*X_0)*X_1+C*X_1)+C)
I.38.12,0,GRAMS-UCT,RMSE,0.6929411688402054,False,C*X_1*(X_0)*C+C+exp(sqrt(X_2)/X_1-sqrt(X_0)/C-C*C),"['C', '*', 'X_1', '*', '(', 'X_0', ')', '*', 'C', '+', 'C', '+', 'exp', '(', 'sqrt', '(', 'X_2', ')', '/', 'X_1', '-', 'sqrt', '(', 'X_0', ')', '/', 'C', '-', 'C', '*', 'C', ')']","[np.float64(0.5756046729055093), np.float64(0.14351640147890915), np.float64(-2.627543664209337), np.float64(1.3714593142331613), np.float64(-3.0499181591822473), np.float64(0.4690193559290751)]",r = 4*pi*epsilon*(h/(2*pi))^2/(m*q^2),"['4', '*', 'pi', '*', 'X_3', '*', '(', 'X_2', '/', '(', '2', '*', 'pi', ')', ')', '^2', '/', '(', 'X_0', '*', 'X_1', '^2', ')']",4,10000,((C*X_0)*X_1+(C*exp(C*X_0^0.5))*exp(X_2^0.5/X_1))+C
I.38.12,1,GRAMS-UCT,RMSE,0.5586482476845831,False,X_2/X_1/X_0/C*X_3+X_3*C,"['X_2', '/', 'X_1', '/', 'X_0', '/', 'C', '*', 'X_3', '+', 'X_3', '*', 'C']","[np.float64(1.0501687571200984), np.float64(-0.19466905911352805)]",r = 4*pi*epsilon*(h/(2*pi))^2/(m*q^2),"['4', '*', 'pi', '*', 'X_3', '*', '(', 'X_2', '/', '(', '2', '*', 'pi', ')', ')', '^2', '/', '(', 'X_0', '*', 'X_1', '^2', ')']",4,10000,((C*X_2)*X_3)/(X_0*X_1)+C*X_3
I.38.12,2,GRAMS-UCT,RMSE,0.4333546186900762,False,X_3*C*X_2*(sqrt(X_1))/(C+X_1)/X_0+X_3*C,"['X_3', '*', 'C', '*', 'X_2', '*', '(', 'sqrt', '(', 'X_1', ')', ')', '/', '(', 'C', '+', 'X_1', ')', '/', 'X_0', '+', 'X_3', '*', 'C']","[np.float64(0.3148850577087589), np.float64(-0.786539980181112), np.float64(-0.13550418679485224)]",r = 4*pi*epsilon*(h/(2*pi))^2/(m*q^2),"['4', '*', 'pi', '*', 'X_3', '*', '(', 'X_2', '/', '(', '2', '*', 'pi', ')', ')', '^2', '/', '(', 'X_0', '*', 'X_1', '^2', ')']",4,10000,(((C*X_1^0.5)*X_2)*X_3)/(C*X_0+X_0*X_1)+C*X_3
I.38.12,0,MC,N/A,0.6956603387473113,False,C/X_0*X_3*C/C*X_2/X_1,"['C', '/', 'X_0', '*', 'X_3', '*', 'C', '/', 'C', '*', 'X_2', '/', 'X_1']","[np.float64(2.995811891775721), np.float64(-0.5966907584788176), np.float64(-2.4629804387746526)]",r = 4*pi*epsilon*(h/(2*pi))^2/(m*q^2),"['4', '*', 'pi', '*', 'X_3', '*', '(', 'X_2', '/', '(', '2', '*', 'pi', ')', ')', '^2', '/', '(', 'X_0', '*', 'X_1', '^2', ')']",4,10000,((C*X_2)*X_3)/(X_0*X_1)
I.38.12,1,MC,N/A,0.6158226717433244,False,C+X_2*X_3/X_0/X_1,"['C', '+', 'X_2', '*', 'X_3', '/', 'X_0', '/', 'X_1']",[np.float64(-0.6586044169305362)],r = 4*pi*epsilon*(h/(2*pi))^2/(m*q^2),"['4', '*', 'pi', '*', 'X_3', '*', '(', 'X_2', '/', '(', '2', '*', 'pi', ')', ')', '^2', '/', '(', 'X_0', '*', 'X_1', '^2', ')']",4,10000,C+(X_2*X_3)/(X_0*X_1)
I.38.12,2,MC,N/A,0.6502519740349144,False,C+C*X_2/X_0*(sin(C/X_0)+C*X_2/X_1*(C/X_1/X_1)-X_3+(X_3)),"['C', '+', 'C', '*', 'X_2', '/', 'X_0', '*', '(', 'sin', '(', 'C', '/', 'X_0', ')', '+', 'C', '*', 'X_2', '/', 'X_1', '*', '(', 'C', '/', 'X_1', '/', 'X_1', ')', '-', 'X_3', '+', '(', 'X_3', ')', ')']","[np.float64(-0.014434516353899649), np.float64(-0.3039485344486557), np.float64(-2.595361935566445), np.float64(-4.548958280068278), np.float64(0.7552907618274689)]",r = 4*pi*epsilon*(h/(2*pi))^2/(m*q^2),"['4', '*', 'pi', '*', 'X_3', '*', '(', 'X_2', '/', '(', '2', '*', 'pi', ')', ')', '^2', '/', '(', 'X_0', '*', 'X_1', '^2', ')']",4,10000,((C*X_2^2)/(X_0*X_1^3)+C)+((C*X_2)*sin(C/X_0))/X_0
I.39.1,0,GRAMS-PUCT,BIC,1.054115578975615e-08,True,X_1*C/C*X_0,"['X_1', '*', 'C', '/', 'C', '*', 'X_0']","[np.float64(-4.411634687664816), np.float64(-2.941089793778646)]",E_n = 3/2*pr*V,"['1.5', '*', 'X_0', '*', 'X_1']",2,215,(C*X_0)*X_1
I.39.1,1,GRAMS-PUCT,BIC,1.4960674103160446e-08,True,C*X_0*X_1,"['C', '*', 'X_0', '*', 'X_1']",[np.float64(1.4999999985507873)],E_n = 3/2*pr*V,"['1.5', '*', 'X_0', '*', 'X_1']",2,41,(C*X_0)*X_1
I.39.1,2,GRAMS-PUCT,BIC,9.422802650948831e-08,True,C*X_0*X_1,"['C', '*', 'X_0', '*', 'X_1']",[np.float64(1.4999999908723058)],E_n = 3/2*pr*V,"['1.5', '*', 'X_0', '*', 'X_1']",2,734,(C*X_0)*X_1
I.39.1,0,GRAMS-PUCT,RMSE,2.5493036553021667e-08,True,X_1*X_0/C*C,"['X_1', '*', 'X_0', '/', 'C', '*', 'C']","[np.float64(3.3333333278456374), np.float64(5.0)]",E_n = 3/2*pr*V,"['1.5', '*', 'X_0', '*', 'X_1']",2,225,(C*X_0)*X_1
I.39.1,1,GRAMS-PUCT,RMSE,8.680758200985362e-08,True,X_0*X_1/C,"['X_0', '*', 'X_1', '/', 'C']",[np.float64(0.6666666629293825)],E_n = 3/2*pr*V,"['1.5', '*', 'X_0', '*', 'X_1']",2,91,(C*X_0)*X_1
I.39.1,2,GRAMS-PUCT,RMSE,2.876799382100271e-08,True,X_1/((C*X_0/X_0*C/X_0)),"['X_1', '/', '(', '(', 'C', '*', 'X_0', '/', 'X_0', '*', 'C', '/', 'X_0', ')', ')']","[np.float64(4.421327268865288), np.float64(0.15078428374274794)]",E_n = 3/2*pr*V,"['1.5', '*', 'X_0', '*', 'X_1']",2,746,(C*X_0)*X_1
I.39.1,0,GRAMS-UCT,BIC,2.8785232138806185e-08,True,C*X_0*((X_1/C)/C)/C,"['C', '*', 'X_0', '*', '(', '(', 'X_1', '/', 'C', ')', '/', 'C', ')', '/', 'C']","[np.float64(5.0), np.float64(-3.1761190353805255), np.float64(-2.28514949362512), np.float64(0.4592692395902517)]",E_n = 3/2*pr*V,"['1.5', '*', 'X_0', '*', 'X_1']",2,375,(C*X_0)*X_1
I.39.1,1,GRAMS-UCT,BIC,1.4571624256877747e-08,True,X_1*X_0*C/C,"['X_1', '*', 'X_0', '*', 'C', '/', 'C']","[np.float64(-3.3386440857081117), np.float64(-2.225762721710926)]",E_n = 3/2*pr*V,"['1.5', '*', 'X_0', '*', 'X_1']",2,107,(C*X_0)*X_1
I.39.1,2,GRAMS-UCT,BIC,1.3268190135859015e-08,True,X_1/C*C*X_1/X_1*X_0,"['X_1', '/', 'C', '*', 'C', '*', 'X_1', '/', 'X_1', '*', 'X_0']","[np.float64(3.333332800302109), np.float64(4.999999196168948)]",E_n = 3/2*pr*V,"['1.5', '*', 'X_0', '*', 'X_1']",2,231,(C*X_0)*X_1
I.39.1,0,GRAMS-UCT,RMSE,8.786202764998308e-08,True,X_0/(C+X_0-X_0)*X_1,"['X_0', '/', '(', 'C', '+', 'X_0', '-', 'X_0', ')', '*', 'X_1']",[np.float64(0.6666666628839858)],E_n = 3/2*pr*V,"['1.5', '*', 'X_0', '*', 'X_1']",2,70,(C*X_0)*X_1
I.39.1,1,GRAMS-UCT,RMSE,2.4885247129881203e-08,True,X_0*C*X_1,"['X_0', '*', 'C', '*', 'X_1']",[np.float64(1.4999999975894123)],E_n = 3/2*pr*V,"['1.5', '*', 'X_0', '*', 'X_1']",2,138,(C*X_0)*X_1
I.39.1,2,GRAMS-UCT,RMSE,3.2197565380743504e-10,True,(C*X_1*C/(X_1/X_0))*C*X_1/C,"['(', 'C', '*', 'X_1', '*', 'C', '/', '(', 'X_1', '/', 'X_0', ')', ')', '*', 'C', '*', 'X_1', '/', 'C']","[np.float64(-0.3434399219184821), np.float64(0.4348351502548765), np.float64(1.4980374603551854), np.float64(-0.14914435965815578)]",E_n = 3/2*pr*V,"['1.5', '*', 'X_0', '*', 'X_1']",2,438,(C*X_0)*X_1
I.39.1,0,MC,N/A,5.1616555296462946e-08,True,X_1*X_0*C,"['X_1', '*', 'X_0', '*', 'C']",[np.float64(1.499999995)],E_n = 3/2*pr*V,"['1.5', '*', 'X_0', '*', 'X_1']",2,58,(C*X_0)*X_1
I.39.1,1,MC,N/A,2.947348205369122e-08,True,X_0/C*X_1,"['X_0', '/', 'C', '*', 'X_1']",[np.float64(0.6666666653977593)],E_n = 3/2*pr*V,"['1.5', '*', 'X_0', '*', 'X_1']",2,458,(C*X_0)*X_1
I.39.1,2,MC,N/A,5.6766522170035705e-08,True,X_1*X_0/C,"['X_1', '*', 'X_0', '/', 'C']",[np.float64(0.6666666642227255)],E_n = 3/2*pr*V,"['1.5', '*', 'X_0', '*', 'X_1']",2,330,(C*X_0)*X_1
I.39.11,0,GRAMS-PUCT,BIC,0.12523526051202558,False,C+(exp((sin(C*C-X_0)-C)*C)*X_2*X_1/X_0-C),"['C', '+', '(', 'exp', '(', '(', 'sin', '(', 'C', '*', 'C', '-', 'X_0', ')', '-', 'C', ')', '*', 'C', ')', '*', 'X_2', '*', 'X_1', '/', 'X_0', '-', 'C', ')']","[np.float64(0.44976947163801717), np.float64(-2.6934936588246634), np.float64(3.6755381420701854), np.float64(-2.028834411892261), np.float64(0.24386167682445073), np.float64(0.4583192093321485)]",E_n = (1/(gamma-1))*pr*V,"['(', '1', '/', '(', 'X_0', '-', '1', ')', ')', '*', 'X_1', '*', 'X_2']",3,10000,C+(((C*X_1)*X_2)*exp(C*sin(C-X_0)))/X_0
I.39.11,1,GRAMS-PUCT,BIC,0.1287065924532803,False,X_1*(C+sqrt(X_0)*X_2/(C/(X_1/X_0+X_2)+sin(C))/X_0/X_0*C),"['X_1', '*', '(', 'C', '+', 'sqrt', '(', 'X_0', ')', '*', 'X_2', '/', '(', 'C', '/', '(', 'X_1', '/', 'X_0', '+', 'X_2', ')', '+', 'sin', '(', 'C', ')', ')', '/', 'X_0', '/', 'X_0', '*', 'C', ')']","[np.float64(-0.010014890457163568), np.float64(0.0024392034966648174), np.float64(2.2991782936670737), np.float64(2.0063555011584726)]",E_n = (1/(gamma-1))*pr*V,"['(', '1', '/', '(', 'X_0', '-', '1', ')', ')', '*', 'X_1', '*', 'X_2']",3,10000,((C*X_1)*X_2)/(C*X_0^(3/2)+(C*X_0^(3/2))/(X_2+X_1/X_0))+C*X_1
I.39.11,2,GRAMS-PUCT,BIC,2.0199410748266093e-06,False,C-X_2/(X_0+C)/C*X_1,"['C', '-', 'X_2', '/', '(', 'X_0', '+', 'C', ')', '/', 'C', '*', 'X_1']","[np.float64(2.2239300682273816e-06), np.float64(-0.9999991455715421), np.float64(-0.9999998468684649)]",E_n = (1/(gamma-1))*pr*V,"['(', '1', '/', '(', 'X_0', '-', '1', ')', ')', '*', 'X_1', '*', 'X_2']",3,10000,((C*X_1)*X_2)/(C+X_0)+C
I.39.11,0,GRAMS-PUCT,RMSE,0.3246567482530458,False,((C/C/X_0)*(X_1*X_1-(X_2/X_0/C*C))*X_1)+C/X_2/X_2+C/C,"['(', '(', 'C', '/', 'C', '/', 'X_0', ')', '*', '(', 'X_1', '*', 'X_1', '-', '(', 'X_2', '/', 'X_0', '/', 'C', '*', 'C', ')', ')', '*', 'X_1', ')', '+', 'C', '/', 'X_2', '/', 'X_2', '+', 'C', '/', 'C']","[np.float64(0.08297534629909474), np.float64(3.034391224304251), np.float64(-0.03862470890828874), np.float64(5.0), np.float64(-1.5918760665446732), np.float64(4.977850069124602), np.float64(4.994006806969182)]",E_n = (1/(gamma-1))*pr*V,"['(', '1', '/', '(', 'X_0', '-', '1', ')', ')', '*', 'X_1', '*', 'X_2']",3,10000,((C+C/X_2^2)+((C*X_1)*X_2)/X_0^2)+(C*X_1^3)/X_0
I.39.11,1,GRAMS-PUCT,RMSE,0.2327480274967619,False,X_2/X_2/(C/X_1/X_2-C/(X_0)*C/C+C/C)/X_0,"['X_2', '/', 'X_2', '/', '(', 'C', '/', 'X_1', '/', 'X_2', '-', 'C', '/', '(', 'X_0', ')', '*', 'C', '/', 'C', '+', 'C', '/', 'C', ')', '/', 'X_0']","[np.float64(0.6142237997015867), np.float64(-4.490826105868691), np.float64(0.065573696487054), np.float64(-4.676051514776949), np.float64(-0.09534771742378616), np.float64(-3.89736634146251)]",E_n = (1/(gamma-1))*pr*V,"['(', '1', '/', '(', 'X_0', '-', '1', ')', ')', '*', 'X_1', '*', 'X_2']",3,10000,1/((C*X_0+(C*X_0)/(X_1*X_2))+C)
I.39.11,2,GRAMS-PUCT,RMSE,0.29767038714178967,False,(C+X_0*((X_1)*C)*C)/X_0*X_2*C/X_0+X_2*C-C,"['(', 'C', '+', 'X_0', '*', '(', '(', 'X_1', ')', '*', 'C', ')', '*', 'C', ')', '/', 'X_0', '*', 'X_2', '*', 'C', '/', 'X_0', '+', 'X_2', '*', 'C', '-', 'C']","[np.float64(3.672579983213407), np.float64(1.3174070598131282), np.float64(1.2380925700080598), np.float64(0.9569349823831371), np.float64(-0.3939361593424339), np.float64(0.0031028604730817463)]",E_n = (1/(gamma-1))*pr*V,"['(', '1', '/', '(', 'X_0', '-', '1', ')', ')', '*', 'X_1', '*', 'X_2']",3,10000,((C*X_2+C)+(C*X_2)/X_0^2)+((C*X_1)*X_2)/X_0
I.39.11,0,GRAMS-UCT,BIC,0.38800678804274713,False,C*X_1*X_2*(C/C)*X_2/X_0/X_2/(X_0)+C*C-X_0+X_0*X_0*C,"['C', '*', 'X_1', '*', 'X_2', '*', '(', 'C', '/', 'C', ')', '*', 'X_2', '/', 'X_0', '/', 'X_2', '/', '(', 'X_0', ')', '+', 'C', '*', 'C', '-', 'X_0', '+', 'X_0', '*', 'X_0', '*', 'C']","[np.float64(-3.2761113425136297), np.float64(2.9929877588444724), np.float64(-2.339219163800062), np.float64(-2.3104127657581963), np.float64(-0.5953648032229423), np.float64(0.19309790848631359)]",E_n = (1/(gamma-1))*pr*V,"['(', '1', '/', '(', 'X_0', '-', '1', ')', ')', '*', 'X_1', '*', 'X_2']",3,10000,((C*X_0^2+C)+((C*X_1)*X_2)/X_0^2)+-1*X_0
I.39.11,1,GRAMS-UCT,BIC,0.5048987554333504,False,X_0/X_1+X_1/C+X_2*((X_1))/(exp((C*(C+C/X_0+X_1)-X_1)+C))-X_2-X_2*C/X_1/X_0,"['X_0', '/', 'X_1', '+', 'X_1', '/', 'C', '+', 'X_2', '*', '(', '(', 'X_1', ')', ')', '/', '(', 'exp', '(', '(', 'C', '*', '(', 'C', '+', 'C', '/', 'X_0', '+', 'X_1', ')', '-', 'X_1', ')', '+', 'C', ')', ')', '-', 'X_2', '-', 'X_2', '*', 'C', '/', 'X_1', '/', 'X_0']","[np.float64(-2.7501846542711146), np.float64(1.0554504867548546), np.float64(-3.749005118296457), np.float64(-2.993522981637019), np.float64(4.998902741337145), np.float64(0.645005035788171)]",E_n = (1/(gamma-1))*pr*V,"['(', '1', '/', '(', 'X_0', '-', '1', ')', ')', '*', 'X_1', '*', 'X_2']",3,10000,(((((((C*X_1)*X_2)*exp(X_1))*exp(C/X_0))*exp(C*X_1)+C*X_1)+(C*X_2)/(X_0*X_1))+X_0/X_1)+-1*X_2
I.39.11,2,GRAMS-UCT,BIC,0.22782248572836364,False,X_2/((C)/C-C*X_0+X_2)/C*X_2/X_0*X_1+X_0*C,"['X_2', '/', '(', '(', 'C', ')', '/', 'C', '-', 'C', '*', 'X_0', '+', 'X_2', ')', '/', 'C', '*', 'X_2', '/', 'X_0', '*', 'X_1', '+', 'X_0', '*', 'C']","[np.float64(4.235709418686041), np.float64(-2.029158903821337), np.float64(-0.895760989113023), np.float64(0.5836722714189622), np.float64(0.08870399497316246)]",E_n = (1/(gamma-1))*pr*V,"['(', '1', '/', '(', 'X_0', '-', '1', ')', ')', '*', 'X_1', '*', 'X_2']",3,10000,C*X_0+((C*X_1)*X_2^2)/((C*X_0^2+C*X_0)+X_0*X_2)
I.39.11,0,GRAMS-UCT,RMSE,0.43329413336131334,False,X_1/C/X_0/C/C*C*X_2/X_0*sin(((C)))/(C)-C,"['X_1', '/', 'C', '/', 'X_0', '/', 'C', '/', 'C', '*', 'C', '*', 'X_2', '/', 'X_0', '*', 'sin', '(', '(', '(', 'C', ')', ')', ')', '/', '(', 'C', ')', '-', 'C']","[np.float64(-2.125149879453157), np.float64(0.18755702307073624), np.float64(0.8174997863480984), np.float64(4.7188319534640595), np.float64(1.3495252868811511), np.float64(-3.5456140351857512), np.float64(-0.5750464685799733)]",E_n = (1/(gamma-1))*pr*V,"['(', '1', '/', '(', 'X_0', '-', '1', ')', ')', '*', 'X_1', '*', 'X_2']",3,10000,C+((C*X_1)*X_2)/X_0^2
I.39.11,1,GRAMS-UCT,RMSE,0.3846251341643774,False,(X_0+(X_2-C)-X_0-X_0+X_0*C)*exp(C*C/(X_0))*X_1*C*X_2,"['(', 'X_0', '+', '(', 'X_2', '-', 'C', ')', '-', 'X_0', '-', 'X_0', '+', 'X_0', '*', 'C', ')', '*', 'exp', '(', 'C', '*', 'C', '/', '(', 'X_0', ')', ')', '*', 'X_1', '*', 'C', '*', 'X_2']","[np.float64(5.0), np.float64(-5.0), np.float64(-1.4749354936166161), np.float64(-4.871787981590859), np.float64(-0.0022279569164423787)]",E_n = (1/(gamma-1))*pr*V,"['(', '1', '/', '(', 'X_0', '-', '1', ')', ')', '*', 'X_1', '*', 'X_2']",3,10000,(((((2*C)*X_0)*X_1)*X_2)*exp(C/X_0)+((C*X_1)*X_2^2)*exp(C/X_0))+((C*X_1)*X_2)*exp(C/X_0)
I.39.11,2,GRAMS-UCT,RMSE,0.24139046748871043,False,X_1/C*((X_2))+X_2*C/(X_0/X_1)/C,"['X_1', '/', 'C', '*', '(', '(', 'X_2', ')', ')', '+', 'X_2', '*', 'C', '/', '(', 'X_0', '/', 'X_1', ')', '/', 'C']","[np.float64(-4.083110293496682), np.float64(1.7959581602585108), np.float64(0.7756130772442739)]",E_n = (1/(gamma-1))*pr*V,"['(', '1', '/', '(', 'X_0', '-', '1', ')', ')', '*', 'X_1', '*', 'X_2']",3,10000,(C*X_1)*X_2+((C*X_1)*X_2)/X_0
I.39.11,0,MC,N/A,0.2495104724761879,False,(X_2*C/X_0/C*X_1-C+(X_0-(X_1+C*sqrt(X_0+X_1*X_0)))/C*X_2),"['(', 'X_2', '*', 'C', '/', 'X_0', '/', 'C', '*', 'X_1', '-', 'C', '+', '(', 'X_0', '-', '(', 'X_1', '+', 'C', '*', 'sqrt', '(', 'X_0', '+', 'X_1', '*', 'X_0', ')', ')', ')', '/', 'C', '*', 'X_2', ')']","[np.float64(4.270679026054544), np.float64(1.7035169054673611), np.float64(0.13196554325592624), np.float64(1.316532842989353), np.float64(5.0)]",E_n = (1/(gamma-1))*pr*V,"['(', '1', '/', '(', 'X_0', '-', '1', ')', ')', '*', 'X_1', '*', 'X_2']",3,10000,((((C*X_0)*X_2+(C*X_1)*X_2)+(C*X_2)*(X_0*X_1+X_0)^0.5)+C)+((C*X_1)*X_2)/X_0
I.39.11,1,MC,N/A,0.6004216614646333,False,((X_2*C/X_0-C/C/C)/exp(C))*X_1,"['(', '(', 'X_2', '*', 'C', '/', 'X_0', '-', 'C', '/', 'C', '/', 'C', ')', '/', 'exp', '(', 'C', ')', ')', '*', 'X_1']","[np.float64(1.6664851430087682), np.float64(5.0), np.float64(-4.049175074407302), np.float64(-4.9993153672095545), np.float64(-0.0806757858795221)]",E_n = (1/(gamma-1))*pr*V,"['(', '1', '/', '(', 'X_0', '-', '1', ')', ')', '*', 'X_1', '*', 'X_2']",3,10000,C*X_1+((C*X_1)*X_2)/X_0
I.39.11,2,MC,N/A,0.6069568024452295,False,C*((C+X_2/X_1)*X_2/X_0-C*X_0)*X_1-C/X_1,"['C', '*', '(', '(', 'C', '+', 'X_2', '/', 'X_1', ')', '*', 'X_2', '/', 'X_0', '-', 'C', '*', 'X_0', ')', '*', 'X_1', '-', 'C', '/', 'X_1']","[np.float64(-0.4566882614437606), np.float64(-5.0), np.float64(-0.27598550069035493), np.float64(-1.605578034518068)]",E_n = (1/(gamma-1))*pr*V,"['(', '1', '/', '(', 'X_0', '-', '1', ')', ')', '*', 'X_1', '*', 'X_2']",3,10000,(((C*X_0)*X_1+C/X_1)+((C*X_1)*X_2)/X_0)+(C*X_2^2)/X_0
I.39.22,0,GRAMS-PUCT,BIC,1.9152156595448329,False,exp(C+X_3)+((X_0*X_1+(X_3/C-(C))*X_0)-C-C*X_1/X_1+X_2*X_3*C)/(X_2*C)/sin(C),"['exp', '(', 'C', '+', 'X_3', ')', '+', '(', '(', 'X_0', '*', 'X_1', '+', '(', 'X_3', '/', 'C', '-', '(', 'C', ')', ')', '*', 'X_0', ')', '-', 'C', '-', 'C', '*', 'X_1', '/', 'X_1', '+', 'X_2', '*', 'X_3', '*', 'C', ')', '/', '(', 'X_2', '*', 'C', ')', '/', 'sin', '(', 'C', ')']","[np.float64(-5.0), np.float64(0.9940309989725701), np.float64(2.9892266788760886), np.float64(-4.0358770998963625), np.float64(3.8884932534317125), np.float64(-0.04348779066141383), np.float64(0.3438940644503324), np.float64(-4.5187904319254635)]",pr = n*kb*T/V,"['X_0', '*', 'X_3', '*', 'X_1', '/', 'X_2']",4,10000,((((((C*X_0)*X_1)/X_2+((C*X_0)*X_3)/X_2)+(C*X_0)/X_2)+C*X_3)+C*exp(X_3))+C/X_2
I.39.22,1,GRAMS-PUCT,BIC,3.439810107288855,False,C*(X_2/C+X_3*C*C-C/C*C/X_3-X_0-C)*X_1*X_0,"['C', '*', '(', 'X_2', '/', 'C', '+', 'X_3', '*', 'C', '*', 'C', '-', 'C', '/', 'C', '*', 'C', '/', 'X_3', '-', 'X_0', '-', 'C', ')', '*', 'X_1', '*', 'X_0']","[np.float64(0.04258965659301805), np.float64(-0.09626567842522146), np.float64(-3.287966519558923), np.float64(-4.576791844951329), np.float64(4.462490043143211), np.float64(0.00601557459431269), np.float64(-0.04270044558851252), np.float64(-5.0)]",pr = n*kb*T/V,"['X_0', '*', 'X_3', '*', 'X_1', '/', 'X_2']",4,10000,((((C*X_0^2)*X_1+((C*X_0)*X_1)*X_2)+((C*X_0)*X_1)*X_3)+(C*X_0)*X_1)+((C*X_0)*X_1)/X_3
I.39.22,2,GRAMS-PUCT,BIC,3.6793963233557814,False,X_0/C/(X_2/X_3)+C*(C*X_3*X_1-X_0-X_1/C/C-C/X_2)-C/X_1*X_1-(X_0-C),"['X_0', '/', 'C', '/', '(', 'X_2', '/', 'X_3', ')', '+', 'C', '*', '(', 'C', '*', 'X_3', '*', 'X_1', '-', 'X_0', '-', 'X_1', '/', 'C', '/', 'C', '-', 'C', '/', 'X_2', ')', '-', 'C', '/', 'X_1', '*', 'X_1', '-', '(', 'X_0', '-', 'C', ')']","[np.float64(0.5252322871087901), np.float64(-2.1053495309791583), np.float64(-0.3937891971712709), np.float64(5.0), np.float64(-5.0), np.float64(4.268447050854054), np.float64(5.0), np.float64(-5.0)]",pr = n*kb*T/V,"['X_0', '*', 'X_3', '*', 'X_1', '/', 'X_2']",4,10000,(((((C*X_0+((C*X_0)*X_3)/X_2)+(C*X_1)*X_3)+C*X_1)+C)+C/X_2)+-1*X_0
I.39.22,0,GRAMS-PUCT,RMSE,3.554862551691568,False,sqrt(X_1)/exp(X_3/X_2)+X_0*C-X_3+C+(C-cos(X_3/X_3)*X_1/X_2*X_3/C-X_2)*C,"['sqrt', '(', 'X_1', ')', '/', 'exp', '(', 'X_3', '/', 'X_2', ')', '+', 'X_0', '*', 'C', '-', 'X_3', '+', 'C', '+', '(', 'C', '-', 'cos', '(', 'X_3', '/', 'X_3', ')', '*', 'X_1', '/', 'X_2', '*', 'X_3', '/', 'C', '-', 'X_2', ')', '*', 'C']","[np.float64(3.446626623768508), np.float64(-5.0), np.float64(-5.0), np.float64(-0.07339430935443063), np.float64(0.4273074629869078)]",pr = n*kb*T/V,"['X_0', '*', 'X_3', '*', 'X_1', '/', 'X_2']",4,10000,((((C*X_0+((C*X_1)*X_3)/X_2)+C*X_2)+C)+X_1^0.5*exp((-1*X_3)/X_2))+-1*X_3
I.39.22,1,GRAMS-PUCT,RMSE,0.0008610718800431461,False,C/C-(C-X_0*X_1-exp(C)/X_3)*X_1*X_3/X_2/(X_1),"['C', '/', 'C', '-', '(', 'C', '-', 'X_0', '*', 'X_1', '-', 'exp', '(', 'C', ')', '/', 'X_3', ')', '*', 'X_1', '*', 'X_3', '/', 'X_2', '/', '(', 'X_1', ')']","[np.float64(-0.0059626047701996695), np.float64(4.991903614275934), np.float64(0.0012572347979216364), np.float64(-5.0)]",pr = n*kb*T/V,"['X_0', '*', 'X_3', '*', 'X_1', '/', 'X_2']",4,10000,((C+(C*X_3)/X_2)+C/X_2)+((X_0*X_1)*X_3)/X_2
I.39.22,2,GRAMS-PUCT,RMSE,2.91025019027643e-08,True,((C)*X_0*X_1/(C+exp(C+C)-C/C)/C*X_3/X_2),"['(', '(', 'C', ')', '*', 'X_0', '*', 'X_1', '/', '(', 'C', '+', 'exp', '(', 'C', '+', 'C', ')', '-', 'C', '/', 'C', ')', '/', 'C', '*', 'X_3', '/', 'X_2', ')']","[np.float64(5.0), np.float64(-1.060150911074966), np.float64(-4.401630881066332), np.float64(0.6506830956775649), np.float64(-3.9915749722119735), np.float64(-4.9994892924347845), np.float64(-2.7247184502880644)]",pr = n*kb*T/V,"['X_0', '*', 'X_3', '*', 'X_1', '/', 'X_2']",4,9608,(((C*X_0)*X_1)*X_3)/X_2
I.39.22,0,GRAMS-UCT,BIC,1.9947738650722444,False,X_0*X_1/X_2/(C)*C*X_3+X_0,"['X_0', '*', 'X_1', '/', 'X_2', '/', '(', 'C', ')', '*', 'C', '*', 'X_3', '+', 'X_0']","[np.float64(2.6359509017248053), np.float64(2.1900005355657632)]",pr = n*kb*T/V,"['X_0', '*', 'X_3', '*', 'X_1', '/', 'X_2']",4,10000,(((C*X_0)*X_1)*X_3)/X_2+X_0
I.39.22,1,GRAMS-UCT,BIC,1.188764590606206,False,((X_0))*X_1/X_2*C*X_3*C-X_0/X_3,"['(', '(', 'X_0', ')', ')', '*', 'X_1', '/', 'X_2', '*', 'C', '*', 'X_3', '*', 'C', '-', 'X_0', '/', 'X_3']","[np.float64(-2.8545637182263612), np.float64(-0.3701736749953195)]",pr = n*kb*T/V,"['X_0', '*', 'X_3', '*', 'X_1', '/', 'X_2']",4,10000,(((C*X_0)*X_1)*X_3)/X_2-X_0/X_3
I.39.22,2,GRAMS-UCT,BIC,3.021923095944293e-08,True,X_3*X_0/X_2/C*X_1,"['X_3', '*', 'X_0', '/', 'X_2', '/', 'C', '*', 'X_1']",[np.float64(0.9999999979684647)],pr = n*kb*T/V,"['X_0', '*', 'X_3', '*', 'X_1', '/', 'X_2']",4,443,(((C*X_0)*X_1)*X_3)/X_2
I.39.22,0,GRAMS-UCT,RMSE,1.7594607692288933e-15,True,X_3*X_1/C*C*X_0/X_2,"['X_3', '*', 'X_1', '/', 'C', '*', 'C', '*', 'X_0', '/', 'X_2']","[np.float64(-5.0), np.float64(-5.0)]",pr = n*kb*T/V,"['X_0', '*', 'X_3', '*', 'X_1', '/', 'X_2']",4,3308,(((C*X_0)*X_1)*X_3)/X_2
I.39.22,1,GRAMS-UCT,RMSE,3.788864445282323,False,(C+X_0-X_2)*C+X_0-X_3/X_2*X_1*C,"['(', 'C', '+', 'X_0', '-', 'X_2', ')', '*', 'C', '+', 'X_0', '-', 'X_3', '/', 'X_2', '*', 'X_1', '*', 'C']","[np.float64(-1.1110303704094526), np.float64(1.5512288965946865), np.float64(-2.6561264373596907)]",pr = n*kb*T/V,"['X_0', '*', 'X_3', '*', 'X_1', '/', 'X_2']",4,10000,(((C*X_0+((C*X_1)*X_3)/X_2)+C*X_2)+C)+X_0
I.39.22,2,GRAMS-UCT,RMSE,7.099904855324095e-08,True,C*X_1/X_2*X_0*C*X_3/C,"['C', '*', 'X_1', '/', 'X_2', '*', 'X_0', '*', 'C', '*', 'X_3', '/', 'C']","[np.float64(-4.999999998791347), np.float64(-0.9797910187812243), np.float64(4.898955069339071)]",pr = n*kb*T/V,"['X_0', '*', 'X_3', '*', 'X_1', '/', 'X_2']",4,749,(((C*X_0)*X_1)*X_3)/X_2
I.39.22,0,MC,N/A,1.803885659063249e-15,True,X_1*X_3/X_2*X_0,"['X_1', '*', 'X_3', '/', 'X_2', '*', 'X_0']",[],pr = n*kb*T/V,"['X_0', '*', 'X_3', '*', 'X_1', '/', 'X_2']",4,9486,((X_0*X_1)*X_3)/X_2
I.39.22,1,MC,N/A,1.4840580031985035e-15,True,X_3*(X_0*X_1)/X_2,"['X_3', '*', '(', 'X_0', '*', 'X_1', ')', '/', 'X_2']",[],pr = n*kb*T/V,"['X_0', '*', 'X_3', '*', 'X_1', '/', 'X_2']",4,6959,((X_0*X_1)*X_3)/X_2
I.39.22,2,MC,N/A,3.588714604071701e-06,False,(C/C*X_1+X_3*C*((C-X_1)*C/X_2)*X_0)+C,"['(', 'C', '/', 'C', '*', 'X_1', '+', 'X_3', '*', 'C', '*', '(', '(', 'C', '-', 'X_1', ')', '*', 'C', '/', 'X_2', ')', '*', 'X_0', ')', '+', 'C']","[np.float64(8.120845736355902e-06), np.float64(4.974920725257544), np.float64(0.7890276903783432), np.float64(-1.383953765710583e-06), np.float64(-1.267381788078832), np.float64(-6.539945725618846e-07)]",pr = n*kb*T/V,"['X_0', '*', 'X_3', '*', 'X_1', '/', 'X_2']",4,10000,(((((C*X_0)*X_1)*X_3)/X_2+((C*X_0)*X_3)/X_2)+C*X_1)+C
I.40.1,0,GRAMS-PUCT,BIC,0.4372545752917378,False,X_0*C/X_2/X_4*X_3,"['X_0', '*', 'C', '/', 'X_2', '/', 'X_4', '*', 'X_3']",[np.float64(0.3253056925228599)],n = n_0*exp(-m*g*x/(kb*T)),"['X_0', '*', 'exp', '(', 'u-', 'X_1', '*', 'X_4', '*', 'X_2', '/', '(', 'X_5', '*', 'X_3', ')', ')']",6,10000,((C*X_0)*X_3)/(X_2*X_4)
I.40.1,1,GRAMS-PUCT,BIC,0.3590986609030774,False,C*X_5/((X_4/C/X_3/X_0*X_2+X_0/C*cos(C))),"['C', '*', 'X_5', '/', '(', '(', 'X_4', '/', 'C', '/', 'X_3', '/', 'X_0', '*', 'X_2', '+', 'X_0', '/', 'C', '*', 'cos', '(', 'C', ')', ')', ')']","[np.float64(-0.813725528125819), np.float64(-0.1517043638590109), np.float64(-4.964887436513966), np.float64(-5.0)]",n = n_0*exp(-m*g*x/(kb*T)),"['X_0', '*', 'exp', '(', 'u-', 'X_1', '*', 'X_4', '*', 'X_2', '/', '(', 'X_5', '*', 'X_3', ')', ')']",6,10000,(C*X_5)/(C*X_0+((C*X_2)*X_4)/(X_0*X_3))
I.40.1,2,GRAMS-PUCT,BIC,0.402661591070903,False,(X_1*C/C+X_0/(C*X_4+cos((C)/X_2)*(C)+X_2)*sqrt(C*X_5+X_5)),"['(', 'X_1', '*', 'C', '/', 'C', '+', 'X_0', '/', '(', 'C', '*', 'X_4', '+', 'cos', '(', '(', 'C', ')', '/', 'X_2', ')', '*', '(', 'C', ')', '+', 'X_2', ')', '*', 'sqrt', '(', 'C', '*', 'X_5', '+', 'X_5', ')', ')']","[np.float64(-0.5448717400042389), np.float64(3.9177542512042143), np.float64(1.2562191734252497), np.float64(4.163129528448361), np.float64(0.5110623051622536), np.float64(-0.00751597617205051)]",n = n_0*exp(-m*g*x/(kb*T)),"['X_0', '*', 'exp', '(', 'u-', 'X_1', '*', 'X_4', '*', 'X_2', '/', '(', 'X_5', '*', 'X_3', ')', ')']",6,10000,C*X_1+(X_0*(C*X_5+X_5)^0.5)/((C*X_4+C*cos(C/X_2))+X_2)
I.40.1,0,GRAMS-PUCT,RMSE,0.3844014671057779,False,C/C-X_3/X_4*C+X_0/sqrt(X_2)/X_1*C/X_2/exp(C)/C,"['C', '/', 'C', '-', 'X_3', '/', 'X_4', '*', 'C', '+', 'X_0', '/', 'sqrt', '(', 'X_2', ')', '/', 'X_1', '*', 'C', '/', 'X_2', '/', 'exp', '(', 'C', ')', '/', 'C']","[np.float64(1.7199469033176342), np.float64(-4.023179908439444), np.float64(-0.4351604108472664), np.float64(4.462229385861978), np.float64(-0.0041712164103453195), np.float64(4.121900404063834)]",n = n_0*exp(-m*g*x/(kb*T)),"['X_0', '*', 'exp', '(', 'u-', 'X_1', '*', 'X_4', '*', 'X_2', '/', '(', 'X_5', '*', 'X_3', ')', ')']",6,10000,((C*X_0)/(X_1*X_2^(3/2))+(C*X_3)/X_4)+C
I.40.1,1,GRAMS-PUCT,RMSE,0.45197155207276263,False,X_2/(X_2+C)-X_3*C/C-C+X_5/C/X_2-cos(C/X_1),"['X_2', '/', '(', 'X_2', '+', 'C', ')', '-', 'X_3', '*', 'C', '/', 'C', '-', 'C', '+', 'X_5', '/', 'C', '/', 'X_2', '-', 'cos', '(', 'C', '/', 'X_1', ')']","[np.float64(0.02795298350718008), np.float64(-0.6649636684308532), np.float64(3.593981572721714), np.float64(0.8877606247508055), np.float64(2.2415227490388223), np.float64(-1.702253603882944)]",n = n_0*exp(-m*g*x/(kb*T)),"['X_0', '*', 'exp', '(', 'u-', 'X_1', '*', 'X_4', '*', 'X_2', '/', '(', 'X_5', '*', 'X_3', ')', ')']",6,10000,(((C*X_3+C)+(C*X_5)/X_2)+X_2/(C+X_2))+-1*cos(C/X_1)
I.40.1,2,GRAMS-PUCT,RMSE,0.4086789294438526,False,X_5-C*(X_5)+X_3*(C*X_0*X_5/X_1*C+C/X_2),"['X_5', '-', 'C', '*', '(', 'X_5', ')', '+', 'X_3', '*', '(', 'C', '*', 'X_0', '*', 'X_5', '/', 'X_1', '*', 'C', '+', 'C', '/', 'X_2', ')']","[np.float64(1.065800345467636), np.float64(-1.912682869063127), np.float64(-0.02132123415125155), np.float64(0.21075456748215635)]",n = n_0*exp(-m*g*x/(kb*T)),"['X_0', '*', 'exp', '(', 'u-', 'X_1', '*', 'X_4', '*', 'X_2', '/', '(', 'X_5', '*', 'X_3', ')', ')']",6,10000,(((((C*X_0)*X_3)*X_5)/X_1+C*X_5)+(C*X_3)/X_2)+X_5
I.40.1,0,GRAMS-UCT,BIC,0.3548894145329616,False,(C)/(C/C/X_0-exp(X_2)/X_0/X_3*(C-C/X_2/X_1)+C)/X_4*X_5,"['(', 'C', ')', '/', '(', 'C', '/', 'C', '/', 'X_0', '-', 'exp', '(', 'X_2', ')', '/', 'X_0', '/', 'X_3', '*', '(', 'C', '-', 'C', '/', 'X_2', '/', 'X_1', ')', '+', 'C', ')', '/', 'X_4', '*', 'X_5']","[np.float64(-0.6932740570111949), np.float64(-4.188499175492029), np.float64(1.7068712221453244), np.float64(0.7272936451608373), np.float64(1.6808645882251472), np.float64(-0.012182164035889481)]",n = n_0*exp(-m*g*x/(kb*T)),"['X_0', '*', 'exp', '(', 'u-', 'X_1', '*', 'X_4', '*', 'X_2', '/', '(', 'X_5', '*', 'X_3', ')', ')']",6,10000,(C*X_5)/(((C*X_4+((C*X_4)*exp(X_2))/(((X_0*X_1)*X_2)*X_3))+((C*X_4)*exp(X_2))/(X_0*X_3))+(C*X_4)/X_0)
I.40.1,1,GRAMS-UCT,BIC,0.43250587911867805,False,X_3/X_1*(C)/C/C*X_3/X_3/X_2*(X_0),"['X_3', '/', 'X_1', '*', '(', 'C', ')', '/', 'C', '/', 'C', '*', 'X_3', '/', 'X_3', '/', 'X_2', '*', '(', 'X_0', ')']","[np.float64(5.0), np.float64(-3.9682940472968675), np.float64(-3.9486200592083542)]",n = n_0*exp(-m*g*x/(kb*T)),"['X_0', '*', 'exp', '(', 'u-', 'X_1', '*', 'X_4', '*', 'X_2', '/', '(', 'X_5', '*', 'X_3', ')', ')']",6,10000,((C*X_0)*X_3)/(X_1*X_2)
I.40.1,2,GRAMS-UCT,BIC,0.3864300274531503,False,C/X_4/X_1*(C*X_5+X_0/C/C+C/X_2)/C*sqrt(X_0)+C,"['C', '/', 'X_4', '/', 'X_1', '*', '(', 'C', '*', 'X_5', '+', 'X_0', '/', 'C', '/', 'C', '+', 'C', '/', 'X_2', ')', '/', 'C', '*', 'sqrt', '(', 'X_0', ')', '+', 'C']","[np.float64(2.666871682489138), np.float64(0.6685579414710567), np.float64(5.0), np.float64(5.0), np.float64(5.0), np.float64(4.955995391223953), np.float64(-0.1540671960165639)]",n = n_0*exp(-m*g*x/(kb*T)),"['X_0', '*', 'exp', '(', 'u-', 'X_1', '*', 'X_4', '*', 'X_2', '/', '(', 'X_5', '*', 'X_3', ')', ')']",6,10000,((((C*X_0^0.5)*X_5)/(X_1*X_4)+(C*X_0^0.5)/((X_1*X_2)*X_4))+(C*X_0^(3/2))/(X_1*X_4))+C
I.40.1,0,GRAMS-UCT,RMSE,0.38010971074534505,False,C/X_2/(C)*(X_3*(C+X_1/X_0/X_2*X_0-X_4-X_5/(C)+X_0/X_1)*C-exp(C)*X_5)/C*C*X_0,"['C', '/', 'X_2', '/', '(', 'C', ')', '*', '(', 'X_3', '*', '(', 'C', '+', 'X_1', '/', 'X_0', '/', 'X_2', '*', 'X_0', '-', 'X_4', '-', 'X_5', '/', '(', 'C', ')', '+', 'X_0', '/', 'X_1', ')', '*', 'C', '-', 'exp', '(', 'C', ')', '*', 'X_5', ')', '/', 'C', '*', 'C', '*', 'X_0']","[np.float64(-1.3647610845990477), np.float64(4.779630495070262), np.float64(-0.48638732011613156), np.float64(-0.7464637440294518), np.float64(0.2795981700440371), np.float64(-3.911190582277569), np.float64(-4.8944449803925), np.float64(2.1426228286486912)]",n = n_0*exp(-m*g*x/(kb*T)),"['X_0', '*', 'exp', '(', 'u-', 'X_1', '*', 'X_4', '*', 'X_2', '/', '(', 'X_5', '*', 'X_3', ')', ')']",6,10000,((((((C*X_0^2)*X_3)/(X_1*X_2)+(((C*X_0)*X_1)*X_3)/X_2^2)+(((C*X_0)*X_3)*X_4)/X_2)+(((C*X_0)*X_3)*X_5)/X_2)+((C*X_0)*X_3)/X_2)+((C*X_0)*X_5)/X_2
I.40.1,1,GRAMS-UCT,RMSE,0.39217148265584795,False,C*X_3*X_1-(C/(C/X_3*X_2/(sqrt((X_5*X_2))/X_4-X_5/X_1/C/X_4))*C)*C,"['C', '*', 'X_3', '*', 'X_1', '-', '(', 'C', '/', '(', 'C', '/', 'X_3', '*', 'X_2', '/', '(', 'sqrt', '(', '(', 'X_5', '*', 'X_2', ')', ')', '/', 'X_4', '-', 'X_5', '/', 'X_1', '/', 'C', '/', 'X_4', ')', ')', '*', 'C', ')', '*', 'C']","[np.float64(-0.03354758889731705), np.float64(-2.2140745099238823), np.float64(5.0), np.float64(-4.90166216365736), np.float64(1.5691638795911629), np.float64(0.772039225871709)]",n = n_0*exp(-m*g*x/(kb*T)),"['X_0', '*', 'exp', '(', 'u-', 'X_1', '*', 'X_4', '*', 'X_2', '/', '(', 'X_5', '*', 'X_3', ')', ')']",6,10000,((C*X_1)*X_3+((C*X_3)*X_5)/((X_1*X_2)*X_4))+((C*X_3)*(X_2*X_5)^0.5)/(X_2*X_4)
I.40.1,2,GRAMS-UCT,RMSE,0.4017768490491059,False,(X_0/X_4)*(X_2+X_4+C/C/X_1-X_5)*C,"['(', 'X_0', '/', 'X_4', ')', '*', '(', 'X_2', '+', 'X_4', '+', 'C', '/', 'C', '/', 'X_1', '-', 'X_5', ')', '*', 'C']","[np.float64(-4.69597369818502), np.float64(0.32893934788694557), np.float64(-0.09596020727426063)]",n = n_0*exp(-m*g*x/(kb*T)),"['X_0', '*', 'exp', '(', 'u-', 'X_1', '*', 'X_4', '*', 'X_2', '/', '(', 'X_5', '*', 'X_3', ')', ')']",6,10000,((((C*X_0)*X_2)/X_4+C*X_0)+(C*X_0)/(X_1*X_4))+((C*X_0)*X_5)/X_4
I.40.1,0,MC,N/A,0.4446094212853246,False,C*(X_4-(X_5*cos(C/X_3))/C-X_0/C-X_0/X_1),"['C', '*', '(', 'X_4', '-', '(', 'X_5', '*', 'cos', '(', 'C', '/', 'X_3', ')', ')', '/', 'C', '-', 'X_0', '/', 'C', '-', 'X_0', '/', 'X_1', ')']","[np.float64(-0.23716379943698004), np.float64(-1.6457760691755792), np.float64(0.8660894246312816), np.float64(2.7743054307179147)]",n = n_0*exp(-m*g*x/(kb*T)),"['X_0', '*', 'exp', '(', 'u-', 'X_1', '*', 'X_4', '*', 'X_2', '/', '(', 'X_5', '*', 'X_3', ')', ')']",6,10000,((C*X_0+(C*X_0)/X_1)+C*X_4)+(C*X_5)*cos(C/X_3)
I.40.1,1,MC,N/A,0.45063961827408083,False,(C*(X_5/C+X_3-X_2)+(X_5))/X_1,"['(', 'C', '*', '(', 'X_5', '/', 'C', '+', 'X_3', '-', 'X_2', ')', '+', '(', 'X_5', ')', ')', '/', 'X_1']","[np.float64(0.455408173391611), np.float64(-0.7477495203621274)]",n = n_0*exp(-m*g*x/(kb*T)),"['X_0', '*', 'exp', '(', 'u-', 'X_1', '*', 'X_4', '*', 'X_2', '/', '(', 'X_5', '*', 'X_3', ')', ')']",6,10000,(((C*X_2)/X_1+(C*X_3)/X_1)+(C*X_5)/X_1)+X_5/X_1
I.40.1,2,MC,N/A,0.38467342103142954,False,(C/C-X_0/(X_2)*(X_3*(C))-X_4*X_0/C*C*(C-C))*C/X_1,"['(', 'C', '/', 'C', '-', 'X_0', '/', '(', 'X_2', ')', '*', '(', 'X_3', '*', '(', 'C', ')', ')', '-', 'X_4', '*', 'X_0', '/', 'C', '*', 'C', '*', '(', 'C', '-', 'C', ')', ')', '*', 'C', '/', 'X_1']","[np.float64(4.9635857545750515), np.float64(-2.0497854414199606), np.float64(1.4857769788592434), np.float64(-1.9042174941621388), np.float64(0.8103065031846344), np.float64(-3.1328036582125947), np.float64(-3.975841731417963), np.float64(-0.253085390600071)]",n = n_0*exp(-m*g*x/(kb*T)),"['X_0', '*', 'exp', '(', 'u-', 'X_1', '*', 'X_4', '*', 'X_2', '/', '(', 'X_5', '*', 'X_3', ')', ')']",6,10000,(((C*X_0)*X_3)/(X_1*X_2)+((C*X_0)*X_4)/X_1)+C/X_1
I.41.16,0,GRAMS-PUCT,BIC,1.4045501573306316,False,C*((X_0/C*X_1/X_4-X_3)*C+C*X_1),"['C', '*', '(', '(', 'X_0', '/', 'C', '*', 'X_1', '/', 'X_4', '-', 'X_3', ')', '*', 'C', '+', 'C', '*', 'X_1', ')']","[np.float64(0.7188403746223312), np.float64(-0.3157847640542992), np.float64(-0.4281327169528056), np.float64(-1.2115983883316)]",L_rad = h/(2*pi)*omega^3/(pi^2*c^2*(exp((h/(2*pi))*omega/(kb*T))-1)),"['(', 'X_2', '/', '(', '2', '*', 'pi', ')', ')', '*', 'X_0', '^3', '/', '(', 'pi', '^2', '*', 'X_4', '^2', '*', '(', 'exp', '(', '(', 'X_2', '/', '(', '2', '*', 'pi', ')', ')', '*', 'X_0', '/', '(', 'X_3', '*', 'X_1', ')', ')', '-', '1', ')', ')']",5,10000,(((C*X_0)*X_1)/X_4+C*X_1)+C*X_3
I.41.16,1,GRAMS-PUCT,BIC,1.3185116427050565,False,(X_1/C+C*C-(X_0/C/C/X_3/X_0*C-X_0/X_4)*X_1),"['(', 'X_1', '/', 'C', '+', 'C', '*', 'C', '-', '(', 'X_0', '/', 'C', '/', 'C', '/', 'X_3', '/', 'X_0', '*', 'C', '-', 'X_0', '/', 'X_4', ')', '*', 'X_1', ')']","[np.float64(-5.0), np.float64(1.5982847498288348), np.float64(-0.017777145265427997), np.float64(0.779098694417282), np.float64(-4.16161853819622), np.float64(-3.4686791931387306)]",L_rad = h/(2*pi)*omega^3/(pi^2*c^2*(exp((h/(2*pi))*omega/(kb*T))-1)),"['(', 'X_2', '/', '(', '2', '*', 'pi', ')', ')', '*', 'X_0', '^3', '/', '(', 'pi', '^2', '*', 'X_4', '^2', '*', '(', 'exp', '(', '(', 'X_2', '/', '(', '2', '*', 'pi', ')', ')', '*', 'X_0', '/', '(', 'X_3', '*', 'X_1', ')', ')', '-', '1', ')', ')']",5,10000,((C*X_1+(C*X_1)/X_3)+C)+(X_0*X_1)/X_4
I.41.16,2,GRAMS-PUCT,BIC,1.3643165364014995,False,sqrt(exp((C/C/C*X_3-(X_0*C/C))+X_4*C)),"['sqrt', '(', 'exp', '(', '(', 'C', '/', 'C', '/', 'C', '*', 'X_3', '-', '(', 'X_0', '*', 'C', '/', 'C', ')', ')', '+', 'X_4', '*', 'C', ')', ')']","[np.float64(-1.8032617781343785), np.float64(-0.5267176135198252), np.float64(5.0), np.float64(2.2317898830622735), np.float64(-1.9841197980517287), np.float64(-2.094340075092698)]",L_rad = h/(2*pi)*omega^3/(pi^2*c^2*(exp((h/(2*pi))*omega/(kb*T))-1)),"['(', 'X_2', '/', '(', '2', '*', 'pi', ')', ')', '*', 'X_0', '^3', '/', '(', 'pi', '^2', '*', 'X_4', '^2', '*', '(', 'exp', '(', '(', 'X_2', '/', '(', '2', '*', 'pi', ')', ')', '*', 'X_0', '/', '(', 'X_3', '*', 'X_1', ')', ')', '-', '1', ')', ')']",5,10000,((exp(C*X_0)*exp(C*X_3))*exp(C*X_4))^0.5
I.41.16,0,GRAMS-PUCT,RMSE,0.8698516285297663,False,C*C+X_0/(C*X_4/(X_3)/((C)-X_4-C)/C)*X_1-X_2/C/X_3*X_3,"['C', '*', 'C', '+', 'X_0', '/', '(', 'C', '*', 'X_4', '/', '(', 'X_3', ')', '/', '(', '(', 'C', ')', '-', 'X_4', '-', 'C', ')', '/', 'C', ')', '*', 'X_1', '-', 'X_2', '/', 'C', '/', 'X_3', '*', 'X_3']","[np.float64(-0.3928256294103077), np.float64(-0.15414179569856074), np.float64(3.542264129000735), np.float64(1.2028612144299822), np.float64(-4.64521327737355), np.float64(0.21702420920784016), np.float64(4.97710434345695)]",L_rad = h/(2*pi)*omega^3/(pi^2*c^2*(exp((h/(2*pi))*omega/(kb*T))-1)),"['(', 'X_2', '/', '(', '2', '*', 'pi', ')', ')', '*', 'X_0', '^3', '/', '(', 'pi', '^2', '*', 'X_4', '^2', '*', '(', 'exp', '(', '(', 'X_2', '/', '(', '2', '*', 'pi', ')', ')', '*', 'X_0', '/', '(', 'X_3', '*', 'X_1', ')', ')', '-', '1', ')', ')']",5,10000,((((C*X_0)*X_1)*X_3+(((C*X_0)*X_1)*X_3)/X_4)+C*X_2)+C
I.41.16,1,GRAMS-PUCT,RMSE,1.4013967063593247,False,X_1*(C)/X_4/exp(C*C/X_4/C)*X_0/(X_4-X_3+X_3)+C*cos(C-X_0),"['X_1', '*', '(', 'C', ')', '/', 'X_4', '/', 'exp', '(', 'C', '*', 'C', '/', 'X_4', '/', 'C', ')', '*', 'X_0', '/', '(', 'X_4', '-', 'X_3', '+', 'X_3', ')', '+', 'C', '*', 'cos', '(', 'C', '-', 'X_0', ')']","[np.float64(1.167401776093282), np.float64(2.8278148535160335), np.float64(-0.11238707869534083), np.float64(-2.352728712085215), np.float64(0.6652118569037987), np.float64(-0.9321114800170397)]",L_rad = h/(2*pi)*omega^3/(pi^2*c^2*(exp((h/(2*pi))*omega/(kb*T))-1)),"['(', 'X_2', '/', '(', '2', '*', 'pi', ')', ')', '*', 'X_0', '^3', '/', '(', 'pi', '^2', '*', 'X_4', '^2', '*', '(', 'exp', '(', '(', 'X_2', '/', '(', '2', '*', 'pi', ')', ')', '*', 'X_0', '/', '(', 'X_3', '*', 'X_1', ')', ')', '-', '1', ')', ')']",5,10000,(((C*X_0)*X_1)*exp(C/X_4))/X_4^2+C*cos(C-X_0)
I.41.16,2,GRAMS-PUCT,RMSE,1.1636433791285636,False,C-X_1+(cos(X_1/C/C/X_2*C)/C*X_0+C*X_3/X_4)*(C)*(X_0)*X_1,"['C', '-', 'X_1', '+', '(', 'cos', '(', 'X_1', '/', 'C', '/', 'C', '/', 'X_2', '*', 'C', ')', '/', 'C', '*', 'X_0', '+', 'C', '*', 'X_3', '/', 'X_4', ')', '*', '(', 'C', ')', '*', '(', 'X_0', ')', '*', 'X_1']","[np.float64(1.3381584411828906), np.float64(1.4099993168297504), np.float64(2.8633424177409466), np.float64(4.999611069009672), np.float64(-5.0), np.float64(5.0), np.float64(0.06218493644924646)]",L_rad = h/(2*pi)*omega^3/(pi^2*c^2*(exp((h/(2*pi))*omega/(kb*T))-1)),"['(', 'X_2', '/', '(', '2', '*', 'pi', ')', ')', '*', 'X_0', '^3', '/', '(', 'pi', '^2', '*', 'X_4', '^2', '*', '(', 'exp', '(', '(', 'X_2', '/', '(', '2', '*', 'pi', ')', ')', '*', 'X_0', '/', '(', 'X_3', '*', 'X_1', ')', ')', '-', '1', ')', ')']",5,10000,((((C*X_0^2)*X_1)*cos((C*X_1)/X_2)+(((C*X_0)*X_1)*X_3)/X_4)+C)+-1*X_1
I.41.16,0,GRAMS-UCT,BIC,1.487979096337305,False,C/X_1/C+(X_0)/X_4*X_1-exp(C-X_2/X_2/X_1*C-C-C),"['C', '/', 'X_1', '/', 'C', '+', '(', 'X_0', ')', '/', 'X_4', '*', 'X_1', '-', 'exp', '(', 'C', '-', 'X_2', '/', 'X_2', '/', 'X_1', '*', 'C', '-', 'C', '-', 'C', ')']","[np.float64(-3.7555341302438108), np.float64(5.0), np.float64(-0.8148314696938788), np.float64(3.888794446376827), np.float64(0.4173314438565279), np.float64(-3.0582864123937985)]",L_rad = h/(2*pi)*omega^3/(pi^2*c^2*(exp((h/(2*pi))*omega/(kb*T))-1)),"['(', 'X_2', '/', '(', '2', '*', 'pi', ')', ')', '*', 'X_0', '^3', '/', '(', 'pi', '^2', '*', 'X_4', '^2', '*', '(', 'exp', '(', '(', 'X_2', '/', '(', '2', '*', 'pi', ')', ')', '*', 'X_0', '/', '(', 'X_3', '*', 'X_1', ')', ')', '-', '1', ')', ')']",5,10000,(C*exp(C/X_1)+C/X_1)+(X_0*X_1)/X_4
I.41.16,1,GRAMS-UCT,BIC,1.4414394381262894,False,exp(C+C/X_3/C/X_0+C/X_4-C/X_2/(exp(cos(C*X_0*C)))),"['exp', '(', 'C', '+', 'C', '/', 'X_3', '/', 'C', '/', 'X_0', '+', 'C', '/', 'X_4', '-', 'C', '/', 'X_2', '/', '(', 'exp', '(', 'cos', '(', 'C', '*', 'X_0', '*', 'C', ')', ')', ')', ')']","[np.float64(0.6797069583879392), np.float64(4.329949462018955), np.float64(-0.2718733963991496), np.float64(3.159267877519737), np.float64(-0.23060522237685174), np.float64(-2.109570335438038), np.float64(0.9435574352929688)]",L_rad = h/(2*pi)*omega^3/(pi^2*c^2*(exp((h/(2*pi))*omega/(kb*T))-1)),"['(', 'X_2', '/', '(', '2', '*', 'pi', ')', ')', '*', 'X_0', '^3', '/', '(', 'pi', '^2', '*', 'X_4', '^2', '*', '(', 'exp', '(', '(', 'X_2', '/', '(', '2', '*', 'pi', ')', ')', '*', 'X_0', '/', '(', 'X_3', '*', 'X_1', ')', ')', '-', '1', ')', ')']",5,10000,((C*exp(C/X_4))*exp(C/(X_0*X_3)))*exp((C*exp(-1*cos(C*X_0)))/X_2)
I.41.16,2,GRAMS-UCT,BIC,0.8572930671486297,False,(X_1*C*C*X_3-X_3*X_1/C*C/X_4-X_4+C+X_3)/C/C*X_0+C,"['(', 'X_1', '*', 'C', '*', 'C', '*', 'X_3', '-', 'X_3', '*', 'X_1', '/', 'C', '*', 'C', '/', 'X_4', '-', 'X_4', '+', 'C', '+', 'X_3', ')', '/', 'C', '/', 'C', '*', 'X_0', '+', 'C']","[np.float64(4.000444516436999), np.float64(-0.4013999632964231), np.float64(-0.5865787650469396), np.float64(4.9996772963659595), np.float64(5.0), np.float64(5.0), np.float64(5.0), np.float64(-0.8687797376220174)]",L_rad = h/(2*pi)*omega^3/(pi^2*c^2*(exp((h/(2*pi))*omega/(kb*T))-1)),"['(', 'X_2', '/', '(', '2', '*', 'pi', ')', ')', '*', 'X_0', '^3', '/', '(', 'pi', '^2', '*', 'X_4', '^2', '*', '(', 'exp', '(', '(', 'X_2', '/', '(', '2', '*', 'pi', ')', ')', '*', 'X_0', '/', '(', 'X_3', '*', 'X_1', ')', ')', '-', '1', ')', ')']",5,10000,((((((C*X_0)*X_1)*X_3+(((C*X_0)*X_1)*X_3)/X_4)+(C*X_0)*X_3)+(C*X_0)*X_4)+C*X_0)+C
I.41.16,0,GRAMS-UCT,RMSE,1.1519676002492265,False,X_0*(X_1+C*X_4+X_3)*C/X_4*C/(C+C),"['X_0', '*', '(', 'X_1', '+', 'C', '*', 'X_4', '+', 'X_3', ')', '*', 'C', '/', 'X_4', '*', 'C', '/', '(', 'C', '+', 'C', ')']","[np.float64(-1.317573602130627), np.float64(0.6823911834621395), np.float64(-1.9982351812663812), np.float64(-2.6597998691869216), np.float64(0.23327127084006657)]",L_rad = h/(2*pi)*omega^3/(pi^2*c^2*(exp((h/(2*pi))*omega/(kb*T))-1)),"['(', 'X_2', '/', '(', '2', '*', 'pi', ')', ')', '*', 'X_0', '^3', '/', '(', 'pi', '^2', '*', 'X_4', '^2', '*', '(', 'exp', '(', '(', 'X_2', '/', '(', '2', '*', 'pi', ')', ')', '*', 'X_0', '/', '(', 'X_3', '*', 'X_1', ')', ')', '-', '1', ')', ')']",5,10000,(((C*X_0)*X_1)/X_4+((C*X_0)*X_3)/X_4)+C*X_0
I.41.16,1,GRAMS-UCT,RMSE,1.5122823102803846,False,sin((X_3))+X_0*(C+X_3/X_4),"['sin', '(', '(', 'X_3', ')', ')', '+', 'X_0', '*', '(', 'C', '+', 'X_3', '/', 'X_4', ')']",[np.float64(-0.610650104595099)],L_rad = h/(2*pi)*omega^3/(pi^2*c^2*(exp((h/(2*pi))*omega/(kb*T))-1)),"['(', 'X_2', '/', '(', '2', '*', 'pi', ')', ')', '*', 'X_0', '^3', '/', '(', 'pi', '^2', '*', 'X_4', '^2', '*', '(', 'exp', '(', '(', 'X_2', '/', '(', '2', '*', 'pi', ')', ')', '*', 'X_0', '/', '(', 'X_3', '*', 'X_1', ')', ')', '-', '1', ')', ')']",5,10000,(C*X_0+(X_0*X_3)/X_4)+sin(X_3)
I.41.16,2,GRAMS-UCT,RMSE,1.248652824389661,False,X_1*C/C/X_4*X_3*C*X_0+C/C*C/C/X_2,"['X_1', '*', 'C', '/', 'C', '/', 'X_4', '*', 'X_3', '*', 'C', '*', 'X_0', '+', 'C', '/', 'C', '*', 'C', '/', 'C', '/', 'X_2']","[np.float64(0.8315947411444635), np.float64(-4.100282375912982), np.float64(-1.2188745349916708), np.float64(3.0671410470395895), np.float64(1.886459372939557), np.float64(-4.482288562676703), np.float64(3.74147639210087)]",L_rad = h/(2*pi)*omega^3/(pi^2*c^2*(exp((h/(2*pi))*omega/(kb*T))-1)),"['(', 'X_2', '/', '(', '2', '*', 'pi', ')', ')', '*', 'X_0', '^3', '/', '(', 'pi', '^2', '*', 'X_4', '^2', '*', '(', 'exp', '(', '(', 'X_2', '/', '(', '2', '*', 'pi', ')', ')', '*', 'X_0', '/', '(', 'X_3', '*', 'X_1', ')', ')', '-', '1', ')', ')']",5,10000,(((C*X_0)*X_1)*X_3)/X_4+C/X_2
I.41.16,0,MC,N/A,1.3326061648652692,False,C*X_3/X_1+(X_0/X_4*X_3),"['C', '*', 'X_3', '/', 'X_1', '+', '(', 'X_0', '/', 'X_4', '*', 'X_3', ')']",[np.float64(-1.4791920728579242)],L_rad = h/(2*pi)*omega^3/(pi^2*c^2*(exp((h/(2*pi))*omega/(kb*T))-1)),"['(', 'X_2', '/', '(', '2', '*', 'pi', ')', ')', '*', 'X_0', '^3', '/', '(', 'pi', '^2', '*', 'X_4', '^2', '*', '(', 'exp', '(', '(', 'X_2', '/', '(', '2', '*', 'pi', ')', ')', '*', 'X_0', '/', '(', 'X_3', '*', 'X_1', ')', ')', '-', '1', ')', ')']",5,10000,(C*X_3)/X_1+(X_0*X_3)/X_4
I.41.16,1,MC,N/A,1.3672954103500494,False,C-C*(C*((X_0*C/X_3)/X_1-C+X_0*C)+(X_3)+C*X_0)/(X_4),"['C', '-', 'C', '*', '(', 'C', '*', '(', '(', 'X_0', '*', 'C', '/', 'X_3', ')', '/', 'X_1', '-', 'C', '+', 'X_0', '*', 'C', ')', '+', '(', 'X_3', ')', '+', 'C', '*', 'X_0', ')', '/', '(', 'X_4', ')']","[np.float64(-1.7567113943957138), np.float64(-0.6391445898951443), np.float64(2.35110722817659), np.float64(-4.215211680012159), np.float64(1.2628278217029356), np.float64(1.6555667559104372), np.float64(2.167523529301048)]",L_rad = h/(2*pi)*omega^3/(pi^2*c^2*(exp((h/(2*pi))*omega/(kb*T))-1)),"['(', 'X_2', '/', '(', '2', '*', 'pi', ')', ')', '*', 'X_0', '^3', '/', '(', 'pi', '^2', '*', 'X_4', '^2', '*', '(', 'exp', '(', '(', 'X_2', '/', '(', '2', '*', 'pi', ')', ')', '*', 'X_0', '/', '(', 'X_3', '*', 'X_1', ')', ')', '-', '1', ')', ')']",5,10000,((((C*X_0)/((X_1*X_3)*X_4)+((2*C)*X_0)/X_4)+(C*X_3)/X_4)+C)+C/X_4
I.41.16,2,MC,N/A,1.1559409767786457,False,C*X_2-(cos(X_1/C/C/X_2*C)/C*X_0+C*X_3/X_4)*(C)*(X_0)*X_1+C/X_1,"['C', '*', 'X_2', '-', '(', 'cos', '(', 'X_1', '/', 'C', '/', 'C', '/', 'X_2', '*', 'C', ')', '/', 'C', '*', 'X_0', '+', 'C', '*', 'X_3', '/', 'X_4', ')', '*', '(', 'C', ')', '*', '(', 'X_0', ')', '*', 'X_1', '+', 'C', '/', 'X_1']","[np.float64(-0.2948562326682771), np.float64(-5.0), np.float64(-5.0), np.float64(0.0005198728904555359), np.float64(4.997168211226004), np.float64(-3.9952528792693345), np.float64(0.06973560342999033), np.float64(0.23709895740719655)]",L_rad = h/(2*pi)*omega^3/(pi^2*c^2*(exp((h/(2*pi))*omega/(kb*T))-1)),"['(', 'X_2', '/', '(', '2', '*', 'pi', ')', ')', '*', 'X_0', '^3', '/', '(', 'pi', '^2', '*', 'X_4', '^2', '*', '(', 'exp', '(', '(', 'X_2', '/', '(', '2', '*', 'pi', ')', ')', '*', 'X_0', '/', '(', 'X_3', '*', 'X_1', ')', ')', '-', '1', ')', ')']",5,10000,((((C*X_0^2)*X_1)*cos((C*X_1)/X_2)+(((C*X_0)*X_1)*X_3)/X_4)+C*X_2)+C/X_1
I.43.16,0,GRAMS-PUCT,BIC,1.0420533288279075e-07,False,X_1/X_3*X_2*X_0/C/C,"['X_1', '/', 'X_3', '*', 'X_2', '*', 'X_0', '/', 'C', '/', 'C']","[np.float64(-1.0931816232674088), np.float64(-0.9147610844695218)]",v = mu_drift*q*Volt/d,"['X_0', '*', 'X_1', '*', 'X_2', '/', 'X_3']",4,10000,(((C*X_0)*X_1)*X_2)/X_3
I.43.16,1,GRAMS-PUCT,BIC,3.2095761199023737e-08,True,((C/X_3*X_2*X_0*C*X_1)),"['(', '(', 'C', '/', 'X_3', '*', 'X_2', '*', 'X_0', '*', 'C', '*', 'X_1', ')', ')']","[np.float64(-0.43446971271445856), np.float64(-2.3016564169150873)]",v = mu_drift*q*Volt/d,"['X_0', '*', 'X_1', '*', 'X_2', '/', 'X_3']",4,2874,(((C*X_0)*X_1)*X_2)/X_3
I.43.16,2,GRAMS-PUCT,BIC,8.693552312724621e-09,True,((C*X_1*X_2*X_0/C/X_1*X_1/((C)*X_3))),"['(', '(', 'C', '*', 'X_1', '*', 'X_2', '*', 'X_0', '/', 'C', '/', 'X_1', '*', 'X_1', '/', '(', '(', 'C', ')', '*', 'X_3', ')', ')', ')']","[np.float64(-2.511653137528155), np.float64(0.5536277202418273), np.float64(-4.536718533429653)]",v = mu_drift*q*Volt/d,"['X_0', '*', 'X_1', '*', 'X_2', '/', 'X_3']",4,7869,(((C*X_0)*X_1)*X_2)/X_3
I.43.16,0,GRAMS-PUCT,RMSE,8.502715649225881e-07,False,(C)/C-(C/X_3*X_2)*X_0*X_1,"['(', 'C', ')', '/', 'C', '-', '(', 'C', '/', 'X_3', '*', 'X_2', ')', '*', 'X_0', '*', 'X_1']","[np.float64(-2.0612290489880044e-06), np.float64(-4.999999999998917), np.float64(-1.0000000345854527)]",v = mu_drift*q*Volt/d,"['X_0', '*', 'X_1', '*', 'X_2', '/', 'X_3']",4,10000,(((C*X_0)*X_1)*X_2)/X_3+C
I.43.16,1,GRAMS-PUCT,RMSE,5.742522773767652e-07,False,C+C*X_2*X_1*X_0/X_3,"['C', '+', 'C', '*', 'X_2', '*', 'X_1', '*', 'X_0', '/', 'X_3']","[np.float64(-8.365350494689223e-07), np.float64(1.0000000504415603)]",v = mu_drift*q*Volt/d,"['X_0', '*', 'X_1', '*', 'X_2', '/', 'X_3']",4,10000,(((C*X_0)*X_1)*X_2)/X_3+C
I.43.16,2,GRAMS-PUCT,RMSE,1.7129178935766524e-15,True,((X_2*X_0/X_3*X_1)),"['(', '(', 'X_2', '*', 'X_0', '/', 'X_3', '*', 'X_1', ')', ')']",[],v = mu_drift*q*Volt/d,"['X_0', '*', 'X_1', '*', 'X_2', '/', 'X_3']",4,3434,((X_0*X_1)*X_2)/X_3
I.43.16,0,GRAMS-UCT,BIC,2.5900199651300373e-11,True,C/X_3*X_2*X_1/C*C*X_0,"['C', '/', 'X_3', '*', 'X_2', '*', 'X_1', '/', 'C', '*', 'C', '*', 'X_0']","[np.float64(-3.3153297894185165), np.float64(3.253913141249234), np.float64(-0.9814749505887879)]",v = mu_drift*q*Volt/d,"['X_0', '*', 'X_1', '*', 'X_2', '/', 'X_3']",4,7763,(((C*X_0)*X_1)*X_2)/X_3
I.43.16,1,GRAMS-UCT,BIC,0.0,True,X_0/X_0*X_1*X_0*X_2/X_3,"['X_0', '/', 'X_0', '*', 'X_1', '*', 'X_0', '*', 'X_2', '/', 'X_3']",[],v = mu_drift*q*Volt/d,"['X_0', '*', 'X_1', '*', 'X_2', '/', 'X_3']",4,3452,((X_0*X_1)*X_2)/X_3
I.43.16,2,GRAMS-UCT,BIC,6.244665110385782e-12,True,C/C*X_0*X_2/(X_3/C*C)*(X_1)/C,"['C', '/', 'C', '*', 'X_0', '*', 'X_2', '/', '(', 'X_3', '/', 'C', '*', 'C', ')', '*', '(', 'X_1', ')', '/', 'C']","[np.float64(-5.0), np.float64(-2.681699474066081), np.float64(-5.0), np.float64(-2.0122109061380584), np.float64(4.632937093112851)]",v = mu_drift*q*Volt/d,"['X_0', '*', 'X_1', '*', 'X_2', '/', 'X_3']",4,1820,(((C*X_0)*X_1)*X_2)/X_3
I.43.16,0,GRAMS-UCT,RMSE,0.6662341850809006,False,X_2/(C+(C+C+X_3)/C)*X_0*X_1+C-C+C+X_1/C*X_0,"['X_2', '/', '(', 'C', '+', '(', 'C', '+', 'C', '+', 'X_3', ')', '/', 'C', ')', '*', 'X_0', '*', 'X_1', '+', 'C', '-', 'C', '+', 'C', '+', 'X_1', '/', 'C', '*', 'X_0']","[np.float64(1.5372359707605843), np.float64(-4.145781644309006), np.float64(2.48783574562577), np.float64(1.1813861670343657), np.float64(0.2286795240157638), np.float64(-0.9486213348672796), np.float64(-0.42284770580391917), np.float64(-5.0)]",v = mu_drift*q*Volt/d,"['X_0', '*', 'X_1', '*', 'X_2', '/', 'X_3']",4,10000,((C*X_0)*X_1+C)+((X_0*X_1)*X_2)/(C*X_3+C)
I.43.16,1,GRAMS-UCT,RMSE,0.7508568691515934,False,X_2*C*X_0/(X_3/C)*X_1+C+(X_1)*X_1/(C*X_2),"['X_2', '*', 'C', '*', 'X_0', '/', '(', 'X_3', '/', 'C', ')', '*', 'X_1', '+', 'C', '+', '(', 'X_1', ')', '*', 'X_1', '/', '(', 'C', '*', 'X_2', ')']","[np.float64(2.07674208288099), np.float64(0.48352563656956093), np.float64(0.786494565715812), np.float64(-5.0)]",v = mu_drift*q*Volt/d,"['X_0', '*', 'X_1', '*', 'X_2', '/', 'X_3']",4,10000,((((C*X_0)*X_1)*X_2)/X_3+(C*X_1^2)/X_2)+C
I.43.16,2,GRAMS-UCT,RMSE,0.7479316486174151,False,(X_3-X_2*((C))/C/(C*X_2))/(C*(X_3*C))*X_1/C*X_0*X_2,"['(', 'X_3', '-', 'X_2', '*', '(', '(', 'C', ')', ')', '/', 'C', '/', '(', 'C', '*', 'X_2', ')', ')', '/', '(', 'C', '*', '(', 'X_3', '*', 'C', ')', ')', '*', 'X_1', '/', 'C', '*', 'X_0', '*', 'X_2']","[np.float64(5.0), np.float64(0.9106085082676527), np.float64(-0.3189982871825874), np.float64(-0.7861685111419531), np.float64(-5.0), np.float64(4.894440678602294)]",v = mu_drift*q*Volt/d,"['X_0', '*', 'X_1', '*', 'X_2', '/', 'X_3']",4,10000,((C*X_0)*X_1)*X_2+(((C*X_0)*X_1)*X_2)/X_3
I.43.16,0,MC,N/A,4.506269217955986,False,(C/X_1*C/X_2/C+C)*X_0/exp(X_3*C+X_3)/C*C*(X_1),"['(', 'C', '/', 'X_1', '*', 'C', '/', 'X_2', '/', 'C', '+', 'C', ')', '*', 'X_0', '/', 'exp', '(', 'X_3', '*', 'C', '+', 'X_3', ')', '/', 'C', '*', 'C', '*', '(', 'X_1', ')']","[np.float64(5.0), np.float64(0.5368122720682332), np.float64(-0.4778896037319042), np.float64(4.843117397351817), np.float64(-0.5817610393672965), np.float64(4.025697475003581), np.float64(3.758199356643176)]",v = mu_drift*q*Volt/d,"['X_0', '*', 'X_1', '*', 'X_2', '/', 'X_3']",4,10000,(((C*X_0)*X_1)*exp(-1*X_3))*exp(C*X_3)+(((C*X_0)*exp(-1*X_3))*exp(C*X_3))/X_2
I.43.16,1,MC,N/A,9.6243784721772e-07,False,(X_2*((C*(X_0)-X_0*X_1*C-C))/C*X_1)*C/X_3,"['(', 'X_2', '*', '(', '(', 'C', '*', '(', 'X_0', ')', '-', 'X_0', '*', 'X_1', '*', 'C', '-', 'C', ')', ')', '/', 'C', '*', 'X_1', ')', '*', 'C', '/', 'X_3']","[np.float64(-3.1736068691952575), np.float64(-1.4710017458654004e-07), np.float64(1.398668875169329e-06), np.float64(-4.989890328865126), np.float64(1.5723089829890122)]",v = mu_drift*q*Volt/d,"['X_0', '*', 'X_1', '*', 'X_2', '/', 'X_3']",4,10000,((((C*X_0)*X_1^2)*X_2)/X_3+(((C*X_0)*X_1)*X_2)/X_3)+((C*X_1)*X_2)/X_3
I.43.16,2,MC,N/A,0.5889360059579313,False,C*X_2-(cos(X_1/C/C/X_2*C)/C*X_0+C*X_2/X_3)*(C)*(X_0)*X_1+C/X_1,"['C', '*', 'X_2', '-', '(', 'cos', '(', 'X_1', '/', 'C', '/', 'C', '/', 'X_2', '*', 'C', ')', '/', 'C', '*', 'X_0', '+', 'C', '*', 'X_2', '/', 'X_3', ')', '*', '(', 'C', ')', '*', '(', 'X_0', ')', '*', 'X_1', '+', 'C', '/', 'X_1']","[np.float64(-0.053994670444303505), np.float64(-4.809974987149392), np.float64(-1.0762406725290947), np.float64(-2.5429147215918073), np.float64(5.0), np.float64(5.0), np.float64(-0.18879954613872138), np.float64(-0.18740503590673185)]",v = mu_drift*q*Volt/d,"['X_0', '*', 'X_1', '*', 'X_2', '/', 'X_3']",4,10000,((((C*X_0^2)*X_1)*cos((C*X_1)/X_2)+(((C*X_0)*X_1)*X_2)/X_3)+C*X_2)+C/X_1
I.43.31,0,GRAMS-PUCT,BIC,1.659263780578207e-09,True,(X_1*X_0)*X_2+X_2+C/C-(X_2),"['(', 'X_1', '*', 'X_0', ')', '*', 'X_2', '+', 'X_2', '+', 'C', '/', 'C', '-', '(', 'X_2', ')']","[np.float64(8.29631720944728e-09), np.float64(-5.0)]",D = mob*kb*T,"['X_0', '*', 'X_2', '*', 'X_1']",3,158,C+(X_0*X_1)*X_2
I.43.31,1,GRAMS-PUCT,BIC,0.0,True,X_0*X_2*X_1,"['X_0', '*', 'X_2', '*', 'X_1']",[],D = mob*kb*T,"['X_0', '*', 'X_2', '*', 'X_1']",3,640,(X_0*X_1)*X_2
I.43.31,2,GRAMS-PUCT,BIC,8.880852891723137e-08,True,X_0*X_2/C*X_1,"['X_0', '*', 'X_2', '/', 'C', '*', 'X_1']",[np.float64(0.9999999972946509)],D = mob*kb*T,"['X_0', '*', 'X_2', '*', 'X_1']",3,1111,((C*X_0)*X_1)*X_2
I.43.31,0,GRAMS-PUCT,RMSE,3.040639612357163e-15,True,(X_1*X_0*X_2),"['(', 'X_1', '*', 'X_0', '*', 'X_2', ')']",[],D = mob*kb*T,"['X_0', '*', 'X_2', '*', 'X_1']",3,145,(X_0*X_1)*X_2
I.43.31,1,GRAMS-PUCT,RMSE,3.040639612357163e-15,True,X_1*X_0*X_2,"['X_1', '*', 'X_0', '*', 'X_2']",[],D = mob*kb*T,"['X_0', '*', 'X_2', '*', 'X_1']",3,190,(X_0*X_1)*X_2
I.43.31,2,GRAMS-PUCT,RMSE,3.0425159134272306e-15,True,(X_2*X_1*X_0),"['(', 'X_2', '*', 'X_1', '*', 'X_0', ')']",[],D = mob*kb*T,"['X_0', '*', 'X_2', '*', 'X_1']",3,159,(X_0*X_1)*X_2
I.43.31,0,GRAMS-UCT,BIC,4.714324926292668e-08,True,C*X_2*X_0*X_1,"['C', '*', 'X_2', '*', 'X_0', '*', 'X_1']",[np.float64(0.9999999985638885)],D = mob*kb*T,"['X_0', '*', 'X_2', '*', 'X_1']",3,786,((C*X_0)*X_1)*X_2
I.43.31,1,GRAMS-UCT,BIC,0.0,True,X_2*X_0*X_1,"['X_2', '*', 'X_0', '*', 'X_1']",[],D = mob*kb*T,"['X_0', '*', 'X_2', '*', 'X_1']",3,875,(X_0*X_1)*X_2
I.43.31,2,GRAMS-UCT,BIC,0.0,True,X_0*X_2*X_1,"['X_0', '*', 'X_2', '*', 'X_1']",[],D = mob*kb*T,"['X_0', '*', 'X_2', '*', 'X_1']",3,66,(X_0*X_1)*X_2
I.43.31,0,GRAMS-UCT,RMSE,1.3089538076560162e-09,True,(X_0)*X_2*X_1-C,"['(', 'X_0', ')', '*', 'X_2', '*', 'X_1', '-', 'C']",[np.float64(-1.3089537868515087e-09)],D = mob*kb*T,"['X_0', '*', 'X_2', '*', 'X_1']",3,111,C+(X_0*X_1)*X_2
I.43.31,1,GRAMS-UCT,RMSE,0.0,True,X_2*X_0*(X_1),"['X_2', '*', 'X_0', '*', '(', 'X_1', ')']",[],D = mob*kb*T,"['X_0', '*', 'X_2', '*', 'X_1']",3,629,(X_0*X_1)*X_2
I.43.31,2,GRAMS-UCT,RMSE,3.0425159134272306e-15,True,X_0*(X_1*X_2),"['X_0', '*', '(', 'X_1', '*', 'X_2', ')']",[],D = mob*kb*T,"['X_0', '*', 'X_2', '*', 'X_1']",3,1061,(X_0*X_1)*X_2
I.43.31,0,MC,N/A,5.981711525024015e-08,True,X_0*C*X_2*X_1,"['X_0', '*', 'C', '*', 'X_2', '*', 'X_1']",[np.float64(0.9999999981778082)],D = mob*kb*T,"['X_0', '*', 'X_2', '*', 'X_1']",3,5841,((C*X_0)*X_1)*X_2
I.43.31,1,MC,N/A,3.040639612357163e-15,True,X_0*X_1*X_2,"['X_0', '*', 'X_1', '*', 'X_2']",[],D = mob*kb*T,"['X_0', '*', 'X_2', '*', 'X_1']",3,848,(X_0*X_1)*X_2
I.43.31,2,MC,N/A,1.7382504884797673e-15,True,X_2*X_0*X_1/C*C,"['X_2', '*', 'X_0', '*', 'X_1', '/', 'C', '*', 'C']","[np.float64(-5.0), np.float64(-5.0)]",D = mob*kb*T,"['X_0', '*', 'X_2', '*', 'X_1']",3,599,((C*X_0)*X_1)*X_2
I.43.43,0,GRAMS-PUCT,BIC,0.24955192029613357,False,(X_2/exp((C-C+C))+C*(X_1)/X_0*X_3/X_2+(X_0*C)),"['(', 'X_2', '/', 'exp', '(', '(', 'C', '-', 'C', '+', 'C', ')', ')', '+', 'C', '*', '(', 'X_1', ')', '/', 'X_0', '*', 'X_3', '/', 'X_2', '+', '(', 'X_0', '*', 'C', ')', ')']","[np.float64(2.147844501194431), np.float64(-3.845771813695608), np.float64(-3.6607695209032505), np.float64(1.681136624712752), np.float64(-0.13915159618032705)]",kappa = 1/(gamma-1)*kb*v/A,"['(', '1', '/', '(', 'X_0', '-', '1', ')', ')', '*', 'X_1', '*', 'X_3', '/', 'X_2']",4,10000,(C*X_0+((C*X_1)*X_3)/(X_0*X_2))+C*X_2
I.43.43,1,GRAMS-PUCT,BIC,0.4955354069002496,False,X_3*X_1/X_2/(C+C/C)/X_0*C*X_1-X_1+(((C*X_1-X_1+C/X_1-X_0)+C)/X_3)-C,"['X_3', '*', 'X_1', '/', 'X_2', '/', '(', 'C', '+', 'C', '/', 'C', ')', '/', 'X_0', '*', 'C', '*', 'X_1', '-', 'X_1', '+', '(', '(', '(', 'C', '*', 'X_1', '-', 'X_1', '+', 'C', '/', 'X_1', '-', 'X_0', ')', '+', 'C', ')', '/', 'X_3', ')', '-', 'C']","[np.float64(-3.281819291915398), np.float64(-1.664909035215647), np.float64(2.9596544280422648), np.float64(-1.6587241606245875), np.float64(1.739705071848055), np.float64(-3.967275005603589), np.float64(2.8497483197779347), np.float64(-3.0431381928129873)]",kappa = 1/(gamma-1)*kb*v/A,"['(', '1', '/', '(', 'X_0', '-', '1', ')', ')', '*', 'X_1', '*', 'X_3', '/', 'X_2']",4,10000,((((((((C*X_1^2)*X_3)/(X_0*X_2)+(C*X_1)/X_3)+C)+C/(X_1*X_3))+C/X_3)+-1*(X_0/X_3))+-1*X_1)+-1*(X_1/X_3)
I.43.43,2,GRAMS-PUCT,BIC,0.7383238767364148,False,X_3/X_2+C/X_0*X_1-C/C/C+C,"['X_3', '/', 'X_2', '+', 'C', '/', 'X_0', '*', 'X_1', '-', 'C', '/', 'C', '/', 'C', '+', 'C']","[np.float64(2.168792503817327), np.float64(-3.209069128216733), np.float64(4.8785604009107635), np.float64(-2.318657206736518), np.float64(-1.2398319430451756)]",kappa = 1/(gamma-1)*kb*v/A,"['(', '1', '/', '(', 'X_0', '-', '1', ')', ')', '*', 'X_1', '*', 'X_3', '/', 'X_2']",4,10000,(C+(C*X_1)/X_0)+X_3/X_2
I.43.43,0,GRAMS-PUCT,RMSE,0.5760908580319282,False,C+(X_1)*X_3/X_2*C/(X_1+X_0/C/C),"['C', '+', '(', 'X_1', ')', '*', 'X_3', '/', 'X_2', '*', 'C', '/', '(', 'X_1', '+', 'X_0', '/', 'C', '/', 'C', ')']","[np.float64(-0.14489159059700102), np.float64(5.0), np.float64(3.819300362591797), np.float64(0.13198935731091327)]",kappa = 1/(gamma-1)*kb*v/A,"['(', '1', '/', '(', 'X_0', '-', '1', ')', ')', '*', 'X_1', '*', 'X_3', '/', 'X_2']",4,10000,((C*X_1)*X_3)/((C*X_0)*X_2+X_1*X_2)+C
I.43.43,1,GRAMS-PUCT,RMSE,0.5230499350229132,False,(X_2-X_1*C/X_1-X_1)*C/(X_0+C)*(C*X_3),"['(', 'X_2', '-', 'X_1', '*', 'C', '/', 'X_1', '-', 'X_1', ')', '*', 'C', '/', '(', 'X_0', '+', 'C', ')', '*', '(', 'C', '*', 'X_3', ')']","[np.float64(2.824422694734811), np.float64(-0.5156477125106724), np.float64(-1.0077012541216395), np.float64(0.8241716264457272)]",kappa = 1/(gamma-1)*kb*v/A,"['(', '1', '/', '(', 'X_0', '-', '1', ')', ')', '*', 'X_1', '*', 'X_3', '/', 'X_2']",4,10000,(((C*X_1)*X_3)/(C+X_0)+((C*X_2)*X_3)/(C+X_0))+(C*X_3)/(C+X_0)
I.43.43,2,GRAMS-PUCT,RMSE,0.2989496489699959,False,(X_1*(X_3*C/sqrt(X_0*X_0)/X_2+C)),"['(', 'X_1', '*', '(', 'X_3', '*', 'C', '/', 'sqrt', '(', 'X_0', '*', 'X_0', ')', '/', 'X_2', '+', 'C', ')', ')']","[np.float64(1.6775303021158927), np.float64(-0.06042860486796682)]",kappa = 1/(gamma-1)*kb*v/A,"['(', '1', '/', '(', 'X_0', '-', '1', ')', ')', '*', 'X_1', '*', 'X_3', '/', 'X_2']",4,10000,((C*X_1)*X_3)/(X_2*(X_0^2)^0.5)+C*X_1
I.43.43,0,GRAMS-UCT,BIC,0.7091987195178145,False,X_3*C*cos(sin(X_2/X_2+X_3/X_0)-C)/(X_2)/X_0*(C-C-X_3/X_2*C*X_1)-C*X_3,"['X_3', '*', 'C', '*', 'cos', '(', 'sin', '(', 'X_2', '/', 'X_2', '+', 'X_3', '/', 'X_0', ')', '-', 'C', ')', '/', '(', 'X_2', ')', '/', 'X_0', '*', '(', 'C', '-', 'C', '-', 'X_3', '/', 'X_2', '*', 'C', '*', 'X_1', ')', '-', 'C', '*', 'X_3']","[np.float64(-0.4692007669863857), np.float64(0.2125321431846766), np.float64(-1.0001004292833702), np.float64(3.7274094528562745), np.float64(0.707803152652447), np.float64(-0.13394041331509063)]",kappa = 1/(gamma-1)*kb*v/A,"['(', '1', '/', '(', 'X_0', '-', '1', ')', ')', '*', 'X_1', '*', 'X_3', '/', 'X_2']",4,10000,((((C*X_1)*X_3^2)*cos(C-sin(1+X_3/X_0)))/(X_0*X_2^2)+C*X_3)+((C*X_3)*cos(C-sin(1+X_3/X_0)))/(X_0*X_2)
I.43.43,1,GRAMS-UCT,BIC,0.31946716235482964,False,X_1/exp(C)/C/X_0/C*X_3/X_2,"['X_1', '/', 'exp', '(', 'C', ')', '/', 'C', '/', 'X_0', '/', 'C', '*', 'X_3', '/', 'X_2']","[np.float64(-1.1791447980087495), np.float64(0.8541653848901531), np.float64(2.4265440682838455)]",kappa = 1/(gamma-1)*kb*v/A,"['(', '1', '/', '(', 'X_0', '-', '1', ')', ')', '*', 'X_1', '*', 'X_3', '/', 'X_2']",4,10000,((C*X_1)*X_3)/(X_0*X_2)
I.43.43,2,GRAMS-UCT,BIC,0.27523411679139986,False,X_3*cos(exp(C*X_0/C-X_3)*sqrt(X_0/C))*X_1*C/X_2/X_0-C*X_1-C/C/X_0,"['X_3', '*', 'cos', '(', 'exp', '(', 'C', '*', 'X_0', '/', 'C', '-', 'X_3', ')', '*', 'sqrt', '(', 'X_0', '/', 'C', ')', ')', '*', 'X_1', '*', 'C', '/', 'X_2', '/', 'X_0', '-', 'C', '*', 'X_1', '-', 'C', '/', 'C', '/', 'X_0']","[np.float64(-2.7706750378263445), np.float64(1.525723378777839), np.float64(0.8610830834178931), np.float64(1.6485282799075993), np.float64(0.12636939165595434), np.float64(-2.6250508097834806), np.float64(3.042699174943992)]",kappa = 1/(gamma-1)*kb*v/A,"['(', '1', '/', '(', 'X_0', '-', '1', ')', ')', '*', 'X_1', '*', 'X_3', '/', 'X_2']",4,10000,((((C*X_1)*X_3)*cos(((C*X_0)^0.5*exp(-1*X_3))*exp(C*X_0)))/(X_0*X_2)+C*X_1)+C/X_0
I.43.43,0,GRAMS-UCT,RMSE,0.3051987197883334,False,X_3*X_1*C/X_0/X_2+C/(C)-C,"['X_3', '*', 'X_1', '*', 'C', '/', 'X_0', '/', 'X_2', '+', 'C', '/', '(', 'C', ')', '-', 'C']","[np.float64(1.644667813778908), np.float64(-3.7459167856167768), np.float64(-4.458189760078605), np.float64(0.9852680725594918)]",kappa = 1/(gamma-1)*kb*v/A,"['(', '1', '/', '(', 'X_0', '-', '1', ')', ')', '*', 'X_1', '*', 'X_3', '/', 'X_2']",4,10000,((C*X_1)*X_3)/(X_0*X_2)+C
I.43.43,1,GRAMS-UCT,RMSE,0.3051987198174114,False,C*(X_3*(X_1*C))/X_2/X_0*(C)/C-C,"['C', '*', '(', 'X_3', '*', '(', 'X_1', '*', 'C', ')', ')', '/', 'X_2', '/', 'X_0', '*', '(', 'C', ')', '/', 'C', '-', 'C']","[np.float64(1.4762178725233779), np.float64(1.5065596756608488), np.float64(-1.4665024072282342), np.float64(-1.9831021647298406), np.float64(0.14501785530955902)]",kappa = 1/(gamma-1)*kb*v/A,"['(', '1', '/', '(', 'X_0', '-', '1', ')', ')', '*', 'X_1', '*', 'X_3', '/', 'X_2']",4,10000,((C*X_1)*X_3)/(X_0*X_2)+C
I.43.43,2,GRAMS-UCT,RMSE,0.5070186525207049,False,X_3/C/X_2+C/X_2*((X_1/X_0+C)),"['X_3', '/', 'C', '/', 'X_2', '+', 'C', '/', 'X_2', '*', '(', '(', 'X_1', '/', 'X_0', '+', 'C', ')', ')']","[np.float64(0.7288360578174924), np.float64(5.0), np.float64(-0.9083511633509354)]",kappa = 1/(gamma-1)*kb*v/A,"['(', '1', '/', '(', 'X_0', '-', '1', ')', ')', '*', 'X_1', '*', 'X_3', '/', 'X_2']",4,10000,((C*X_1)/(X_0*X_2)+(C*X_3)/X_2)+C/X_2
I.43.43,0,MC,N/A,0.82014813729104,False,((C/X_0)-C*X_3+X_1+C*C-C)/X_2,"['(', '(', 'C', '/', 'X_0', ')', '-', 'C', '*', 'X_3', '+', 'X_1', '+', 'C', '*', 'C', '-', 'C', ')', '/', 'X_2']","[np.float64(5.0), np.float64(-1.3748627415017496), np.float64(2.17659652567948), np.float64(-0.8716892961412294), np.float64(2.623249568747154)]",kappa = 1/(gamma-1)*kb*v/A,"['(', '1', '/', '(', 'X_0', '-', '1', ')', ')', '*', 'X_1', '*', 'X_3', '/', 'X_2']",4,10000,((C/(X_0*X_2)+(C*X_3)/X_2)+C/X_2)+X_1/X_2
I.43.43,1,MC,N/A,0.5772303063091744,False,C+sqrt(X_1)*X_3/(C/(X_2/X_0+X_2)+sin(C))/X_0/X_0*C,"['C', '+', 'sqrt', '(', 'X_1', ')', '*', 'X_3', '/', '(', 'C', '/', '(', 'X_2', '/', 'X_0', '+', 'X_2', ')', '+', 'sin', '(', 'C', ')', ')', '/', 'X_0', '/', 'X_0', '*', 'C']","[np.float64(-0.13010957599398504), np.float64(-0.9173638261480217), np.float64(1.041830564813776), np.float64(1.904401071336996)]",kappa = 1/(gamma-1)*kb*v/A,"['(', '1', '/', '(', 'X_0', '-', '1', ')', ')', '*', 'X_1', '*', 'X_3', '/', 'X_2']",4,10000,((C*X_1^0.5)*X_3)/(C*X_0^2+(C*X_0^2)/(X_2+X_2/X_0))+C
I.43.43,2,MC,N/A,0.5765265901996196,False,C*((C+X_3/X_2)*X_3/X_0-C*X_0)*X_1-C/X_1,"['C', '*', '(', '(', 'C', '+', 'X_3', '/', 'X_2', ')', '*', 'X_3', '/', 'X_0', '-', 'C', '*', 'X_0', ')', '*', 'X_1', '-', 'C', '/', 'X_1']","[np.float64(0.3156750694239447), np.float64(0.4589763871571995), np.float64(0.01097107783180102), np.float64(-0.17793874662781486)]",kappa = 1/(gamma-1)*kb*v/A,"['(', '1', '/', '(', 'X_0', '-', '1', ')', ')', '*', 'X_1', '*', 'X_3', '/', 'X_2']",4,10000,(((C*X_0)*X_1+((C*X_1)*X_3^2)/(X_0*X_2))+C/X_1)+((C*X_1)*X_3)/X_0
I.44.4,0,GRAMS-PUCT,BIC,12.261663093496082,False,C-(((X_3))*C/X_4-C/((X_3-(C)))*X_4*C+C)*(C*C-X_4),"['C', '-', '(', '(', '(', 'X_3', ')', ')', '*', 'C', '/', 'X_4', '-', 'C', '/', '(', '(', 'X_3', '-', '(', 'C', ')', ')', ')', '*', 'X_4', '*', 'C', '+', 'C', ')', '*', '(', 'C', '*', 'C', '-', 'X_4', ')']","[np.float64(3.751779799440661), np.float64(-5.0), np.float64(0.9219991495607226), np.float64(-4.159626425669317), np.float64(-4.493297947870255), np.float64(2.4904403825265957), np.float64(-3.119428086876516), np.float64(0.49592470595413046)]",E_n = n*kb*T*ln(V2/V1),"['X_0', '*', 'X_1', '*', 'X_2', '*', 'ln', '(', 'X_4', '/', 'X_3', ')']",5,10000,((((C*X_3+(C*X_3)/X_4)+(C*X_4^2)/(C+X_3))+C*X_4)+(C*X_4)/(C+X_3))+C
I.44.4,1,GRAMS-PUCT,BIC,10.561070288310086,False,X_2*X_0*(C/C/X_4+C+(X_3))*C*X_4,"['X_2', '*', 'X_0', '*', '(', 'C', '/', 'C', '/', 'X_4', '+', 'C', '+', '(', 'X_3', ')', ')', '*', 'C', '*', 'X_4']","[np.float64(4.998341066140488), np.float64(0.8362066597334192), np.float64(-5.0), np.float64(-0.38842499050283485)]",E_n = n*kb*T*ln(V2/V1),"['X_0', '*', 'X_1', '*', 'X_2', '*', 'ln', '(', 'X_4', '/', 'X_3', ')']",5,10000,((((C*X_0)*X_2)*X_3)*X_4+((C*X_0)*X_2)*X_4)+(C*X_0)*X_2
I.44.4,2,GRAMS-PUCT,BIC,10.59964991919481,False,X_1*C*((X_4-X_3)),"['X_1', '*', 'C', '*', '(', '(', 'X_4', '-', 'X_3', ')', ')']",[np.float64(3.350974337564115)],E_n = n*kb*T*ln(V2/V1),"['X_0', '*', 'X_1', '*', 'X_2', '*', 'ln', '(', 'X_4', '/', 'X_3', ')']",5,10000,(C*X_1)*X_3+(C*X_1)*X_4
I.44.4,0,GRAMS-PUCT,RMSE,11.086255801783699,False,X_3/C/X_3*X_0/C*(X_3*(C/C)/C/C-X_1/X_3/C+C-X_4),"['X_3', '/', 'C', '/', 'X_3', '*', 'X_0', '/', 'C', '*', '(', 'X_3', '*', '(', 'C', '/', 'C', ')', '/', 'C', '/', 'C', '-', 'X_1', '/', 'X_3', '/', 'C', '+', 'C', '-', 'X_4', ')']","[np.float64(0.36624465533194245), np.float64(-0.8534872891900885), np.float64(-2.6060647840463904), np.float64(-2.1477648930915763), np.float64(-0.6398035766809004), np.float64(-1.6646139908245503), np.float64(-5.0), np.float64(-0.669009547294219)]",E_n = n*kb*T*ln(V2/V1),"['X_0', '*', 'X_1', '*', 'X_2', '*', 'ln', '(', 'X_4', '/', 'X_3', ')']",5,10000,((((C*X_0)*X_1)/X_3+(C*X_0)*X_3)+(C*X_0)*X_4)+C*X_0
I.44.4,1,GRAMS-PUCT,RMSE,8.508504842769085,False,X_2*((X_4*C)*C-X_3)*X_0,"['X_2', '*', '(', '(', 'X_4', '*', 'C', ')', '*', 'C', '-', 'X_3', ')', '*', 'X_0']","[np.float64(-0.9385582033810697), np.float64(-1.0845783597027847)]",E_n = n*kb*T*ln(V2/V1),"['X_0', '*', 'X_1', '*', 'X_2', '*', 'ln', '(', 'X_4', '/', 'X_3', ')']",5,10000,((C*X_0)*X_2)*X_4-(X_0*X_2)*X_3
I.44.4,2,GRAMS-PUCT,RMSE,10.086824796318405,False,C*X_4*(X_1)*(C)/X_3+X_1/X_4/C*C*X_3,"['C', '*', 'X_4', '*', '(', 'X_1', ')', '*', '(', 'C', ')', '/', 'X_3', '+', 'X_1', '/', 'X_4', '/', 'C', '*', 'C', '*', 'X_3']","[np.float64(0.9192619012076334), np.float64(4.1714419035722035), np.float64(-0.7444656849130004), np.float64(2.8212934244611216)]",E_n = n*kb*T*ln(V2/V1),"['X_0', '*', 'X_1', '*', 'X_2', '*', 'ln', '(', 'X_4', '/', 'X_3', ')']",5,10000,((C*X_1)*X_3)/X_4+((C*X_1)*X_4)/X_3
I.44.4,0,GRAMS-UCT,BIC,12.001977987811799,False,C*X_1-X_4/X_3/C*X_1+(C-X_1)+X_3/C,"['C', '*', 'X_1', '-', 'X_4', '/', 'X_3', '/', 'C', '*', 'X_1', '+', '(', 'C', '-', 'X_1', ')', '+', 'X_3', '/', 'C']","[np.float64(-5.0), np.float64(-0.1596449150681857), np.float64(-4.998787744344474), np.float64(5.0)]",E_n = n*kb*T*ln(V2/V1),"['X_0', '*', 'X_1', '*', 'X_2', '*', 'ln', '(', 'X_4', '/', 'X_3', ')']",5,10000,(((C*X_1+((C*X_1)*X_4)/X_3)+C*X_3)+C)+-1*X_1
I.44.4,1,GRAMS-UCT,BIC,9.912027561220473,False,C*(X_2*X_3/X_3-sin(C))/X_2*X_1/X_0+X_1*X_3*C+C/(C)-X_1/C*(X_0*((C*cos((C)/X_0*X_2))-X_4)),"['C', '*', '(', 'X_2', '*', 'X_3', '/', 'X_3', '-', 'sin', '(', 'C', ')', ')', '/', 'X_2', '*', 'X_1', '/', 'X_0', '+', 'X_1', '*', 'X_3', '*', 'C', '+', 'C', '/', '(', 'C', ')', '-', 'X_1', '/', 'C', '*', '(', 'X_0', '*', '(', '(', 'C', '*', 'cos', '(', '(', 'C', ')', '/', 'X_0', '*', 'X_2', ')', ')', '-', 'X_4', ')', ')']","[np.float64(5.0), np.float64(-1.5711319105733856), np.float64(-3.103682718010456), np.float64(5.0), np.float64(4.998574853559492), np.float64(0.9042872793832634), np.float64(1.4788488016777972), np.float64(-0.6045781974410117)]",E_n = n*kb*T*ln(V2/V1),"['X_0', '*', 'X_1', '*', 'X_2', '*', 'ln', '(', 'X_4', '/', 'X_3', ')']",5,10000,((((((C*X_0)*X_1)*X_4+((C*X_0)*X_1)*cos((C*X_2)/X_0))+(C*X_1)*X_3)+(C*X_1)/(X_0*X_2))+C)+(C*X_1)/X_0
I.44.4,2,GRAMS-UCT,BIC,10.823163500579431,False,C-C/X_1+C/X_1/C+X_4+C*C/C+X_2/X_1+(X_4-X_3)*C*X_0+X_3,"['C', '-', 'C', '/', 'X_1', '+', 'C', '/', 'X_1', '/', 'C', '+', 'X_4', '+', 'C', '*', 'C', '/', 'C', '+', 'X_2', '/', 'X_1', '+', '(', 'X_4', '-', 'X_3', ')', '*', 'C', '*', 'X_0', '+', 'X_3']","[np.float64(-4.4389069712654665), np.float64(3.6410730348379223), np.float64(0.4603876113536219), np.float64(3.739611581324805), np.float64(-1.1138971032424454), np.float64(-4.107649189687961), np.float64(-3.5607015931971313), np.float64(3.3229821197245664)]",E_n = n*kb*T*ln(V2/V1),"['X_0', '*', 'X_1', '*', 'X_2', '*', 'ln', '(', 'X_4', '/', 'X_3', ')']",5,10000,((((((C*X_0)*X_3+(C*X_0)*X_4)+C)+C/X_1)+X_3)+X_4)+X_2/X_1
I.44.4,0,GRAMS-UCT,RMSE,10.538408671772375,False,X_1*(X_3)/C+C*C/X_4+C-C*(X_1)*X_4+C*C/X_4*X_1/X_1,"['X_1', '*', '(', 'X_3', ')', '/', 'C', '+', 'C', '*', 'C', '/', 'X_4', '+', 'C', '-', 'C', '*', '(', 'X_1', ')', '*', 'X_4', '+', 'C', '*', 'C', '/', 'X_4', '*', 'X_1', '/', 'X_1']","[np.float64(-0.30991703447067204), np.float64(0.47169920795605846), np.float64(-1.7648050496252474), np.float64(2.373758392012549), np.float64(-3.217905182318607), np.float64(-2.1183634977998036), np.float64(2.295877103458445)]",E_n = n*kb*T*ln(V2/V1),"['X_0', '*', 'X_1', '*', 'X_2', '*', 'ln', '(', 'X_4', '/', 'X_3', ')']",5,10000,(((C*X_1)*X_3+(C*X_1)*X_4)+C)+C/X_4
I.44.4,1,GRAMS-UCT,RMSE,10.001517521886097,False,C*((C-C*X_0)*X_2*C*X_2+X_1*C)*(X_3-X_1/C-X_4),"['C', '*', '(', '(', 'C', '-', 'C', '*', 'X_0', ')', '*', 'X_2', '*', 'C', '*', 'X_2', '+', 'X_1', '*', 'C', ')', '*', '(', 'X_3', '-', 'X_1', '/', 'C', '-', 'X_4', ')']","[np.float64(-0.3116248658456685), np.float64(-2.8174191248516096), np.float64(-2.133455790297723), np.float64(0.3606558195767172), np.float64(5.0), np.float64(5.0)]",E_n = n*kb*T*ln(V2/V1),"['X_0', '*', 'X_1', '*', 'X_2', '*', 'ln', '(', 'X_4', '/', 'X_3', ')']",5,10000,(((((((((C*X_0)*X_1)*X_2^2+((C*X_0)*X_2^2)*X_3)+((C*X_0)*X_2^2)*X_4)+C*X_1^2)+(C*X_1)*X_2^2)+(C*X_1)*X_3)+(C*X_1)*X_4)+(C*X_2^2)*X_3)+(C*X_2^2)*X_4
I.44.4,2,GRAMS-UCT,RMSE,11.436594593026319,False,X_0/C+C+(X_4-X_3-C/exp(X_4*C))*(X_1-C),"['X_0', '/', 'C', '+', 'C', '+', '(', 'X_4', '-', 'X_3', '-', 'C', '/', 'exp', '(', 'X_4', '*', 'C', ')', ')', '*', '(', 'X_1', '-', 'C', ')']","[np.float64(-5.0), np.float64(3.464092440346373), np.float64(5.0), np.float64(1.1410482880180894), np.float64(-5.0)]",E_n = n*kb*T*ln(V2/V1),"['X_0', '*', 'X_1', '*', 'X_2', '*', 'ln', '(', 'X_4', '/', 'X_3', ')']",5,10000,((((((C*X_0+(C*X_1)*exp(C*X_4))+C*X_3)+C*X_4)+C*exp(C*X_4))+C)+-1*(X_1*X_3))+X_1*X_4
I.44.4,0,MC,N/A,13.16878599039777,False,X_1*(C*X_4+X_3+C)/C*(X_4),"['X_1', '*', '(', 'C', '*', 'X_4', '+', 'X_3', '+', 'C', ')', '/', 'C', '*', '(', 'X_4', ')']","[np.float64(-1.0218789128067527), np.float64(0.3958655996368213), np.float64(-1.0348951772601318)]",E_n = n*kb*T*ln(V2/V1),"['X_0', '*', 'X_1', '*', 'X_2', '*', 'ln', '(', 'X_4', '/', 'X_3', ')']",5,10000,(((C*X_1)*X_3)*X_4+(C*X_1)*X_4^2)+(C*X_1)*X_4
I.44.4,1,MC,N/A,8.33440725498965,False,C*(C*X_3/C+X_4/(C))*X_0*X_2,"['C', '*', '(', 'C', '*', 'X_3', '/', 'C', '+', 'X_4', '/', '(', 'C', ')', ')', '*', 'X_0', '*', 'X_2']","[np.float64(-2.8379696390804896), np.float64(1.945441238493932), np.float64(5.0), np.float64(-2.560075711653023)]",E_n = n*kb*T*ln(V2/V1),"['X_0', '*', 'X_1', '*', 'X_2', '*', 'ln', '(', 'X_4', '/', 'X_3', ')']",5,10000,((C*X_0)*X_2)*X_3+((C*X_0)*X_2)*X_4
I.44.4,2,MC,N/A,8.420103958011776,False,((X_1+X_2/X_4)/C*X_2+(X_4-C*X_3)*(sin(C)-X_0-C*X_0/C)*X_2*X_0)-C,"['(', '(', 'X_1', '+', 'X_2', '/', 'X_4', ')', '/', 'C', '*', 'X_2', '+', '(', 'X_4', '-', 'C', '*', 'X_3', ')', '*', '(', 'sin', '(', 'C', ')', '-', 'X_0', '-', 'C', '*', 'X_0', '/', 'C', ')', '*', 'X_2', '*', 'X_0', ')', '-', 'C']","[np.float64(-5.0), np.float64(0.9656006200232692), np.float64(-4.71227973934815), np.float64(-2.514510460899621), np.float64(2.4472223775573205), np.float64(-1.7044559287421666)]",E_n = n*kb*T*ln(V2/V1),"['X_0', '*', 'X_1', '*', 'X_2', '*', 'ln', '(', 'X_4', '/', 'X_3', ')']",5,10000,(((((((((2*C)*X_0^2)*X_2)*X_3+((C*X_0^2)*X_2)*X_4)+((C*X_0)*X_2)*X_3)+((C*X_0)*X_2)*X_4)+(C*X_1)*X_2)+(C*X_2^2)/X_4)+C)+-1*((X_0^2*X_2)*X_4)
I.47.23,0,GRAMS-PUCT,BIC,9.325655563121499e-07,False,C+sqrt(X_1*X_0/C/X_2/C*C),"['C', '+', 'sqrt', '(', 'X_1', '*', 'X_0', '/', 'C', '/', 'X_2', '/', 'C', '*', 'C', ')']","[np.float64(-2.5986487431355654e-06), np.float64(-2.1900317267757234), np.float64(2.125735581278121), np.float64(-4.655439690924821)]",c = sqrt(gamma*pr/rho),"['sqrt', '(', 'X_0', '*', 'X_1', '/', 'X_2', ')']",3,10000,C+(((C*X_0)*X_1)/X_2)^0.5
I.47.23,1,GRAMS-PUCT,BIC,0.14914673696840747,False,(C*(X_0)*X_1*X_0+C*C*cos(C)*C/X_2*(C-C)+C*X_1*X_0),"['(', 'C', '*', '(', 'X_0', ')', '*', 'X_1', '*', 'X_0', '+', 'C', '*', 'C', '*', 'cos', '(', 'C', ')', '*', 'C', '/', 'X_2', '*', '(', 'C', '-', 'C', ')', '+', 'C', '*', 'X_1', '*', 'X_0', ')']","[np.float64(-0.0034114658981168828), np.float64(2.926015020671349), np.float64(-3.4273273720447044), np.float64(-1.688501742808206), np.float64(2.5678544876319855), np.float64(2.959339057834135), np.float64(2.274730581383038), np.float64(0.11725780308123211)]",c = sqrt(gamma*pr/rho),"['sqrt', '(', 'X_0', '*', 'X_1', '/', 'X_2', ')']",3,10000,((C*X_0^2)*X_1+(C*X_0)*X_1)+C/X_2
I.47.23,2,GRAMS-PUCT,BIC,1.821425681921142e-16,True,X_0/sqrt(X_2*X_0/X_1),"['X_0', '/', 'sqrt', '(', 'X_2', '*', 'X_0', '/', 'X_1', ')']",[],c = sqrt(gamma*pr/rho),"['sqrt', '(', 'X_0', '*', 'X_1', '/', 'X_2', ')']",3,3877,X_0/((X_0*X_2)/X_1)^0.5
I.47.23,0,GRAMS-PUCT,RMSE,0.11584291273427026,False,C/X_2*C*sqrt(X_0*X_1+X_1)/C+C+C/X_1*C+C/X_0,"['C', '/', 'X_2', '*', 'C', '*', 'sqrt', '(', 'X_0', '*', 'X_1', '+', 'X_1', ')', '/', 'C', '+', 'C', '+', 'C', '/', 'X_1', '*', 'C', '+', 'C', '/', 'X_0']","[np.float64(0.8944687681900477), np.float64(-3.5870277502610715), np.float64(-4.905067591842468), np.float64(1.717860555927196), np.float64(0.34973736609552036), np.float64(-2.5662685408186565), np.float64(-1.1440842123765698)]",c = sqrt(gamma*pr/rho),"['sqrt', '(', 'X_0', '*', 'X_1', '/', 'X_2', ')']",3,10000,((C+(C*(X_0*X_1+X_1)^0.5)/X_2)+C/X_1)+C/X_0
I.47.23,1,GRAMS-PUCT,RMSE,0.15221931566165778,False,X_1*(X_2/X_0-(X_0/X_2)-((C*X_2))+X_2+C/C*C*C)*C+(C),"['X_1', '*', '(', 'X_2', '/', 'X_0', '-', '(', 'X_0', '/', 'X_2', ')', '-', '(', '(', 'C', '*', 'X_2', ')', ')', '+', 'X_2', '+', 'C', '/', 'C', '*', 'C', '*', 'C', ')', '*', 'C', '+', '(', 'C', ')']","[np.float64(0.910523960066608), np.float64(3.6445614432090063), np.float64(1.2997288699141356), np.float64(2.8752323014301795), np.float64(-0.38421713699541454), np.float64(-0.11074678639753277), np.float64(0.8410284628527682)]",c = sqrt(gamma*pr/rho),"['sqrt', '(', 'X_0', '*', 'X_1', '/', 'X_2', ')']",3,10000,(((((C*X_0)*X_1)/X_2+((2*C)*X_1)*X_2)+C*X_1)+C)+((C*X_1)*X_2)/X_0
I.47.23,2,GRAMS-PUCT,RMSE,0.11509052170854249,False,C*X_0-(C*X_2/C+(sin(C-C))+C*X_1)*(X_0)*exp(C*X_2)+C,"['C', '*', 'X_0', '-', '(', 'C', '*', 'X_2', '/', 'C', '+', '(', 'sin', '(', 'C', '-', 'C', ')', ')', '+', 'C', '*', 'X_1', ')', '*', '(', 'X_0', ')', '*', 'exp', '(', 'C', '*', 'X_2', ')', '+', 'C']","[np.float64(1.1653525555109074), np.float64(-2.193516863045317), np.float64(-5.0), np.float64(4.322285892675071), np.float64(-4.3222887546053705), np.float64(-0.16461048245640286), np.float64(-0.17791754465239965), np.float64(0.8381909508457555)]",c = sqrt(gamma*pr/rho),"['sqrt', '(', 'X_0', '*', 'X_1', '/', 'X_2', ')']",3,10000,(((((C*X_0)*X_1)*exp(C*X_2)+((C*X_0)*X_2)*exp(C*X_2))+(C*X_0)*exp(C*X_2))+C*X_0)+C
I.47.23,0,GRAMS-UCT,BIC,0.13117868228376825,False,exp(C-C*X_2/X_0)-(X_0*(X_1)/X_2+X_0/C)*C,"['exp', '(', 'C', '-', 'C', '*', 'X_2', '/', 'X_0', ')', '-', '(', 'X_0', '*', '(', 'X_1', ')', '/', 'X_2', '+', 'X_0', '/', 'C', ')', '*', 'C']","[np.float64(0.09696208106262819), np.float64(0.1329490468891972), np.float64(5.0), np.float64(-0.19805556467813046)]",c = sqrt(gamma*pr/rho),"['sqrt', '(', 'X_0', '*', 'X_1', '/', 'X_2', ')']",3,10000,(((C*X_0)*X_1)/X_2+C*X_0)+C*exp((C*X_2)/X_0)
I.47.23,1,GRAMS-UCT,BIC,0.07878671113494949,False,C/X_2*X_1+C+X_0*C-C*C-X_0/(X_1+X_1/X_0/X_2*C/C)+X_1/X_1+C,"['C', '/', 'X_2', '*', 'X_1', '+', 'C', '+', 'X_0', '*', 'C', '-', 'C', '*', 'C', '-', 'X_0', '/', '(', 'X_1', '+', 'X_1', '/', 'X_0', '/', 'X_2', '*', 'C', '/', 'C', ')', '+', 'X_1', '/', 'X_1', '+', 'C']","[np.float64(0.5574660306978867), np.float64(1.9734056288710011), np.float64(0.4485224327204975), np.float64(-0.283524357545186), np.float64(1.3990764880523587), np.float64(-3.6464049323404533), np.float64(-0.09712343775810486), np.float64(-3.359946403545472)]",c = sqrt(gamma*pr/rho),"['sqrt', '(', 'X_0', '*', 'X_1', '/', 'X_2', ')']",3,10000,((C*X_0+(C*X_1)/X_2)+C)+-1*(X_0/((C*X_1)/(X_0*X_2)+X_1))
I.47.23,2,GRAMS-UCT,BIC,0.136394851143703,False,C/sin(C)-X_1/X_2*(X_0*C/(C*X_1-C/X_2))-(X_0/C)/C,"['C', '/', 'sin', '(', 'C', ')', '-', 'X_1', '/', 'X_2', '*', '(', 'X_0', '*', 'C', '/', '(', 'C', '*', 'X_1', '-', 'C', '/', 'X_2', ')', ')', '-', '(', 'X_0', '/', 'C', ')', '/', 'C']","[np.float64(0.7863332440063299), np.float64(1.2151009282351988), np.float64(1.29269700699146), np.float64(-0.4802980574124472), np.float64(3.1987945174877273), np.float64(-2.063338404841122), np.float64(-2.3203769827461045)]",c = sqrt(gamma*pr/rho),"['sqrt', '(', 'X_0', '*', 'X_1', '/', 'X_2', ')']",3,10000,(((C*X_0)*X_1)/((C*X_1)*X_2+C)+C*X_0)+C
I.47.23,0,GRAMS-UCT,RMSE,0.0005860231000856115,False,(sqrt(X_1/X_2*X_0))+C+X_0/(exp(C/C)/X_2/X_1/(C)+C+X_2/exp(C)*C*X_1),"['(', 'sqrt', '(', 'X_1', '/', 'X_2', '*', 'X_0', ')', ')', '+', 'C', '+', 'X_0', '/', '(', 'exp', '(', 'C', '/', 'C', ')', '/', 'X_2', '/', 'X_1', '/', '(', 'C', ')', '+', 'C', '+', 'X_2', '/', 'exp', '(', 'C', ')', '*', 'C', '*', 'X_1', ')']","[np.float64(0.0006598710138719243), np.float64(-4.297135721126068), np.float64(-3.276523071078244), np.float64(4.24226666619736), np.float64(-0.0944495591188113), np.float64(-5.0), np.float64(-5.0)]",c = sqrt(gamma*pr/rho),"['sqrt', '(', 'X_0', '*', 'X_1', '/', 'X_2', ')']",3,10000,(C+X_0/(((C*X_1)*X_2+C)+C/(X_1*X_2)))+((X_0*X_1)/X_2)^0.5
I.47.23,1,GRAMS-UCT,RMSE,0.11752928833936474,False,C+X_1/X_2*X_0/C+(C/X_1/X_0)/C,"['C', '+', 'X_1', '/', 'X_2', '*', 'X_0', '/', 'C', '+', '(', 'C', '/', 'X_1', '/', 'X_0', ')', '/', 'C']","[np.float64(1.2113983092260219), np.float64(4.9134719023863305), np.float64(4.87857321476917), np.float64(-4.639480339000807)]",c = sqrt(gamma*pr/rho),"['sqrt', '(', 'X_0', '*', 'X_1', '/', 'X_2', ')']",3,10000,(((C*X_0)*X_1)/X_2+C)+C/(X_0*X_1)
I.47.23,2,GRAMS-UCT,RMSE,0.11403772304025797,False,C/X_2+X_0/(X_2/C*(C)/X_1+X_2)-C+C+X_1*C*C-C,"['C', '/', 'X_2', '+', 'X_0', '/', '(', 'X_2', '/', 'C', '*', '(', 'C', ')', '/', 'X_1', '+', 'X_2', ')', '-', 'C', '+', 'C', '+', 'X_1', '*', 'C', '*', 'C', '-', 'C']","[np.float64(0.044706586802173105), np.float64(-2.732356946408391), np.float64(-3.4059739736695094), np.float64(0.43950768083744307), np.float64(-0.11012898961601326), np.float64(-0.8856287808306755), np.float64(-0.24670211609458206), np.float64(-0.8322913793671873)]",c = sqrt(gamma*pr/rho),"['sqrt', '(', 'X_0', '*', 'X_1', '/', 'X_2', ')']",3,10000,((C*X_1+C)+C/X_2)+X_0/((C*X_2)/X_1+X_2)
I.47.23,0,MC,N/A,3.169884808179558e-09,True,C+sqrt(X_0/X_2*X_1),"['C', '+', 'sqrt', '(', 'X_0', '/', 'X_2', '*', 'X_1', ')']",[np.float64(-3.1698849066204274e-09)],c = sqrt(gamma*pr/rho),"['sqrt', '(', 'X_0', '*', 'X_1', '/', 'X_2', ')']",3,6603,C+((X_0*X_1)/X_2)^0.5
I.47.23,1,MC,N/A,7.697993512341637e-11,True,sqrt(C*X_1/X_2*X_0)*C/C,"['sqrt', '(', 'C', '*', 'X_1', '/', 'X_2', '*', 'X_0', ')', '*', 'C', '/', 'C']","[np.float64(2.699920642679018), np.float64(-2.3414743108140175), np.float64(-3.8473783518508515)]",c = sqrt(gamma*pr/rho),"['sqrt', '(', 'X_0', '*', 'X_1', '/', 'X_2', ')']",3,7742,C*(((C*X_0)*X_1)/X_2)^0.5
I.47.23,2,MC,N/A,0.15398184332856626,False,C+X_0*X_1*C/X_2+X_2*C,"['C', '+', 'X_0', '*', 'X_1', '*', 'C', '/', 'X_2', '+', 'X_2', '*', 'C']","[np.float64(1.0904791009866122), np.float64(0.21841538385274012), np.float64(-0.03408456799018535)]",c = sqrt(gamma*pr/rho),"['sqrt', '(', 'X_0', '*', 'X_1', '/', 'X_2', ')']",3,10000,(((C*X_0)*X_1)/X_2+C*X_2)+C
I.48.20,0,GRAMS-PUCT,BIC,1.6806417736387944,False,(X_0*X_2/C*X_2+(X_1/cos(C)/X_1+X_0*C)),"['(', 'X_0', '*', 'X_2', '/', 'C', '*', 'X_2', '+', '(', 'X_1', '/', 'cos', '(', 'C', ')', '/', 'X_1', '+', 'X_0', '*', 'C', ')', ')']","[np.float64(1.0024194081283424), np.float64(3.540617674738595), np.float64(1.6814675698827055)]",E_n = m*c^2/sqrt(1-v^2/c^2),"['X_0', '*', 'X_2', '^2', '/', 'sqrt', '(', '1', '-', 'X_1', '^2', '/', 'X_2', '^2', ')']",3,10000,((C*X_0)*X_2^2+C*X_0)+C
I.48.20,1,GRAMS-PUCT,BIC,2.11480798667445,False,X_2*(X_2*X_0*C)/C-C,"['X_2', '*', '(', 'X_2', '*', 'X_0', '*', 'C', ')', '/', 'C', '-', 'C']","[np.float64(-3.3787550226467364), np.float64(-3.3589555286540267), np.float64(-2.96076817888825)]",E_n = m*c^2/sqrt(1-v^2/c^2),"['X_0', '*', 'X_2', '^2', '/', 'sqrt', '(', '1', '-', 'X_1', '^2', '/', 'X_2', '^2', ')']",3,10000,(C*X_0)*X_2^2+C
I.48.20,2,GRAMS-PUCT,BIC,0.9018281908173419,False,((C)*C*X_2+X_1)/C*X_2*X_0,"['(', '(', 'C', ')', '*', 'C', '*', 'X_2', '+', 'X_1', ')', '/', 'C', '*', 'X_2', '*', 'X_0']","[np.float64(2.655793468204089), np.float64(1.372184660363634), np.float64(3.7559731362049265)]",E_n = m*c^2/sqrt(1-v^2/c^2),"['X_0', '*', 'X_2', '^2', '/', 'sqrt', '(', '1', '-', 'X_1', '^2', '/', 'X_2', '^2', ')']",3,10000,((C*X_0)*X_1)*X_2+(C*X_0)*X_2^2
I.48.20,0,GRAMS-PUCT,RMSE,1.6342487022217795,False,X_0*C+(X_2*X_2)*X_0*C,"['X_0', '*', 'C', '+', '(', 'X_2', '*', 'X_2', ')', '*', 'X_0', '*', 'C']","[np.float64(1.366170458250879), np.float64(0.9975947886141606)]",E_n = m*c^2/sqrt(1-v^2/c^2),"['X_0', '*', 'X_2', '^2', '/', 'sqrt', '(', '1', '-', 'X_1', '^2', '/', 'X_2', '^2', ')']",3,10000,(C*X_0)*X_2^2+C*X_0
I.48.20,1,GRAMS-PUCT,RMSE,1.978196164398954,False,(X_0*C*X_2*X_2*(X_2/C+C/C-X_2/C)/C),"['(', 'X_0', '*', 'C', '*', 'X_2', '*', 'X_2', '*', '(', 'X_2', '/', 'C', '+', 'C', '/', 'C', '-', 'X_2', '/', 'C', ')', '/', 'C', ')']","[np.float64(-5.0), np.float64(-5.0), np.float64(-4.9840275171013815), np.float64(4.586928783819306), np.float64(-4.807670358562654), np.float64(5.0)]",E_n = m*c^2/sqrt(1-v^2/c^2),"['X_0', '*', 'X_2', '^2', '/', 'sqrt', '(', '1', '-', 'X_1', '^2', '/', 'X_2', '^2', ')']",3,10000,(C*X_0)*X_2^3+(C*X_0)*X_2^2
I.48.20,2,GRAMS-PUCT,RMSE,1.789189211793707,False,C+C/X_1-X_2*C+X_2*X_0/C*C*X_2,"['C', '+', 'C', '/', 'X_1', '-', 'X_2', '*', 'C', '+', 'X_2', '*', 'X_0', '/', 'C', '*', 'C', '*', 'X_2']","[np.float64(5.0), np.float64(-2.341162811346843), np.float64(0.24959553827614964), np.float64(-1.8354774679108776), np.float64(-1.8592548545540029)]",E_n = m*c^2/sqrt(1-v^2/c^2),"['X_0', '*', 'X_2', '^2', '/', 'sqrt', '(', '1', '-', 'X_1', '^2', '/', 'X_2', '^2', ')']",3,10000,(((C*X_0)*X_2^2+C*X_2)+C)+C/X_1
I.48.20,0,GRAMS-UCT,BIC,0.7650263049623496,False,(X_2*X_2-C+X_1)*X_0,"['(', 'X_2', '*', 'X_2', '-', 'C', '+', 'X_1', ')', '*', 'X_0']",[np.float64(0.24272139248281496)],E_n = m*c^2/sqrt(1-v^2/c^2),"['X_0', '*', 'X_2', '^2', '/', 'sqrt', '(', '1', '-', 'X_1', '^2', '/', 'X_2', '^2', ')']",3,10000,(C*X_0+X_0*X_1)+X_0*X_2^2
I.48.20,1,GRAMS-UCT,BIC,0.843689119994121,False,(X_2+((X_1+C*C))/C*X_1-C)*C*X_0*X_2-X_2+C/(X_2*(X_2))+X_2,"['(', 'X_2', '+', '(', '(', 'X_1', '+', 'C', '*', 'C', ')', ')', '/', 'C', '*', 'X_1', '-', 'C', ')', '*', 'C', '*', 'X_0', '*', 'X_2', '-', 'X_2', '+', 'C', '/', '(', 'X_2', '*', '(', 'X_2', ')', ')', '+', 'X_2']","[np.float64(1.338533377379905), np.float64(-1.3639650372407686), np.float64(4.951690561537352), np.float64(-0.5104438348555694), np.float64(0.9679447490565557), np.float64(2.202671890520996)]",E_n = m*c^2/sqrt(1-v^2/c^2),"['X_0', '*', 'X_2', '^2', '/', 'sqrt', '(', '1', '-', 'X_1', '^2', '/', 'X_2', '^2', ')']",3,10000,(((((C*X_0)*X_1^2)*X_2+((C*X_0)*X_1)*X_2)+(C*X_0)*X_2^2)+(C*X_0)*X_2)+C/X_2^2
I.48.20,2,GRAMS-UCT,BIC,0.8237319941877088,False,X_2*X_0*X_2+C+C*sin((X_1*X_1)-X_1)+X_1+X_0-C/X_1,"['X_2', '*', 'X_0', '*', 'X_2', '+', 'C', '+', 'C', '*', 'sin', '(', '(', 'X_1', '*', 'X_1', ')', '-', 'X_1', ')', '+', 'X_1', '+', 'X_0', '-', 'C', '/', 'X_1']","[np.float64(1.9057603402522247), np.float64(1.3562420181767483), np.float64(5.0)]",E_n = m*c^2/sqrt(1-v^2/c^2),"['X_0', '*', 'X_2', '^2', '/', 'sqrt', '(', '1', '-', 'X_1', '^2', '/', 'X_2', '^2', ')']",3,10000,((((C*sin(X_1^2-X_1)+C)+C/X_1)+X_0*X_2^2)+X_0)+X_1
I.48.20,0,GRAMS-UCT,RMSE,0.9070411593422807,False,C/C+X_0+X_0*(X_2*X_2)+X_1+X_2-C*(X_2-X_1)-C*(X_0/X_2/X_2)+X_2,"['C', '/', 'C', '+', 'X_0', '+', 'X_0', '*', '(', 'X_2', '*', 'X_2', ')', '+', 'X_1', '+', 'X_2', '-', 'C', '*', '(', 'X_2', '-', 'X_1', ')', '-', 'C', '*', '(', 'X_0', '/', 'X_2', '/', 'X_2', ')', '+', 'X_2']","[np.float64(-4.814283107282986), np.float64(1.210023777018452), np.float64(2.0241329140264708), np.float64(-3.660751025444757)]",E_n = m*c^2/sqrt(1-v^2/c^2),"['X_0', '*', 'X_2', '^2', '/', 'sqrt', '(', '1', '-', 'X_1', '^2', '/', 'X_2', '^2', ')']",3,10000,(((((((C*X_0)/X_2^2+C*X_1)+C*X_2)+C)+X_0*X_2^2)+X_0)+X_1)+2*X_2
I.48.20,1,GRAMS-UCT,RMSE,1.2245441329390463,False,X_2+C/X_2+(X_2*X_0*C*X_2)-C+X_0*X_1+C,"['X_2', '+', 'C', '/', 'X_2', '+', '(', 'X_2', '*', 'X_0', '*', 'C', '*', 'X_2', ')', '-', 'C', '+', 'X_0', '*', 'X_1', '+', 'C']","[np.float64(5.0), np.float64(0.983228776769443), np.float64(0.7526237098204412), np.float64(-5.0)]",E_n = m*c^2/sqrt(1-v^2/c^2),"['X_0', '*', 'X_2', '^2', '/', 'sqrt', '(', '1', '-', 'X_1', '^2', '/', 'X_2', '^2', ')']",3,10000,((((C*X_0)*X_2^2+C)+C/X_2)+X_0*X_1)+X_2
I.48.20,2,GRAMS-UCT,RMSE,0.8617031449837579,False,X_2*X_0*X_2-C+X_1+((C*X_2*C)/X_1)+X_0*C+X_2/C-C*C,"['X_2', '*', 'X_0', '*', 'X_2', '-', 'C', '+', 'X_1', '+', '(', '(', 'C', '*', 'X_2', '*', 'C', ')', '/', 'X_1', ')', '+', 'X_0', '*', 'C', '+', 'X_2', '/', 'C', '-', 'C', '*', 'C']","[np.float64(1.2740260551927722), np.float64(-0.2946454027108293), np.float64(3.841128727846582), np.float64(1.2602124306567097), np.float64(1.4645416973136773), np.float64(-0.23598795496383929), np.float64(1.7899880706450284)]",E_n = m*c^2/sqrt(1-v^2/c^2),"['X_0', '*', 'X_2', '^2', '/', 'sqrt', '(', '1', '-', 'X_1', '^2', '/', 'X_2', '^2', ')']",3,10000,((((C*X_0+C*X_2)+C)+(C*X_2)/X_1)+X_0*X_2^2)+X_1
I.48.20,0,MC,N/A,1.9688243142233115,False,C*X_0+X_2*(X_2*X_0+C)-(X_1),"['C', '*', 'X_0', '+', 'X_2', '*', '(', 'X_2', '*', 'X_0', '+', 'C', ')', '-', '(', 'X_1', ')']","[np.float64(1.5223544956953978), np.float64(0.08952568029754396)]",E_n = m*c^2/sqrt(1-v^2/c^2),"['X_0', '*', 'X_2', '^2', '/', 'sqrt', '(', '1', '-', 'X_1', '^2', '/', 'X_2', '^2', ')']",3,10000,((C*X_0+C*X_2)+X_0*X_2^2)+-1*X_1
I.48.20,1,MC,N/A,2.32930874973799,False,C*(X_1-X_0*X_2*X_2)-C+C,"['C', '*', '(', 'X_1', '-', 'X_0', '*', 'X_2', '*', 'X_2', ')', '-', 'C', '+', 'C']","[np.float64(-1.0058366759479689), np.float64(0.523347438012795), np.float64(5.0)]",E_n = m*c^2/sqrt(1-v^2/c^2),"['X_0', '*', 'X_2', '^2', '/', 'sqrt', '(', '1', '-', 'X_1', '^2', '/', 'X_2', '^2', ')']",3,10000,((C*X_0)*X_2^2+C*X_1)+C
I.48.20,2,MC,N/A,1.8830134808545467,False,X_2*(X_1+((X_0+C/C*X_2))/exp(cos(C)*X_0*X_2+C*C-C)*X_2),"['X_2', '*', '(', 'X_1', '+', '(', '(', 'X_0', '+', 'C', '/', 'C', '*', 'X_2', ')', ')', '/', 'exp', '(', 'cos', '(', 'C', ')', '*', 'X_0', '*', 'X_2', '+', 'C', '*', 'C', '-', 'C', ')', '*', 'X_2', ')']","[np.float64(0.03373550781469682), np.float64(-2.527741244764785), np.float64(-1.5717851477093172), np.float64(-1.5438982506709698), np.float64(2.994458604965936), np.float64(-4.656386661089165)]",E_n = m*c^2/sqrt(1-v^2/c^2),"['X_0', '*', 'X_2', '^2', '/', 'sqrt', '(', '1', '-', 'X_1', '^2', '/', 'X_2', '^2', ')']",3,10000,(((C*X_0)*X_2^2)*exp((C*X_0)*X_2)+(C*X_2^3)*exp((C*X_0)*X_2))+X_1*X_2
I.50.26,0,GRAMS-PUCT,BIC,1.5919722993324947,False,C+(C*(X_0*X_0/X_1+C*sin(X_1*X_2+C+X_3)-C-C)*X_1/(C-X_2/X_2/X_3)),"['C', '+', '(', 'C', '*', '(', 'X_0', '*', 'X_0', '/', 'X_1', '+', 'C', '*', 'sin', '(', 'X_1', '*', 'X_2', '+', 'C', '+', 'X_3', ')', '-', 'C', '-', 'C', ')', '*', 'X_1', '/', '(', 'C', '-', 'X_2', '/', 'X_2', '/', 'X_3', ')', ')']","[np.float64(-1.7175114158598253), np.float64(-0.3656616227915884), np.float64(-1.7763887526931947), np.float64(2.50935210849795), np.float64(-1.229704107697615), np.float64(-4.128186754036885), np.float64(-1.0998600181712157)]",x = x1*(cos(omega*t)+alpha*cos(omega*t)**2),"['X_0', '*', '(', 'cos', '(', 'X_1', '*', 'X_2', ')', '+', 'X_3', '*', 'cos', '(', 'X_1', '*', 'X_2', ')', '^2', ')']",4,10000,(((C*X_0^2)/(C-1/X_3)+((C*X_1)*sin((C+X_1*X_2)+X_3))/(C-1/X_3))+(C*X_1)/(C-1/X_3))+C
I.50.26,1,GRAMS-PUCT,BIC,1.5801630228431844,False,X_3-C-X_2*X_1*X_0*C,"['X_3', '-', 'C', '-', 'X_2', '*', 'X_1', '*', 'X_0', '*', 'C']","[np.float64(2.434428862471826), np.float64(-0.24401925622523613)]",x = x1*(cos(omega*t)+alpha*cos(omega*t)**2),"['X_0', '*', '(', 'cos', '(', 'X_1', '*', 'X_2', ')', '+', 'X_3', '*', 'cos', '(', 'X_1', '*', 'X_2', ')', '^2', ')']",4,10000,(((C*X_0)*X_1)*X_2+C)+X_3
I.50.26,2,GRAMS-PUCT,BIC,1.588069520560729,False,((C+X_1*(C-X_0*sqrt(X_3)/((C/C/X_2*X_0/X_3/C-C)+cos(X_2))*X_2)-X_0)),"['(', '(', 'C', '+', 'X_1', '*', '(', 'C', '-', 'X_0', '*', 'sqrt', '(', 'X_3', ')', '/', '(', '(', 'C', '/', 'C', '/', 'X_2', '*', 'X_0', '/', 'X_3', '/', 'C', '-', 'C', ')', '+', 'cos', '(', 'X_2', ')', ')', '*', 'X_2', ')', '-', 'X_0', ')', ')']","[np.float64(1.406353739787665), np.float64(-0.7274243438172896), np.float64(-5.0), np.float64(4.712797038809149), np.float64(4.969822008465278), np.float64(2.58994570812972)]",x = x1*(cos(omega*t)+alpha*cos(omega*t)**2),"['X_0', '*', '(', 'cos', '(', 'X_1', '*', 'X_2', ')', '+', 'X_3', '*', 'cos', '(', 'X_1', '*', 'X_2', ')', '^2', ')']",4,10000,((C*X_1+C)+-1*((((X_0*X_1)*X_2)*X_3^0.5)/(((C*X_0)/(X_2*X_3)+C)+cos(X_2))))+-1*X_0
I.50.26,0,GRAMS-PUCT,RMSE,1.5938492581918893,False,X_3/X_2+(C/X_2)-X_2*X_0*C*(C*(X_3)/C-X_1)+(C),"['X_3', '/', 'X_2', '+', '(', 'C', '/', 'X_2', ')', '-', 'X_2', '*', 'X_0', '*', 'C', '*', '(', 'C', '*', '(', 'X_3', ')', '/', 'C', '-', 'X_1', ')', '+', '(', 'C', ')']","[np.float64(-1.6577638064047344), np.float64(0.20053289561785057), np.float64(1.9728853330681508), np.float64(-5.0), np.float64(-0.9083771890987938)]",x = x1*(cos(omega*t)+alpha*cos(omega*t)**2),"['X_0', '*', '(', 'cos', '(', 'X_1', '*', 'X_2', ')', '+', 'X_3', '*', 'cos', '(', 'X_1', '*', 'X_2', ')', '^2', ')']",4,10000,(((((C*X_0)*X_1)*X_2+((C*X_0)*X_2)*X_3)+C)+C/X_2)+X_3/X_2
I.50.26,1,GRAMS-PUCT,RMSE,1.575289204047633,False,X_0*X_2/C/(X_3-C)*sin(cos(X_1*X_2/X_1+X_2*(C)/X_1)*X_2)-C,"['X_0', '*', 'X_2', '/', 'C', '/', '(', 'X_3', '-', 'C', ')', '*', 'sin', '(', 'cos', '(', 'X_1', '*', 'X_2', '/', 'X_1', '+', 'X_2', '*', '(', 'C', ')', '/', 'X_1', ')', '*', 'X_2', ')', '-', 'C']","[np.float64(-0.5411397131410844), np.float64(4.731745564585117), np.float64(-1.5135195012534752), np.float64(0.9304292385288175)]",x = x1*(cos(omega*t)+alpha*cos(omega*t)**2),"['X_0', '*', '(', 'cos', '(', 'X_1', '*', 'X_2', ')', '+', 'X_3', '*', 'cos', '(', 'X_1', '*', 'X_2', ')', '^2', ')']",4,10000,(((C*X_0)*X_2)*sin(X_2*cos((C*X_2)/X_1+X_2)))/(C+X_3)+C
I.50.26,2,GRAMS-PUCT,RMSE,1.5842552186497212,False,X_3+X_2*(C*X_0+sin(X_1))*(C*X_1)-C,"['X_3', '+', 'X_2', '*', '(', 'C', '*', 'X_0', '+', 'sin', '(', 'X_1', ')', ')', '*', '(', 'C', '*', 'X_1', ')', '-', 'C']","[np.float64(-5.0), np.float64(-0.049395856932696366), np.float64(2.318939667229203)]",x = x1*(cos(omega*t)+alpha*cos(omega*t)**2),"['X_0', '*', '(', 'cos', '(', 'X_1', '*', 'X_2', ')', '+', 'X_3', '*', 'cos', '(', 'X_1', '*', 'X_2', ')', '^2', ')']",4,10000,((((C*X_0)*X_1)*X_2+((C*X_1)*X_2)*sin(X_1))+C)+X_3
I.50.26,0,GRAMS-UCT,BIC,1.5487551797462922,False,C*cos((X_1*X_2))*X_0*exp(C/sqrt(X_1))/C-C/X_3+C,"['C', '*', 'cos', '(', '(', 'X_1', '*', 'X_2', ')', ')', '*', 'X_0', '*', 'exp', '(', 'C', '/', 'sqrt', '(', 'X_1', ')', ')', '/', 'C', '-', 'C', '/', 'X_3', '+', 'C']","[np.float64(-5.0), np.float64(-4.879416825178418), np.float64(-0.24447518102361107), np.float64(3.9424530855780637), np.float64(3.862401674504678)]",x = x1*(cos(omega*t)+alpha*cos(omega*t)**2),"['X_0', '*', '(', 'cos', '(', 'X_1', '*', 'X_2', ')', '+', 'X_3', '*', 'cos', '(', 'X_1', '*', 'X_2', ')', '^2', ')']",4,10000,(((C*X_0)*exp(C/X_1^0.5))*cos(X_1*X_2)+C)+C/X_3
I.50.26,1,GRAMS-UCT,BIC,1.5847332252525528,False,C/X_1+X_0*X_3*X_2*X_1*(C/X_3)*(C*X_3)+C/C+X_2/X_0/C*C,"['C', '/', 'X_1', '+', 'X_0', '*', 'X_3', '*', 'X_2', '*', 'X_1', '*', '(', 'C', '/', 'X_3', ')', '*', '(', 'C', '*', 'X_3', ')', '+', 'C', '/', 'C', '+', 'X_2', '/', 'X_0', '/', 'C', '*', 'C']","[np.float64(-0.27216492754828264), np.float64(0.7821619248113856), np.float64(0.15120112841186734), np.float64(2.1127728663727545), np.float64(-4.968216378843277), np.float64(2.113973086194321), np.float64(0.3874168589744656)]",x = x1*(cos(omega*t)+alpha*cos(omega*t)**2),"['X_0', '*', '(', 'cos', '(', 'X_1', '*', 'X_2', ')', '+', 'X_3', '*', 'cos', '(', 'X_1', '*', 'X_2', ')', '^2', ')']",4,10000,(((((C*X_0)*X_1)*X_2)*X_3+C)+C/X_1)+(C*X_2)/X_0
I.50.26,2,GRAMS-UCT,BIC,1.4658875002894187,False,X_2*X_0+C-sin(C*X_1*X_2/C-X_3)+C*X_0-(C*C-X_3/X_3-C*X_2)*X_3,"['X_2', '*', 'X_0', '+', 'C', '-', 'sin', '(', 'C', '*', 'X_1', '*', 'X_2', '/', 'C', '-', 'X_3', ')', '+', 'C', '*', 'X_0', '-', '(', 'C', '*', 'C', '-', 'X_3', '/', 'X_3', '-', 'C', '*', 'X_2', ')', '*', 'X_3']","[np.float64(-2.3840176643664277), np.float64(-4.295108387381155), np.float64(-1.9949083283333564), np.float64(-1.1761640137868596), np.float64(-0.9482818675057153), np.float64(1.1282374389508183), np.float64(-0.4742339368837045)]",x = x1*(cos(omega*t)+alpha*cos(omega*t)**2),"['X_0', '*', '(', 'cos', '(', 'X_1', '*', 'X_2', ')', '+', 'X_3', '*', 'cos', '(', 'X_1', '*', 'X_2', ')', '^2', ')']",4,10000,((((C*X_0+(C*X_2)*X_3)+C*X_3)+C)+X_0*X_2)+-1*sin((C*X_1)*X_2-X_3)
I.50.26,0,GRAMS-UCT,RMSE,1.5877612602432245,False,(C+X_1*X_0/X_0*(C))*X_0*X_3*X_2+C,"['(', 'C', '+', 'X_1', '*', 'X_0', '/', 'X_0', '*', '(', 'C', ')', ')', '*', 'X_0', '*', 'X_3', '*', 'X_2', '+', 'C']","[np.float64(-0.005492159269016273), np.float64(0.1221024164164311), np.float64(-0.39061756614169757)]",x = x1*(cos(omega*t)+alpha*cos(omega*t)**2),"['X_0', '*', '(', 'cos', '(', 'X_1', '*', 'X_2', ')', '+', 'X_3', '*', 'cos', '(', 'X_1', '*', 'X_2', ')', '^2', ')']",4,10000,((((C*X_0)*X_1)*X_2)*X_3+((C*X_0)*X_2)*X_3)+C
I.50.26,1,GRAMS-UCT,RMSE,1.5888059908763612,False,X_2*X_0/sqrt(X_0+X_0-C/X_1*C/C)*C*X_1*X_3*cos(X_2+C)-C+X_1*C*C,"['X_2', '*', 'X_0', '/', 'sqrt', '(', 'X_0', '+', 'X_0', '-', 'C', '/', 'X_1', '*', 'C', '/', 'C', ')', '*', 'C', '*', 'X_1', '*', 'X_3', '*', 'cos', '(', 'X_2', '+', 'C', ')', '-', 'C', '+', 'X_1', '*', 'C', '*', 'C']","[np.float64(4.999972846190034), np.float64(4.999972849811935), np.float64(-0.6174469383849959), np.float64(0.5767769025950122), np.float64(4.065114570792308), np.float64(0.000916264342585895), np.float64(-2.851517952021945), np.float64(0.018602683505326782)]",x = x1*(cos(omega*t)+alpha*cos(omega*t)**2),"['X_0', '*', '(', 'cos', '(', 'X_1', '*', 'X_2', ')', '+', 'X_3', '*', 'cos', '(', 'X_1', '*', 'X_2', ')', '^2', ')']",4,10000,((((((C*X_0)*X_1)*X_2)*X_3)*cos(C+X_2))/(C/X_1+2*X_0)^0.5+C*X_1)+C
I.50.26,2,GRAMS-UCT,RMSE,1.597453456642255,False,C-X_0*X_2/C+C-X_0*C+X_3-C+X_0+X_1-C,"['C', '-', 'X_0', '*', 'X_2', '/', 'C', '+', 'C', '-', 'X_0', '*', 'C', '+', 'X_3', '-', 'C', '+', 'X_0', '+', 'X_1', '-', 'C']","[np.float64(-1.0382916303550636), np.float64(-1.8941262404568877), np.float64(-0.4233245579993472), np.float64(1.2570987448920028), np.float64(2.3427596102557326), np.float64(0.2747264293845174)]",x = x1*(cos(omega*t)+alpha*cos(omega*t)**2),"['X_0', '*', '(', 'cos', '(', 'X_1', '*', 'X_2', ')', '+', 'X_3', '*', 'cos', '(', 'X_1', '*', 'X_2', ')', '^2', ')']",4,10000,(((((C*X_0)*X_2+C*X_0)+C)+X_0)+X_1)+X_3
I.50.26,0,MC,N/A,1.591796118337482,False,(exp(C))-(C+C-C/C-((X_0*X_2)*X_3*X_1-X_3)*cos(C/X_3*X_3))/C,"['(', 'exp', '(', 'C', ')', ')', '-', '(', 'C', '+', 'C', '-', 'C', '/', 'C', '-', '(', '(', 'X_0', '*', 'X_2', ')', '*', 'X_3', '*', 'X_1', '-', 'X_3', ')', '*', 'cos', '(', 'C', '/', 'X_3', '*', 'X_3', ')', ')', '/', 'C']","[np.float64(-0.8120846372203819), np.float64(-2.3276813369344804), np.float64(-1.5565191973692667), np.float64(-2.501618801595167), np.float64(3.742336095778334), np.float64(2.2311098316506897), np.float64(-5.0)]",x = x1*(cos(omega*t)+alpha*cos(omega*t)**2),"['X_0', '*', '(', 'cos', '(', 'X_1', '*', 'X_2', ')', '+', 'X_3', '*', 'cos', '(', 'X_1', '*', 'X_2', ')', '^2', ')']",4,10000,((((C*X_0)*X_1)*X_2)*X_3+C*X_3)+C
I.50.26,1,MC,N/A,1.5850760420309757,False,X_1*C+((X_0*(C+X_1+X_1+X_2))*C*sqrt(X_2/C)+X_3),"['X_1', '*', 'C', '+', '(', '(', 'X_0', '*', '(', 'C', '+', 'X_1', '+', 'X_1', '+', 'X_2', ')', ')', '*', 'C', '*', 'sqrt', '(', 'X_2', '/', 'C', ')', '+', 'X_3', ')']","[np.float64(-0.847846696691153), np.float64(-4.705263946758712), np.float64(0.7103724471668155), np.float64(4.959587255175975)]",x = x1*(cos(omega*t)+alpha*cos(omega*t)**2),"['X_0', '*', '(', 'cos', '(', 'X_1', '*', 'X_2', ')', '+', 'X_3', '*', 'cos', '(', 'X_1', '*', 'X_2', ')', '^2', ')']",4,10000,(((((C*X_0)*X_1)*(C*X_2)^0.5+((C*X_0)*X_2)*(C*X_2)^0.5)+(C*X_0)*(C*X_2)^0.5)+C*X_1)+X_3
I.50.26,2,MC,N/A,1.602478771348118,False,((X_1+X_1/X_3)/C*X_2+(X_3-C*X_2)*(sin(C)-X_0-C*X_0/C)*X_2*X_0)-C,"['(', '(', 'X_1', '+', 'X_1', '/', 'X_3', ')', '/', 'C', '*', 'X_2', '+', '(', 'X_3', '-', 'C', '*', 'X_2', ')', '*', '(', 'sin', '(', 'C', ')', '-', 'X_0', '-', 'C', '*', 'X_0', '/', 'C', ')', '*', 'X_2', '*', 'X_0', ')', '-', 'C']","[np.float64(3.4836555749367597), np.float64(0.39460579080075286), np.float64(0.31205355288828296), np.float64(-3.0496752250853727), np.float64(3.026071522904317), np.float64(1.7387922279472392)]",x = x1*(cos(omega*t)+alpha*cos(omega*t)**2),"['X_0', '*', '(', 'cos', '(', 'X_1', '*', 'X_2', ')', '+', 'X_3', '*', 'cos', '(', 'X_1', '*', 'X_2', ')', '^2', ')']",4,10000,((((((((2*C)*X_0^2)*X_2^2+((C*X_0^2)*X_2)*X_3)+(C*X_0)*X_2^2)+((C*X_0)*X_2)*X_3)+(C*X_1)*X_2)+((C*X_1)*X_2)/X_3)+C)+-1*((X_0^2*X_2)*X_3)
I.6.2,0,GRAMS-PUCT,BIC,0.009265061715084814,False,X_0*C+C*(X_1/C/C/X_0+C),"['X_0', '*', 'C', '+', 'C', '*', '(', 'X_1', '/', 'C', '/', 'C', '/', 'X_0', '+', 'C', ')']","[np.float64(-0.06382114715547181), np.float64(-2.059257384649697), np.float64(4.661003711359794), np.float64(3.7291897482231655), np.float64(-0.1795058268485003)]",f = exp(-(theta/sigma)**2/2)/(sqrt(2*pi)*sigma),"['exp', '(', 'u-', '(', '(', 'X_1', '/', 'X_0', ')', '^2', ')', '/', '2', ')', '/', '(', 'sqrt', '(', '2', '*', 'pi', ')', '*', 'X_0', ')']",2,10000,(C*X_0+C)+(C*X_1)/X_0
I.6.2,1,GRAMS-PUCT,BIC,0.00576514671793235,False,(C+C/C*X_1+cos(C)+C/X_1/X_0*X_0*X_0)/X_1*C*C/X_0*(C*X_1/X_0*X_0+X_1+X_0+X_0-X_0),"['(', 'C', '+', 'C', '/', 'C', '*', 'X_1', '+', 'cos', '(', 'C', ')', '+', 'C', '/', 'X_1', '/', 'X_0', '*', 'X_0', '*', 'X_0', ')', '/', 'X_1', '*', 'C', '*', 'C', '/', 'X_0', '*', '(', 'C', '*', 'X_1', '/', 'X_0', '*', 'X_0', '+', 'X_1', '+', 'X_0', '+', 'X_0', '-', 'X_0', ')']","[np.float64(-0.16163560292464102), np.float64(0.05654112191965781), np.float64(-4.257917934381243), np.float64(-3.152338907200817), np.float64(0.3240257864014294), np.float64(0.819408486935896), np.float64(-0.5119284779067952), np.float64(-1.3539201205754734)]",f = exp(-(theta/sigma)**2/2)/(sqrt(2*pi)*sigma),"['exp', '(', 'u-', '(', '(', 'X_1', '/', 'X_0', ')', '^2', ')', '/', '2', ')', '/', '(', 'sqrt', '(', '2', '*', 'pi', ')', '*', 'X_0', ')']",2,10000,((((C*X_0)/X_1^2+C)+(3*C)/X_1)+((2*C)*X_1)/X_0)+(2*C)/X_0
I.6.2,2,GRAMS-PUCT,BIC,0.00465365459790415,False,((X_1/exp(X_1*C/X_0-(C+C/X_0))/X_0)-X_0*X_1*C),"['(', '(', 'X_1', '/', 'exp', '(', 'X_1', '*', 'C', '/', 'X_0', '-', '(', 'C', '+', 'C', '/', 'X_0', ')', ')', '/', 'X_0', ')', '-', 'X_0', '*', 'X_1', '*', 'C', ')']","[np.float64(1.9197590818037118), np.float64(-0.7634379048346582), np.float64(1.3239459952740362), np.float64(0.003187508967624893)]",f = exp(-(theta/sigma)**2/2)/(sqrt(2*pi)*sigma),"['exp', '(', 'u-', '(', '(', 'X_1', '/', 'X_0', ')', '^2', ')', '/', '2', ')', '/', '(', 'sqrt', '(', '2', '*', 'pi', ')', '*', 'X_0', ')']",2,10000,(C*X_0)*X_1+(((C*X_1)*exp(C/X_0))*exp((C*X_1)/X_0))/X_0
I.6.2,0,GRAMS-PUCT,RMSE,0.00845076647744366,False,C-X_1-C*X_0*((X_1)/C+C)+C-(C/X_0)*X_1+X_1,"['C', '-', 'X_1', '-', 'C', '*', 'X_0', '*', '(', '(', 'X_1', ')', '/', 'C', '+', 'C', ')', '+', 'C', '-', '(', 'C', '/', 'X_0', ')', '*', 'X_1', '+', 'X_1']","[np.float64(-2.998595071694902), np.float64(-0.026357708087062774), np.float64(4.956328937930928), np.float64(-3.1592861366493556), np.float64(3.402282151828004), np.float64(0.1334631848442232)]",f = exp(-(theta/sigma)**2/2)/(sqrt(2*pi)*sigma),"['exp', '(', 'u-', '(', '(', 'X_1', '/', 'X_0', ')', '^2', ')', '/', '2', ')', '/', '(', 'sqrt', '(', '2', '*', 'pi', ')', '*', 'X_0', ')']",2,10000,(((C*X_0)*X_1+C*X_0)+C)+(C*X_1)/X_0
I.6.2,1,GRAMS-PUCT,RMSE,0.00846929544811318,False,((C-X_1*C/(X_0/C+C)*X_0-X_1)+X_0*C/C*C+C),"['(', '(', 'C', '-', 'X_1', '*', 'C', '/', '(', 'X_0', '/', 'C', '+', 'C', ')', '*', 'X_0', '-', 'X_1', ')', '+', 'X_0', '*', 'C', '/', 'C', '*', 'C', '+', 'C', ')']","[np.float64(-1.341084643991163), np.float64(-0.9888421630435456), np.float64(1.0328288927146365), np.float64(0.16161185471088618), np.float64(2.924744755196025), np.float64(4.999990585764972), np.float64(-0.13214824132513475), np.float64(1.7351551248597292)]",f = exp(-(theta/sigma)**2/2)/(sqrt(2*pi)*sigma),"['exp', '(', 'u-', '(', '(', 'X_1', '/', 'X_0', ')', '^2', ')', '/', '2', ')', '/', '(', 'sqrt', '(', '2', '*', 'pi', ')', '*', 'X_0', ')']",2,10000,((((C*X_0)*X_1)/(C*X_0+C)+C*X_0)+C)+-1*X_1
I.6.2,2,GRAMS-PUCT,RMSE,0.006105906819694581,False,X_1*C/X_0-cos(C/X_1-C-C+C/(C*X_1+X_0)/(X_1/X_0)),"['X_1', '*', 'C', '/', 'X_0', '-', 'cos', '(', 'C', '/', 'X_1', '-', 'C', '-', 'C', '+', 'C', '/', '(', 'C', '*', 'X_1', '+', 'X_0', ')', '/', '(', 'X_1', '/', 'X_0', ')', ')']","[np.float64(-0.07306224305261479), np.float64(0.4051632310321271), np.float64(-1.8003429917320213), np.float64(0.15533293616428953), np.float64(-0.6767139557229004), np.float64(2.9986371144377566)]",f = exp(-(theta/sigma)**2/2)/(sqrt(2*pi)*sigma),"['exp', '(', 'u-', '(', '(', 'X_1', '/', 'X_0', ')', '^2', ')', '/', '2', ')', '/', '(', 'sqrt', '(', '2', '*', 'pi', ')', '*', 'X_0', ')']",2,10000,(C*X_1)/X_0-cos(((C*X_0)/(C*X_1^2+X_0*X_1)+C)+C/X_1)
I.6.2,0,GRAMS-UCT,BIC,0.007613903453313937,False,C-X_0*X_0*exp(C)+(X_1*C*X_0-C*X_1),"['C', '-', 'X_0', '*', 'X_0', '*', 'exp', '(', 'C', ')', '+', '(', 'X_1', '*', 'C', '*', 'X_0', '-', 'C', '*', 'X_1', ')']","[np.float64(0.3406435975589553), np.float64(-3.756466191246633), np.float64(0.050076328848139985), np.float64(0.1638299550739813)]",f = exp(-(theta/sigma)**2/2)/(sqrt(2*pi)*sigma),"['exp', '(', 'u-', '(', '(', 'X_1', '/', 'X_0', ')', '^2', ')', '/', '2', ')', '/', '(', 'sqrt', '(', '2', '*', 'pi', ')', '*', 'X_0', ')']",2,10000,((C*X_0^2+(C*X_0)*X_1)+C*X_1)+C
I.6.2,1,GRAMS-UCT,BIC,0.0074922183421239075,False,exp(X_1*(C/X_0)/C*C)/X_0+C/(C*X_0),"['exp', '(', 'X_1', '*', '(', 'C', '/', 'X_0', ')', '/', 'C', '*', 'C', ')', '/', 'X_0', '+', 'C', '/', '(', 'C', '*', 'X_0', ')']","[np.float64(-1.024277646057091), np.float64(-2.449858006577173), np.float64(-0.6427273121815806), np.float64(1.537380909492758), np.float64(-2.9284872127301553)]",f = exp(-(theta/sigma)**2/2)/(sqrt(2*pi)*sigma),"['exp', '(', 'u-', '(', '(', 'X_1', '/', 'X_0', ')', '^2', ')', '/', '2', ')', '/', '(', 'sqrt', '(', '2', '*', 'pi', ')', '*', 'X_0', ')']",2,10000,C/X_0+exp((C*X_1)/X_0)/X_0
I.6.2,2,GRAMS-UCT,BIC,0.008754158404950804,False,C+X_1+(C)/X_0+(C*C+X_1/X_0/C/C/X_1/X_0)*X_1-C,"['C', '+', 'X_1', '+', '(', 'C', ')', '/', 'X_0', '+', '(', 'C', '*', 'C', '+', 'X_1', '/', 'X_0', '/', 'C', '/', 'C', '/', 'X_1', '/', 'X_0', ')', '*', 'X_1', '-', 'C']","[np.float64(-0.4659588488752364), np.float64(0.2829209817760595), np.float64(2.5775073572096696), np.float64(-0.3963201119628283), np.float64(4.0030545830703845), np.float64(-1.9594430499950906), np.float64(-0.5505671920493)]",f = exp(-(theta/sigma)**2/2)/(sqrt(2*pi)*sigma),"['exp', '(', 'u-', '(', '(', 'X_1', '/', 'X_0', ')', '^2', ')', '/', '2', ')', '/', '(', 'sqrt', '(', '2', '*', 'pi', ')', '*', 'X_0', ')']",2,10000,(((C*X_1+C)+(C*X_1)/X_0^2)+C/X_0)+X_1
I.6.2,0,GRAMS-UCT,RMSE,0.00716605954877706,False,C-cos(X_0*C)/(X_1/(X_1))*((X_1*C/X_0+X_1*C/C/X_1+C/(X_0*X_1+X_1)))+C-X_1*C,"['C', '-', 'cos', '(', 'X_0', '*', 'C', ')', '/', '(', 'X_1', '/', '(', 'X_1', ')', ')', '*', '(', '(', 'X_1', '*', 'C', '/', 'X_0', '+', 'X_1', '*', 'C', '/', 'C', '/', 'X_1', '+', 'C', '/', '(', 'X_0', '*', 'X_1', '+', 'X_1', ')', ')', ')', '+', 'C', '-', 'X_1', '*', 'C']","[np.float64(0.3953331966908478), np.float64(-2.3466851900544397), np.float64(-0.05204422279509487), np.float64(0.15923062656839052), np.float64(4.287089574004544), np.float64(0.09538351307583405), np.float64(-0.16135960980088992), np.float64(0.05588907979356104)]",f = exp(-(theta/sigma)**2/2)/(sqrt(2*pi)*sigma),"['exp', '(', 'u-', '(', '(', 'X_1', '/', 'X_0', ')', '^2', ')', '/', '2', ')', '/', '(', 'sqrt', '(', '2', '*', 'pi', ')', '*', 'X_0', ')']",2,10000,(((C*X_1+C*cos(C*X_0))+C)+(C*cos(C*X_0))/(X_0*X_1+X_1))+((C*X_1)*cos(C*X_0))/X_0
I.6.2,1,GRAMS-UCT,RMSE,0.0065991781231182715,False,C/X_0*(((C+X_1)*X_0*X_0/X_1)-C/X_1*X_0*C-X_1)-C+(C),"['C', '/', 'X_0', '*', '(', '(', '(', 'C', '+', 'X_1', ')', '*', 'X_0', '*', 'X_0', '/', 'X_1', ')', '-', 'C', '/', 'X_1', '*', 'X_0', '*', 'C', '-', 'X_1', ')', '-', 'C', '+', '(', 'C', ')']","[np.float64(0.05389060257928675), np.float64(-2.6618103414348697), np.float64(3.77384617920591), np.float64(-1.9592219792316188), np.float64(-2.8828520437634304), np.float64(-2.8805734933745466)]",f = exp(-(theta/sigma)**2/2)/(sqrt(2*pi)*sigma),"['exp', '(', 'u-', '(', '(', 'X_1', '/', 'X_0', ')', '^2', ')', '/', '2', ')', '/', '(', 'sqrt', '(', '2', '*', 'pi', ')', '*', 'X_0', ')']",2,10000,(((C*X_0+(C*X_0)/X_1)+C)+C/X_1)+(C*X_1)/X_0
I.6.2,2,GRAMS-UCT,RMSE,0.008097654830421328,False,C/X_0+X_1*sin(sin(C))/X_0-C+C*X_1*X_0+C+C-C+C*X_1,"['C', '/', 'X_0', '+', 'X_1', '*', 'sin', '(', 'sin', '(', 'C', ')', ')', '/', 'X_0', '-', 'C', '+', 'C', '*', 'X_1', '*', 'X_0', '+', 'C', '+', 'C', '-', 'C', '+', 'C', '*', 'X_1']","[np.float64(0.3070982935706751), np.float64(-0.23351945797240373), np.float64(-0.9337111508594199), np.float64(-0.01907807776600372), np.float64(-0.5915908862321678), np.float64(0.8259584943601608), np.float64(1.0970592182005539), np.float64(0.10027628525916706)]",f = exp(-(theta/sigma)**2/2)/(sqrt(2*pi)*sigma),"['exp', '(', 'u-', '(', '(', 'X_1', '/', 'X_0', ')', '^2', ')', '/', '2', ')', '/', '(', 'sqrt', '(', '2', '*', 'pi', ')', '*', 'X_0', ')']",2,10000,((((C*X_0)*X_1+C*X_1)+C)+(C*X_1)/X_0)+C/X_0
I.6.2,0,MC,N/A,0.00926507637085693,False,C+X_0*C+(X_0/X_0/(exp(C)*C*C)+X_0/X_0)+(C)/C-X_1/X_0*C,"['C', '+', 'X_0', '*', 'C', '+', '(', 'X_0', '/', 'X_0', '/', '(', 'exp', '(', 'C', ')', '*', 'C', '*', 'C', ')', '+', 'X_0', '/', 'X_0', ')', '+', '(', 'C', ')', '/', 'C', '-', 'X_1', '/', 'X_0', '*', 'C']","[np.float64(1.6140988736229043), np.float64(-0.06384685894116368), np.float64(-3.9039238594243213), np.float64(-4.712761047140656), np.float64(4.21066685721139), np.float64(0.8155103127050183), np.float64(3.1979626050000367), np.float64(0.11852676436040693)]",f = exp(-(theta/sigma)**2/2)/(sqrt(2*pi)*sigma),"['exp', '(', 'u-', '(', '(', 'X_1', '/', 'X_0', ')', '^2', ')', '/', '2', ')', '/', '(', 'sqrt', '(', '2', '*', 'pi', ')', '*', 'X_0', ')']",2,10000,(C*X_0+C)+(C*X_1)/X_0
I.6.2,1,MC,N/A,0.009265062092448468,False,X_1/(X_0*C/C/C)-(C*X_0+C),"['X_1', '/', '(', 'X_0', '*', 'C', '/', 'C', '/', 'C', ')', '-', '(', 'C', '*', 'X_0', '+', 'C', ')']","[np.float64(-4.7322398745074485), np.float64(-0.14524354345700688), np.float64(-3.859891300635083), np.float64(0.06381619300276098), np.float64(-0.3696368921710051)]",f = exp(-(theta/sigma)**2/2)/(sqrt(2*pi)*sigma),"['exp', '(', 'u-', '(', '(', 'X_1', '/', 'X_0', ')', '^2', ')', '/', '2', ')', '/', '(', 'sqrt', '(', '2', '*', 'pi', ')', '*', 'X_0', ')']",2,10000,(C*X_0+C)+(C*X_1)/X_0
I.6.2,2,MC,N/A,0.005817415649483284,False,C/X_0-(C-C/C*C*X_0/X_1)/X_1,"['C', '/', 'X_0', '-', '(', 'C', '-', 'C', '/', 'C', '*', 'C', '*', 'X_0', '/', 'X_1', ')', '/', 'X_1']","[np.float64(-0.1758270182519494), np.float64(-0.5474701554751807), np.float64(-0.07412387914639663), np.float64(0.4717230778293422), np.float64(0.8797767801028333)]",f = exp(-(theta/sigma)**2/2)/(sqrt(2*pi)*sigma),"['exp', '(', 'u-', '(', '(', 'X_1', '/', 'X_0', ')', '^2', ')', '/', '2', ')', '/', '(', 'sqrt', '(', '2', '*', 'pi', ')', '*', 'X_0', ')']",2,10000,((C*X_0)/X_1^2+C/X_1)+C/X_0
I.6.2a,0,GRAMS-PUCT,BIC,6.057428257632367e-07,False,((exp(C*X_0*X_0-C))),"['(', '(', 'exp', '(', 'C', '*', 'X_0', '*', 'X_0', '-', 'C', ')', ')', ')']","[np.float64(-0.4999964523361394), np.float64(0.9189498004553618)]",f = exp(-theta**2/2)/sqrt(2*pi),"['exp', '(', 'u-', 'X_0', '^2', '/', '2', ')', '/', 'sqrt', '(', '2', '*', 'pi', ')']",1,10000,C*exp(C*X_0^2)
I.6.2a,1,GRAMS-PUCT,BIC,9.033211340924118e-07,False,(C*exp(C/C*X_0*X_0)),"['(', 'C', '*', 'exp', '(', 'C', '/', 'C', '*', 'X_0', '*', 'X_0', ')', ')']","[np.float64(0.39894802503599097), np.float64(-1.5473913088497864), np.float64(3.094723974990638)]",f = exp(-theta**2/2)/sqrt(2*pi),"['exp', '(', 'u-', 'X_0', '^2', '/', '2', ')', '/', 'sqrt', '(', '2', '*', 'pi', ')']",1,10000,C*exp(C*X_0^2)
I.6.2a,2,GRAMS-PUCT,BIC,4.997952100369561e-07,False,X_0/X_0*exp(C+C*C*X_0*X_0),"['X_0', '/', 'X_0', '*', 'exp', '(', 'C', '+', 'C', '*', 'C', '*', 'X_0', '*', 'X_0', ')']","[np.float64(-0.9189420760361268), np.float64(-1.7052403053111647), np.float64(0.2932115602982642)]",f = exp(-theta**2/2)/sqrt(2*pi),"['exp', '(', 'u-', 'X_0', '^2', '/', '2', ')', '/', 'sqrt', '(', '2', '*', 'pi', ')']",1,10000,C*exp(C*X_0^2)
I.6.2a,0,GRAMS-PUCT,RMSE,9.402292291279717e-07,False,exp(C+X_0*X_0/C),"['exp', '(', 'C', '+', 'X_0', '*', 'X_0', '/', 'C', ')']","[np.float64(-0.9189192132552924), np.float64(-1.9999717039939562)]",f = exp(-theta**2/2)/sqrt(2*pi),"['exp', '(', 'u-', 'X_0', '^2', '/', '2', ')', '/', 'sqrt', '(', '2', '*', 'pi', ')']",1,10000,C*exp(C*X_0^2)
I.6.2a,1,GRAMS-PUCT,RMSE,9.723131231821126e-07,False,C/exp(X_0*X_0*C/C),"['C', '/', 'exp', '(', 'X_0', '*', 'X_0', '*', 'C', '/', 'C', ')']","[np.float64(0.3989450061360389), np.float64(1.6886893387274908), np.float64(3.3773285107414663)]",f = exp(-theta**2/2)/sqrt(2*pi),"['exp', '(', 'u-', 'X_0', '^2', '/', '2', ')', '/', 'sqrt', '(', '2', '*', 'pi', ')']",1,10000,C*exp(C*X_0^2)
I.6.2a,2,GRAMS-PUCT,RMSE,3.5751568005776677e-06,False,(X_0-C/exp(X_0*C*X_0)+X_0*C),"['(', 'X_0', '-', 'C', '/', 'exp', '(', 'X_0', '*', 'C', '*', 'X_0', ')', '+', 'X_0', '*', 'C', ')']","[np.float64(-0.39892019667216105), np.float64(0.4999486647768491), np.float64(-1.0000033033537739)]",f = exp(-theta**2/2)/sqrt(2*pi),"['exp', '(', 'u-', 'X_0', '^2', '/', '2', ')', '/', 'sqrt', '(', '2', '*', 'pi', ')']",1,10000,(C*X_0+C*exp(C*X_0^2))+X_0
I.6.2a,0,GRAMS-UCT,BIC,0.00027764157948011615,False,C*(C/C+(C+X_0)*X_0-C)+sin(X_0+C)/(X_0)+(C)/X_0-C-X_0,"['C', '*', '(', 'C', '/', 'C', '+', '(', 'C', '+', 'X_0', ')', '*', 'X_0', '-', 'C', ')', '+', 'sin', '(', 'X_0', '+', 'C', ')', '/', '(', 'X_0', ')', '+', '(', 'C', ')', '/', 'X_0', '-', 'C', '-', 'X_0']","[np.float64(0.0895921070215592), np.float64(-3.1358081300827636), np.float64(1.6642811578978818), np.float64(0.4320547677481441), np.float64(2.2384265107601147), np.float64(-3.2915122527359553), np.float64(-0.4698614911637739), np.float64(-2.7029333830327777)]",f = exp(-theta**2/2)/sqrt(2*pi),"['exp', '(', 'u-', 'X_0', '^2', '/', '2', ')', '/', 'sqrt', '(', '2', '*', 'pi', ')']",1,10000,((((C*X_0^2+C*X_0)+C)+C/X_0)+-1*X_0)+sin(C+X_0)/X_0
I.6.2a,1,GRAMS-UCT,BIC,9.369349660474023e-07,False,C/exp(X_0*X_0*C/C+X_0*C-C-X_0),"['C', '/', 'exp', '(', 'X_0', '*', 'X_0', '*', 'C', '/', 'C', '+', 'X_0', '*', 'C', '-', 'C', '-', 'X_0', ')']","[np.float64(4.997681157292037), np.float64(2.4986521416573977), np.float64(4.996969291278851), np.float64(0.9999264890057937), np.float64(-2.527947219812105)]",f = exp(-theta**2/2)/sqrt(2*pi),"['exp', '(', 'u-', 'X_0', '^2', '/', '2', ')', '/', 'sqrt', '(', '2', '*', 'pi', ')']",1,10000,((C*exp(X_0))*exp(C*X_0))*exp(C*X_0^2)
I.6.2a,2,GRAMS-UCT,BIC,6.041862293499008e-07,False,exp((C-(X_0/C)*X_0)*C),"['exp', '(', '(', 'C', '-', '(', 'X_0', '/', 'C', ')', '*', 'X_0', ')', '*', 'C', ')']","[np.float64(-0.36756537710771475), np.float64(4.999999997367646), np.float64(2.5000321998405686)]",f = exp(-theta**2/2)/sqrt(2*pi),"['exp', '(', 'u-', 'X_0', '^2', '/', '2', ')', '/', 'sqrt', '(', '2', '*', 'pi', ')']",1,10000,C*exp(C*X_0^2)
I.6.2a,0,GRAMS-UCT,RMSE,5.276645429810372e-07,False,exp(C/C+((X_0-X_0*X_0)-C*C/C-C-X_0)-X_0/C*X_0),"['exp', '(', 'C', '/', 'C', '+', '(', '(', 'X_0', '-', 'X_0', '*', 'X_0', ')', '-', 'C', '*', 'C', '/', 'C', '-', 'C', '-', 'X_0', ')', '-', 'X_0', '/', 'C', '*', 'X_0', ')']","[np.float64(4.188126413812081), np.float64(3.83111406406231), np.float64(3.4937592822819754), np.float64(2.561087848516747), np.float64(-4.999999562731108), np.float64(3.801681325995279), np.float64(-2.0000232150845973)]",f = exp(-theta**2/2)/sqrt(2*pi),"['exp', '(', 'u-', 'X_0', '^2', '/', '2', ')', '/', 'sqrt', '(', '2', '*', 'pi', ')']",1,10000,(C*exp(-1*X_0^2))*exp(C*X_0^2)
I.6.2a,1,GRAMS-UCT,RMSE,5.748217866443585e-07,False,exp(C-X_0/C*X_0-C),"['exp', '(', 'C', '-', 'X_0', '/', 'C', '*', 'X_0', '-', 'C', ')']","[np.float64(0.923832551801193), np.float64(1.9999916548827947), np.float64(1.8427724093560351)]",f = exp(-theta**2/2)/sqrt(2*pi),"['exp', '(', 'u-', 'X_0', '^2', '/', '2', ')', '/', 'sqrt', '(', '2', '*', 'pi', ')']",1,10000,C*exp(C*X_0^2)
I.6.2a,2,GRAMS-UCT,RMSE,7.924107797769233e-07,False,exp((X_0/C*C/X_0*X_0*X_0)-C),"['exp', '(', '(', 'X_0', '/', 'C', '*', 'C', '/', 'X_0', '*', 'X_0', '*', 'X_0', ')', '-', 'C', ')']","[np.float64(2.9706140699566896), np.float64(-1.4853331559645293), np.float64(0.9189227082038086)]",f = exp(-theta**2/2)/sqrt(2*pi),"['exp', '(', 'u-', 'X_0', '^2', '/', '2', ')', '/', 'sqrt', '(', '2', '*', 'pi', ')']",1,10000,C*exp(C*X_0^2)
I.6.2a,0,MC,N/A,7.747914154942152e-07,False,exp(X_0*X_0/C+C)/C,"['exp', '(', 'X_0', '*', 'X_0', '/', 'C', '+', 'C', ')', '/', 'C']","[np.float64(-2.0000054486639534), np.float64(-1.6724017274883327), np.float64(0.4707380324158001)]",f = exp(-theta**2/2)/sqrt(2*pi),"['exp', '(', 'u-', 'X_0', '^2', '/', '2', ')', '/', 'sqrt', '(', '2', '*', 'pi', ')']",1,10000,C*exp(C*X_0^2)
I.6.2a,1,MC,N/A,0.00034234582009995315,False,X_0*((C)*X_0+C*C/C-X_0*(C*C/X_0-exp(X_0*(X_0)*X_0/(X_0)*C/X_0)/X_0)/C),"['X_0', '*', '(', '(', 'C', ')', '*', 'X_0', '+', 'C', '*', 'C', '/', 'C', '-', 'X_0', '*', '(', 'C', '*', 'C', '/', 'X_0', '-', 'exp', '(', 'X_0', '*', '(', 'X_0', ')', '*', 'X_0', '/', '(', 'X_0', ')', '*', 'C', '/', 'X_0', ')', '/', 'X_0', ')', '/', 'C', ')']","[np.float64(0.01062012889938741), np.float64(2.1781547348885972), np.float64(-3.2859499388667266), np.float64(-3.4332937419506773), np.float64(-0.580700140214617), np.float64(-2.175195233952712), np.float64(-1.8347001486043621), np.float64(0.5953914505484265)]",f = exp(-theta**2/2)/sqrt(2*pi),"['exp', '(', 'u-', 'X_0', '^2', '/', '2', ')', '/', 'sqrt', '(', '2', '*', 'pi', ')']",1,10000,(C*X_0^2+(C*X_0)*exp(C*X_0))+(2*C)*X_0
I.6.2a,2,MC,N/A,0.0002517406409247341,False,sin(C+C+C/(exp(X_0+cos((C-C*C)-X_0))/C))+C,"['sin', '(', 'C', '+', 'C', '+', 'C', '/', '(', 'exp', '(', 'X_0', '+', 'cos', '(', '(', 'C', '-', 'C', '*', 'C', ')', '-', 'X_0', ')', ')', '/', 'C', ')', ')', '+', 'C']","[np.float64(-4.996071012162614), np.float64(-4.940302213272782), np.float64(-0.8021730122854731), np.float64(4.4901830193602335), np.float64(0.16126003070442665), np.float64(2.702044891869164), np.float64(0.3926857086959772), np.float64(-0.4938245971749577)]",f = exp(-theta**2/2)/sqrt(2*pi),"['exp', '(', 'u-', 'X_0', '^2', '/', '2', ')', '/', 'sqrt', '(', '2', '*', 'pi', ')']",1,10000,C+sin(C+(C*exp(-1*X_0))*exp(-1*cos(C+X_0)))
I.6.2b,0,GRAMS-PUCT,BIC,0.03197526701393571,False,C/(X_0-C*X_1*X_1+C-X_1),"['C', '/', '(', 'X_0', '-', 'C', '*', 'X_1', '*', 'X_1', '+', 'C', '-', 'X_1', ')']","[np.float64(0.4414603332866629), np.float64(-0.2543296743561127), np.float64(1.3120029306504022)]",f = exp(-((theta-theta1)/sigma)**2/2)/(sqrt(2*pi)*sigma),"['exp', '(', 'u-', '(', '(', '(', 'X_1', '-', 'X_2', ')', '/', 'X_0', ')', '^2', ')', '/', '2', ')', '/', '(', 'sqrt', '(', '2', '*', 'pi', ')', '*', 'X_0', ')']",3,10000,C/(((C*X_1^2+C)+X_0)+-1*X_1)
I.6.2b,1,GRAMS-PUCT,BIC,0.02450631619764896,False,C-C/X_0*X_1*C-cos(X_1+sin(C*C))/C/X_2/X_0,"['C', '-', 'C', '/', 'X_0', '*', 'X_1', '*', 'C', '-', 'cos', '(', 'X_1', '+', 'sin', '(', 'C', '*', 'C', ')', ')', '/', 'C', '/', 'X_2', '/', 'X_0']","[np.float64(0.03339017585498704), np.float64(-1.782718889460164), np.float64(0.0820486553817685), np.float64(4.272402188755631), np.float64(-0.10656129180426117), np.float64(-3.174421114280115)]",f = exp(-((theta-theta1)/sigma)**2/2)/(sqrt(2*pi)*sigma),"['exp', '(', 'u-', '(', '(', '(', 'X_1', '-', 'X_2', ')', '/', 'X_0', ')', '^2', ')', '/', '2', ')', '/', '(', 'sqrt', '(', '2', '*', 'pi', ')', '*', 'X_0', ')']",3,10000,(C+(C*cos(C+X_1))/(X_0*X_2))+(C*X_1)/X_0
I.6.2b,2,GRAMS-PUCT,BIC,0.022461657175981326,False,C+C+(X_2/X_0*C*X_0/X_2+X_1*X_0*cos((X_2)/X_1))*(C*exp(sin(X_1/X_2-X_0-C)+(C*C)*X_0)),"['C', '+', 'C', '+', '(', 'X_2', '/', 'X_0', '*', 'C', '*', 'X_0', '/', 'X_2', '+', 'X_1', '*', 'X_0', '*', 'cos', '(', '(', 'X_2', ')', '/', 'X_1', ')', ')', '*', '(', 'C', '*', 'exp', '(', 'sin', '(', 'X_1', '/', 'X_2', '-', 'X_0', '-', 'C', ')', '+', '(', 'C', '*', 'C', ')', '*', 'X_0', ')', ')']","[np.float64(0.3453309824276838), np.float64(-0.214419306330392), np.float64(1.7680671040113054), np.float64(0.6881180022881952), np.float64(-2.982546306684064), np.float64(3.804317794127003), np.float64(-0.620251639989515)]",f = exp(-((theta-theta1)/sigma)**2/2)/(sqrt(2*pi)*sigma),"['exp', '(', 'u-', '(', '(', '(', 'X_1', '-', 'X_2', ')', '/', 'X_0', ')', '^2', ')', '/', '2', ')', '/', '(', 'sqrt', '(', '2', '*', 'pi', ')', '*', 'X_0', ')']",3,10000,(((((C*X_0)*X_1)*exp(C*X_0))*exp(-1*sin((C+X_0)+-1*(X_1/X_2))))*cos(X_2/X_1)+(C*exp(C*X_0))*exp(-1*sin((C+X_0)+-1*(X_1/X_2))))+C
I.6.2b,0,GRAMS-PUCT,RMSE,0.02848036942583911,False,X_0/(sin(X_2-(C)*X_1+C*X_2*C-C*C)+(C-(X_0/C+X_1)*X_0)+X_2/X_0),"['X_0', '/', '(', 'sin', '(', 'X_2', '-', '(', 'C', ')', '*', 'X_1', '+', 'C', '*', 'X_2', '*', 'C', '-', 'C', '*', 'C', ')', '+', '(', 'C', '-', '(', 'X_0', '/', 'C', '+', 'X_1', ')', '*', 'X_0', ')', '+', 'X_2', '/', 'X_0', ')']","[np.float64(1.8355878006812227), np.float64(0.10941248992172928), np.float64(4.717487309607218), np.float64(2.4800101021201653), np.float64(3.1280980661836573), np.float64(0.5613725636951903), np.float64(-0.2915557767417807)]",f = exp(-((theta-theta1)/sigma)**2/2)/(sqrt(2*pi)*sigma),"['exp', '(', 'u-', '(', '(', '(', 'X_1', '-', 'X_2', ')', '/', 'X_0', ')', '^2', ')', '/', '2', ')', '/', '(', 'sqrt', '(', '2', '*', 'pi', ')', '*', 'X_0', ')']",3,10000,X_0/((((C*X_0^2+C)+-1*(X_0*X_1))+-1*sin(((C*X_1+C*X_2)+C)+-1*X_2))+X_2/X_0)
I.6.2b,1,GRAMS-PUCT,RMSE,0.032883901951765854,False,exp(C*X_0-(X_1*(C/X_0)*X_2+X_1-C)*C+C+X_0/X_0+C),"['exp', '(', 'C', '*', 'X_0', '-', '(', 'X_1', '*', '(', 'C', '/', 'X_0', ')', '*', 'X_2', '+', 'X_1', '-', 'C', ')', '*', 'C', '+', 'C', '+', 'X_0', '/', 'X_0', '+', 'C', ')']","[np.float64(-0.38077435891106315), np.float64(-0.816527621878182), np.float64(4.874308228708249), np.float64(0.0604130780195921), np.float64(-1.1733654556525333), np.float64(-1.0160993503877846)]",f = exp(-((theta-theta1)/sigma)**2/2)/(sqrt(2*pi)*sigma),"['exp', '(', 'u-', '(', '(', '(', 'X_1', '-', 'X_2', ')', '/', 'X_0', ')', '^2', ')', '/', '2', ')', '/', '(', 'sqrt', '(', '2', '*', 'pi', ')', '*', 'X_0', ')']",3,10000,((C*exp(C*X_0))*exp(C*X_1))*exp(((C*X_1)*X_2)/X_0)
I.6.2b,2,GRAMS-PUCT,RMSE,0.02758176594373038,False,X_2+cos(C+X_2-X_2)-(X_2-X_1/C+X_2)*C-C*X_0+C/C*X_2*C*X_1,"['X_2', '+', 'cos', '(', 'C', '+', 'X_2', '-', 'X_2', ')', '-', '(', 'X_2', '-', 'X_1', '/', 'C', '+', 'X_2', ')', '*', 'C', '-', 'C', '*', 'X_0', '+', 'C', '/', 'C', '*', 'X_2', '*', 'C', '*', 'X_1']","[np.float64(0.8193194534323907), np.float64(-3.6142310970285068), np.float64(0.5786982414775532), np.float64(0.08421025034854368), np.float64(0.5098015041850996), np.float64(-4.863194969109151), np.float64(-0.7522867951816935)]",f = exp(-((theta-theta1)/sigma)**2/2)/(sqrt(2*pi)*sigma),"['exp', '(', 'u-', '(', '(', '(', 'X_1', '-', 'X_2', ')', '/', 'X_0', ')', '^2', ')', '/', '2', ')', '/', '(', 'sqrt', '(', '2', '*', 'pi', ')', '*', 'X_0', ')']",3,10000,((((C*X_0+(C*X_1)*X_2)+C*X_1)+C*X_2)+C)+X_2
I.6.2b,0,GRAMS-UCT,BIC,0.02593810641717303,False,C*C*X_2*X_1-C*X_2-(X_1)*C-C/X_0-C/C,"['C', '*', 'C', '*', 'X_2', '*', 'X_1', '-', 'C', '*', 'X_2', '-', '(', 'X_1', ')', '*', 'C', '-', 'C', '/', 'X_0', '-', 'C', '/', 'C']","[np.float64(0.02201977304505995), np.float64(2.988549729129212), np.float64(0.13161707103751502), np.float64(0.13209266345514378), np.float64(-0.27908585114931034), np.float64(-1.5283737155171615), np.float64(5.0)]",f = exp(-((theta-theta1)/sigma)**2/2)/(sqrt(2*pi)*sigma),"['exp', '(', 'u-', '(', '(', '(', 'X_1', '-', 'X_2', ')', '/', 'X_0', ')', '^2', ')', '/', '2', ')', '/', '(', 'sqrt', '(', '2', '*', 'pi', ')', '*', 'X_0', ')']",3,10000,((((C*X_1)*X_2+C*X_1)+C*X_2)+C)+C/X_0
I.6.2b,1,GRAMS-UCT,BIC,0.03180300551982047,False,C/C-C/(X_0)*X_2+C*X_2/X_2*X_2*X_2/X_1-(X_0)*C,"['C', '/', 'C', '-', 'C', '/', '(', 'X_0', ')', '*', 'X_2', '+', 'C', '*', 'X_2', '/', 'X_2', '*', 'X_2', '*', 'X_2', '/', 'X_1', '-', '(', 'X_0', ')', '*', 'C']","[np.float64(0.9970804449042766), np.float64(3.708359852474228), np.float64(-0.05627428361136572), np.float64(-0.014212261698057569), np.float64(0.051105797339046966)]",f = exp(-((theta-theta1)/sigma)**2/2)/(sqrt(2*pi)*sigma),"['exp', '(', 'u-', '(', '(', '(', 'X_1', '-', 'X_2', ')', '/', 'X_0', ')', '^2', ')', '/', '2', ')', '/', '(', 'sqrt', '(', '2', '*', 'pi', ')', '*', 'X_0', ')']",3,10000,((C*X_0+C)+(C*X_2^2)/X_1)+(C*X_2)/X_0
I.6.2b,2,GRAMS-UCT,BIC,0.029763104635923205,False,(C*C/X_1)/exp(X_0/X_0)-(X_1)+X_2*X_0*C+X_1-X_1*((C)*C)/X_2-C/C-C,"['(', 'C', '*', 'C', '/', 'X_1', ')', '/', 'exp', '(', 'X_0', '/', 'X_0', ')', '-', '(', 'X_1', ')', '+', 'X_2', '*', 'X_0', '*', 'C', '+', 'X_1', '-', 'X_1', '*', '(', '(', 'C', ')', '*', 'C', ')', '/', 'X_2', '-', 'C', '/', 'C', '-', 'C']","[np.float64(0.41847953854308373), np.float64(-1.5819841444192138), np.float64(-0.03904376465315379), np.float64(1.211654319863008), np.float64(0.11011834970237556), np.float64(-3.85150103973661), np.float64(-4.999997308411601), np.float64(-1.4017926718356537)]",f = exp(-((theta-theta1)/sigma)**2/2)/(sqrt(2*pi)*sigma),"['exp', '(', 'u-', '(', '(', '(', 'X_1', '-', 'X_2', ')', '/', 'X_0', ')', '^2', ')', '/', '2', ')', '/', '(', 'sqrt', '(', '2', '*', 'pi', ')', '*', 'X_0', ')']",3,10000,(((C*X_0)*X_2+(C*X_1)/X_2)+C)+C/X_1
I.6.2b,0,GRAMS-UCT,RMSE,0.030347508355867723,False,C*X_0-sin(X_1/C/C-X_1-X_1-exp(cos(X_2)))*C-C,"['C', '*', 'X_0', '-', 'sin', '(', 'X_1', '/', 'C', '/', 'C', '-', 'X_1', '-', 'X_1', '-', 'exp', '(', 'cos', '(', 'X_2', ')', ')', ')', '*', 'C', '-', 'C']","[np.float64(-0.08412120776440557), np.float64(1.825543324047072), np.float64(-4.334050483678746), np.float64(-0.03139904239592201), np.float64(-0.3521276188433285)]",f = exp(-((theta-theta1)/sigma)**2/2)/(sqrt(2*pi)*sigma),"['exp', '(', 'u-', '(', '(', '(', 'X_1', '-', 'X_2', ')', '/', 'X_0', ')', '^2', ')', '/', '2', ')', '/', '(', 'sqrt', '(', '2', '*', 'pi', ')', '*', 'X_0', ')']",3,10000,(C*X_0+C*sin((C*X_1+2*X_1)+exp(cos(X_2))))+C
I.6.2b,1,GRAMS-UCT,RMSE,0.02516528924480381,False,(C-X_1/X_1-X_1*C+X_1*X_2*sin(C))*(C/X_0*cos(X_2-X_0/X_2/X_2))+C-C-X_0*X_0*C+C,"['(', 'C', '-', 'X_1', '/', 'X_1', '-', 'X_1', '*', 'C', '+', 'X_1', '*', 'X_2', '*', 'sin', '(', 'C', ')', ')', '*', '(', 'C', '/', 'X_0', '*', 'cos', '(', 'X_2', '-', 'X_0', '/', 'X_2', '/', 'X_2', ')', ')', '+', 'C', '-', 'C', '-', 'X_0', '*', 'X_0', '*', 'C', '+', 'C']","[np.float64(4.622878229863375), np.float64(2.4312096349232695), np.float64(0.3045579217434349), np.float64(0.06460195688116153), np.float64(1.384577682093444), np.float64(-2.675477647336484), np.float64(0.021297119812599987), np.float64(-3.7649665887229995)]",f = exp(-((theta-theta1)/sigma)**2/2)/(sqrt(2*pi)*sigma),"['exp', '(', 'u-', '(', '(', '(', 'X_1', '-', 'X_2', ')', '/', 'X_0', ')', '^2', ')', '/', '2', ')', '/', '(', 'sqrt', '(', '2', '*', 'pi', ')', '*', 'X_0', ')']",3,10000,(((C*X_0^2+C)+(((C*X_1)*X_2)*cos(X_0/X_2^2-X_2))/X_0)+((C*X_1)*cos(X_0/X_2^2-X_2))/X_0)+(C*cos(X_0/X_2^2-X_2))/X_0
I.6.2b,2,GRAMS-UCT,RMSE,0.03266442174975532,False,(C+X_2+X_0*(C+C)*C+X_2/C)*X_2/X_0,"['(', 'C', '+', 'X_2', '+', 'X_0', '*', '(', 'C', '+', 'C', ')', '*', 'C', '+', 'X_2', '/', 'C', ')', '*', 'X_2', '/', 'X_0']","[np.float64(0.3418781154374314), np.float64(0.5534406996421689), np.float64(-1.5837265391365964), np.float64(-0.018414615378924245), np.float64(-0.9156464939717144)]",f = exp(-((theta-theta1)/sigma)**2/2)/(sqrt(2*pi)*sigma),"['exp', '(', 'u-', '(', '(', '(', 'X_1', '-', 'X_2', ')', '/', 'X_0', ')', '^2', ')', '/', '2', ')', '/', '(', 'sqrt', '(', '2', '*', 'pi', ')', '*', 'X_0', ')']",3,10000,((C*X_2+(C*X_2^2)/X_0)+(C*X_2)/X_0)+X_2^2/X_0
I.6.2b,0,MC,N/A,0.033074302239715574,False,((C/sqrt(X_0)+C-C*C)+(X_1/X_2*C)),"['(', '(', 'C', '/', 'sqrt', '(', 'X_0', ')', '+', 'C', '-', 'C', '*', 'C', ')', '+', '(', 'X_1', '/', 'X_2', '*', 'C', ')', ')']","[np.float64(0.42973847169621027), np.float64(-2.3334306299229453), np.float64(0.7959772475222807), np.float64(-2.800191883465863), np.float64(-0.013832164067907875)]",f = exp(-((theta-theta1)/sigma)**2/2)/(sqrt(2*pi)*sigma),"['exp', '(', 'u-', '(', '(', '(', 'X_1', '-', 'X_2', ')', '/', 'X_0', ')', '^2', ')', '/', '2', ')', '/', '(', 'sqrt', '(', '2', '*', 'pi', ')', '*', 'X_0', ')']",3,10000,((C*X_1)/X_2+C)+C/X_0^0.5
I.6.2b,1,MC,N/A,0.032783849691043726,False,C/X_0+C-C*X_2-C+sqrt((X_1*X_1))*C*sin(X_1)+C,"['C', '/', 'X_0', '+', 'C', '-', 'C', '*', 'X_2', '-', 'C', '+', 'sqrt', '(', '(', 'X_1', '*', 'X_1', ')', ')', '*', 'C', '*', 'sin', '(', 'X_1', ')', '+', 'C']","[np.float64(0.2792605253482631), np.float64(-2.1782357247637276), np.float64(-0.0005318343400769161), np.float64(-3.1411939123484123), np.float64(0.024775022269152236), np.float64(-0.9573641897889109)]",f = exp(-((theta-theta1)/sigma)**2/2)/(sqrt(2*pi)*sigma),"['exp', '(', 'u-', '(', '(', '(', 'X_1', '-', 'X_2', ')', '/', 'X_0', ')', '^2', ')', '/', '2', ')', '/', '(', 'sqrt', '(', '2', '*', 'pi', ')', '*', 'X_0', ')']",3,10000,((C*X_2+(C*(X_1^2)^0.5)*sin(X_1))+C)+C/X_0
I.6.2b,2,MC,N/A,0.03139819032374453,False,C/X_0-(C-C/C*C*X_1/X_2)/X_2,"['C', '/', 'X_0', '-', '(', 'C', '-', 'C', '/', 'C', '*', 'C', '*', 'X_1', '/', 'X_2', ')', '/', 'X_2']","[np.float64(0.2868465273492397), np.float64(-0.1389391005094381), np.float64(-0.060906624318692995), np.float64(-4.213159036364769), np.float64(-4.090262542834568)]",f = exp(-((theta-theta1)/sigma)**2/2)/(sqrt(2*pi)*sigma),"['exp', '(', 'u-', '(', '(', '(', 'X_1', '-', 'X_2', ')', '/', 'X_0', ')', '^2', ')', '/', '2', ')', '/', '(', 'sqrt', '(', '2', '*', 'pi', ')', '*', 'X_0', ')']",3,10000,((C*X_1)/X_2^2+C/X_2)+C/X_0
I.8.14,0,GRAMS-PUCT,BIC,0.726179099899852,False,(C+C-C*sin((X_1-C-C/((X_0)*C-X_3))-X_0))/C,"['(', 'C', '+', 'C', '-', 'C', '*', 'sin', '(', '(', 'X_1', '-', 'C', '-', 'C', '/', '(', '(', 'X_0', ')', '*', 'C', '-', 'X_3', ')', ')', '-', 'X_0', ')', ')', '/', 'C']","[np.float64(3.38356897022069), np.float64(0.14684606611529613), np.float64(-1.5100712719945737), np.float64(1.2628532571045175), np.float64(-4.404943548119976), np.float64(-4.113521667994959), np.float64(1.517730950277346)]",d = sqrt((x2-x1)**2+(y2-y1)**2),"['sqrt', '(', '(', 'X_1', '-', 'X_0', ')', '^2', '+', '(', 'X_3', '-', 'X_2', ')', '^2', ')']",4,10000,C*sin(((C+C/(C*X_0-X_3))+X_0)+-1*X_1)+C
I.8.14,1,GRAMS-PUCT,BIC,0.8445561143743909,False,X_0*((X_0*X_1/exp(C)-X_0)*C-((C)-X_2))*C*C+X_1,"['X_0', '*', '(', '(', 'X_0', '*', 'X_1', '/', 'exp', '(', 'C', ')', '-', 'X_0', ')', '*', 'C', '-', '(', '(', 'C', ')', '-', 'X_2', ')', ')', '*', 'C', '*', 'C', '+', 'X_1']","[np.float64(1.3611911989371328), np.float64(5.0), np.float64(-5.0), np.float64(-2.1894091559900426), np.float64(0.03205468371818787)]",d = sqrt((x2-x1)**2+(y2-y1)**2),"['sqrt', '(', '(', 'X_1', '-', 'X_0', ')', '^2', '+', '(', 'X_3', '-', 'X_2', ')', '^2', ')']",4,10000,((((C*X_0^2)*X_1+C*X_0^2)+(C*X_0)*X_2)+C*X_0)+X_1
I.8.14,2,GRAMS-PUCT,BIC,0.8497456465284194,False,((C/(C-X_0+X_1)+cos(exp(C*((X_0)+C))/C+X_3/C)*X_1/C)),"['(', '(', 'C', '/', '(', 'C', '-', 'X_0', '+', 'X_1', ')', '+', 'cos', '(', 'exp', '(', 'C', '*', '(', '(', 'X_0', ')', '+', 'C', ')', ')', '/', 'C', '+', 'X_3', '/', 'C', ')', '*', 'X_1', '/', 'C', ')', ')']","[np.float64(5.0), np.float64(4.7012344296993716), np.float64(-0.22332165901737477), np.float64(-4.999939176543523), np.float64(0.9310449710957035), np.float64(5.0), np.float64(-2.249220123502628)]",d = sqrt((x2-x1)**2+(y2-y1)**2),"['sqrt', '(', '(', 'X_1', '-', 'X_0', ')', '^2', '+', '(', 'X_3', '-', 'X_2', ')', '^2', ')']",4,10000,(C*X_1)*cos(C*X_3+C*exp(C*X_0))+C/((C+-1*X_0)+X_1)
I.8.14,0,GRAMS-PUCT,RMSE,0.7274247114963441,False,C-cos(X_3-X_2),"['C', '-', 'cos', '(', 'X_3', '-', 'X_2', ')']",[np.float64(2.2883942209310115)],d = sqrt((x2-x1)**2+(y2-y1)**2),"['sqrt', '(', '(', 'X_1', '-', 'X_0', ')', '^2', '+', '(', 'X_3', '-', 'X_2', ')', '^2', ')']",4,10000,C-cos(X_2-X_3)
I.8.14,1,GRAMS-PUCT,RMSE,0.724089382598216,False,sin(C*X_1-X_0+C)-C+C,"['sin', '(', 'C', '*', 'X_1', '-', 'X_0', '+', 'C', ')', '-', 'C', '+', 'C']","[np.float64(0.8975686183278347), np.float64(5.0), np.float64(2.397021665491846), np.float64(4.726434175124276)]",d = sqrt((x2-x1)**2+(y2-y1)**2),"['sqrt', '(', '(', 'X_1', '-', 'X_0', ')', '^2', '+', '(', 'X_3', '-', 'X_2', ')', '^2', ')']",4,10000,C+sin((C*X_1+C)+-1*X_0)
I.8.14,2,GRAMS-PUCT,RMSE,0.7711168497924729,False,(sin(X_3+C)+(C)+cos(C*((X_1+C)+X_1)/X_0/((sqrt(X_0-C))*C)*(X_0))),"['(', 'sin', '(', 'X_3', '+', 'C', ')', '+', '(', 'C', ')', '+', 'cos', '(', 'C', '*', '(', '(', 'X_1', '+', 'C', ')', '+', 'X_1', ')', '/', 'X_0', '/', '(', '(', 'sqrt', '(', 'X_0', '-', 'C', ')', ')', '*', 'C', ')', '*', '(', 'X_0', ')', ')', ')']","[np.float64(-4.57044297366775), np.float64(3.038435591971296), np.float64(-2.690795974312522), np.float64(1.9418009338206492), np.float64(0.07807985141009638), np.float64(-4.319570357397627)]",d = sqrt((x2-x1)**2+(y2-y1)**2),"['sqrt', '(', '(', 'X_1', '-', 'X_0', ')', '^2', '+', '(', 'X_3', '-', 'X_2', ')', '^2', ')']",4,10000,(C+sin(C+X_3))+cos((C*X_1)/(C+X_0)^0.5+C/(C+X_0)^0.5)
I.8.14,0,GRAMS-UCT,BIC,0.7271742004940794,False,sin(X_3-X_2-C)/C*C+C+C,"['sin', '(', 'X_3', '-', 'X_2', '-', 'C', ')', '/', 'C', '*', 'C', '+', 'C', '+', 'C']","[np.float64(-1.5708278826640478), np.float64(3.964447226702302), np.float64(-3.8551352884657946), np.float64(0.10419571671008278), np.float64(2.17829181595542)]",d = sqrt((x2-x1)**2+(y2-y1)**2),"['sqrt', '(', '(', 'X_1', '-', 'X_0', ')', '^2', '+', '(', 'X_3', '-', 'X_2', ')', '^2', ')']",4,10000,C*sin((C+X_2)+-1*X_3)+C
I.8.14,1,GRAMS-UCT,BIC,0.7882279697096308,False,X_2*X_3*C/X_3/X_3-(C-X_0-X_3*X_3/X_2*C+C*X_3)/C,"['X_2', '*', 'X_3', '*', 'C', '/', 'X_3', '/', 'X_3', '-', '(', 'C', '-', 'X_0', '-', 'X_3', '*', 'X_3', '/', 'X_2', '*', 'C', '+', 'C', '*', 'X_3', ')', '/', 'C']","[np.float64(0.9390532985476623), np.float64(1.20771878593622), np.float64(1.1972742751004959), np.float64(0.6800947918151312), np.float64(5.0)]",d = sqrt((x2-x1)**2+(y2-y1)**2),"['sqrt', '(', '(', 'X_1', '-', 'X_0', ')', '^2', '+', '(', 'X_3', '-', 'X_2', ')', '^2', ')']",4,10000,(((C*X_0+(C*X_2)/X_3)+C*X_3)+C)+(C*X_3^2)/X_2
I.8.14,2,GRAMS-UCT,BIC,0.568890854741635,False,sin(X_2+(exp(C)+C-X_3))-C*C-sin(X_1/X_0),"['sin', '(', 'X_2', '+', '(', 'exp', '(', 'C', ')', '+', 'C', '-', 'X_3', ')', ')', '-', 'C', '*', 'C', '-', 'sin', '(', 'X_1', '/', 'X_0', ')']","[np.float64(3.9136673588982487), np.float64(-1.3876814825082557), np.float64(2.0097640698962547), np.float64(-1.478372795177943)]",d = sqrt((x2-x1)**2+(y2-y1)**2),"['sqrt', '(', '(', 'X_1', '-', 'X_0', ')', '^2', '+', '(', 'X_3', '-', 'X_2', ')', '^2', ')']",4,10000,(C+-1*sin(X_1/X_0))+sin((C+X_2)+-1*X_3)
I.8.14,0,GRAMS-UCT,RMSE,0.7464601563413694,False,sin(X_0+C/X_1)+(C/X_2*(C-X_3/C)/C/X_0-C),"['sin', '(', 'X_0', '+', 'C', '/', 'X_1', ')', '+', '(', 'C', '/', 'X_2', '*', '(', 'C', '-', 'X_3', '/', 'C', ')', '/', 'C', '/', 'X_0', '-', 'C', ')']","[np.float64(4.374674564856713), np.float64(5.0), np.float64(-0.6005718771285755), np.float64(-4.987060999916242), np.float64(1.120454459264659), np.float64(-2.4022564596809652)]",d = sqrt((x2-x1)**2+(y2-y1)**2),"['sqrt', '(', '(', 'X_1', '-', 'X_0', ')', '^2', '+', '(', 'X_3', '-', 'X_2', ')', '^2', ')']",4,10000,(((C*X_3)/(X_0*X_2)+C)+C/(X_0*X_2))+sin(C/X_1+X_0)
I.8.14,1,GRAMS-UCT,RMSE,0.7239338201082097,False,C-sin(C*(X_1/C+C)+X_0),"['C', '-', 'sin', '(', 'C', '*', '(', 'X_1', '/', 'C', '+', 'C', ')', '+', 'X_0', ')']","[np.float64(2.3376564328534033), np.float64(-3.19682275344321), np.float64(3.6479061838445994), np.float64(-0.3794420446147403)]",d = sqrt((x2-x1)**2+(y2-y1)**2),"['sqrt', '(', '(', 'X_1', '-', 'X_0', ')', '^2', '+', '(', 'X_3', '-', 'X_2', ')', '^2', ')']",4,10000,C-sin((C*X_1+C)+X_0)
I.8.14,2,GRAMS-UCT,RMSE,0.7283044423120579,False,C-C*cos(X_1-X_0)-C/X_0-C,"['C', '-', 'C', '*', 'cos', '(', 'X_1', '-', 'X_0', ')', '-', 'C', '/', 'X_0', '-', 'C']","[np.float64(0.2451873918120424), np.float64(0.9662284481534822), np.float64(-0.0585706455820873), np.float64(-2.0138586102926013)]",d = sqrt((x2-x1)**2+(y2-y1)**2),"['sqrt', '(', '(', 'X_1', '-', 'X_0', ')', '^2', '+', '(', 'X_3', '-', 'X_2', ')', '^2', ')']",4,10000,(C*cos(X_0-X_1)+C)+C/X_0
I.8.14,0,MC,N/A,0.7270479254609081,False,sin((X_1-C-C/((X_0)*C-X_3))-X_0)+C,"['sin', '(', '(', 'X_1', '-', 'C', '-', 'C', '/', '(', '(', 'X_0', ')', '*', 'C', '-', 'X_3', ')', ')', '-', 'X_0', ')', '+', 'C']","[np.float64(-4.913895406412398), np.float64(-1.576559551709843), np.float64(-1.6776812981265727), np.float64(2.3085734659178723)]",d = sqrt((x2-x1)**2+(y2-y1)**2),"['sqrt', '(', '(', 'X_1', '-', 'X_0', ')', '^2', '+', '(', 'X_3', '-', 'X_2', ')', '^2', ')']",4,10000,C-sin(((C+C/(C*X_0-X_3))+X_0)+-1*X_1)
I.8.14,1,MC,N/A,0.8454102368292166,False,C*C*X_3/X_2+C/C*(C-X_2+X_3)+C,"['C', '*', 'C', '*', 'X_3', '/', 'X_2', '+', 'C', '/', 'C', '*', '(', 'C', '-', 'X_2', '+', 'X_3', ')', '+', 'C']","[np.float64(-1.3324929937341), np.float64(-1.1818194302003573), np.float64(-3.370165748420903), np.float64(4.931045516894117), np.float64(4.54020571947187), np.float64(3.2837745707836885)]",d = sqrt((x2-x1)**2+(y2-y1)**2),"['sqrt', '(', '(', 'X_1', '-', 'X_0', ')', '^2', '+', '(', 'X_3', '-', 'X_2', ')', '^2', ')']",4,10000,((C*X_2+C*X_3)+C)+(C*X_3)/X_2
I.8.14,2,MC,N/A,0.8041771946975347,False,C*sin((C)/X_2)*cos(sqrt(C)*X_0/X_1+C)+C+C,"['C', '*', 'sin', '(', '(', 'C', ')', '/', 'X_2', ')', '*', 'cos', '(', 'sqrt', '(', 'C', ')', '*', 'X_0', '/', 'X_1', '+', 'C', ')', '+', 'C', '+', 'C']","[np.float64(-1.4465541131097954), np.float64(3.265038839920608), np.float64(2.2883073217657564), np.float64(4.339482756452526), np.float64(0.740893956104008), np.float64(1.9641263590021039)]",d = sqrt((x2-x1)**2+(y2-y1)**2),"['sqrt', '(', '(', 'X_1', '-', 'X_0', ')', '^2', '+', '(', 'X_3', '-', 'X_2', ')', '^2', ')']",4,10000,(C*sin(C/X_2))*cos((C*X_0)/X_1+C)+C
I.9.18,0,GRAMS-PUCT,BIC,0.06911403662830023,False,(C*X_2*((X_1-((C-X_1*C)*X_0/C*(X_8))*C)/(C)+X_8)+X_0*C),"['(', 'C', '*', 'X_2', '*', '(', '(', 'X_1', '-', '(', '(', 'C', '-', 'X_1', '*', 'C', ')', '*', 'X_0', '/', 'C', '*', '(', 'X_8', ')', ')', '*', 'C', ')', '/', '(', 'C', ')', '+', 'X_8', ')', '+', 'X_0', '*', 'C', ')']","[np.float64(-0.051620975162960527), np.float64(-0.8037225885034258), np.float64(0.8281119023561757), np.float64(5.0), np.float64(3.5133356725881635), np.float64(-0.9315299511468703), np.float64(0.005695627213781251)]",F = G*m1*m2/((x2-x1)^2+(y2-y1)^2+(z2-z1)^2),"['X_2', '*', 'X_0', '*', 'X_1', '/', '(', '(', 'X_4', '-', 'X_3', ')', '^2', '+', '(', 'X_6', '-', 'X_5', ')', '^2', '+', '(', 'X_8', '-', 'X_7', ')', '^2', ')']",9,10000,((((((C*X_0)*X_1)*X_2)*X_8+((C*X_0)*X_2)*X_8)+C*X_0)+(C*X_1)*X_2)+(C*X_2)*X_8
I.9.18,1,GRAMS-PUCT,BIC,0.07399504689025789,False,((X_2/C*(X_0*((C*cos((C)/X_1*X_3))-X_8))*C-C/X_1-C)),"['(', '(', 'X_2', '/', 'C', '*', '(', 'X_0', '*', '(', '(', 'C', '*', 'cos', '(', '(', 'C', ')', '/', 'X_1', '*', 'X_3', ')', ')', '-', 'X_8', ')', ')', '*', 'C', '-', 'C', '/', 'X_1', '-', 'C', ')', ')']","[np.float64(-5.0), np.float64(0.08921084111238986), np.float64(-5.0), np.float64(0.352177015114344), np.float64(0.3653919733968255), np.float64(-0.29944152862982537)]",F = G*m1*m2/((x2-x1)^2+(y2-y1)^2+(z2-z1)^2),"['X_2', '*', 'X_0', '*', 'X_1', '/', '(', '(', 'X_4', '-', 'X_3', ')', '^2', '+', '(', 'X_6', '-', 'X_5', ')', '^2', '+', '(', 'X_8', '-', 'X_7', ')', '^2', ')']",9,10000,((((C*X_0)*X_2)*X_8+((C*X_0)*X_2)*cos((C*X_3)/X_1))+C)+C/X_1
I.9.18,2,GRAMS-PUCT,BIC,0.07428198764832605,False,X_5*C*(X_5+X_2/C-X_1+C-(C+((C)-C*X_0)/X_0)),"['X_5', '*', 'C', '*', '(', 'X_5', '+', 'X_2', '/', 'C', '-', 'X_1', '+', 'C', '-', '(', 'C', '+', '(', '(', 'C', ')', '-', 'C', '*', 'X_0', ')', '/', 'X_0', ')', ')']","[np.float64(-0.05179407436171295), np.float64(-0.968601203493049), np.float64(-3.487732510174099), np.float64(-4.9999929996563495), np.float64(-2.056119038453213), np.float64(-4.987264712197362)]",F = G*m1*m2/((x2-x1)^2+(y2-y1)^2+(z2-z1)^2),"['X_2', '*', 'X_0', '*', 'X_1', '/', '(', '(', 'X_4', '-', 'X_3', ')', '^2', '+', '(', 'X_6', '-', 'X_5', ')', '^2', '+', '(', 'X_8', '-', 'X_7', ')', '^2', ')']",9,10000,((((C*X_1)*X_5+(C*X_2)*X_5)+C*X_5^2)+(2*C)*X_5)+(C*X_5)/X_0
I.9.18,0,GRAMS-PUCT,RMSE,0.07303933829544286,False,C-X_4*X_1*X_2/C/C*X_0,"['C', '-', 'X_4', '*', 'X_1', '*', 'X_2', '/', 'C', '/', 'C', '*', 'X_0']","[np.float64(0.03507958168678586), np.float64(-4.410099223218922), np.float64(4.5994405020537386)]",F = G*m1*m2/((x2-x1)^2+(y2-y1)^2+(z2-z1)^2),"['X_2', '*', 'X_0', '*', 'X_1', '/', '(', '(', 'X_4', '-', 'X_3', ')', '^2', '+', '(', 'X_6', '-', 'X_5', ')', '^2', '+', '(', 'X_8', '-', 'X_7', ')', '^2', ')']",9,10000,(((C*X_0)*X_1)*X_2)*X_4+C
I.9.18,1,GRAMS-PUCT,RMSE,0.06612831901123101,False,(C)*C/C*X_2*X_0-C/(X_8-X_7/(X_1)/C)+C,"['(', 'C', ')', '*', 'C', '/', 'C', '*', 'X_2', '*', 'X_0', '-', 'C', '/', '(', 'X_8', '-', 'X_7', '/', '(', 'X_1', ')', '/', 'C', ')', '+', 'C']","[np.float64(1.182117873599216), np.float64(0.5337672747618478), np.float64(4.999029830712265), np.float64(0.7401121325087223), np.float64(0.4494208012460267), np.float64(-0.2084793076619626)]",F = G*m1*m2/((x2-x1)^2+(y2-y1)^2+(z2-z1)^2),"['X_2', '*', 'X_0', '*', 'X_1', '/', '(', '(', 'X_4', '-', 'X_3', ')', '^2', '+', '(', 'X_6', '-', 'X_5', ')', '^2', '+', '(', 'X_8', '-', 'X_7', ')', '^2', ')']",9,10000,((C*X_0)*X_2+C)+C/((C*X_7)/X_1+X_8)
I.9.18,2,GRAMS-PUCT,RMSE,0.0676113503465173,False,(X_5/C*C*X_1*C-C/X_7+(X_0-X_5)-C-X_7/X_5*X_6/C)*C/X_8-X_1*C/X_2+X_8/X_3,"['(', 'X_5', '/', 'C', '*', 'C', '*', 'X_1', '*', 'C', '-', 'C', '/', 'X_7', '+', '(', 'X_0', '-', 'X_5', ')', '-', 'C', '-', 'X_7', '/', 'X_5', '*', 'X_6', '/', 'C', ')', '*', 'C', '/', 'X_8', '-', 'X_1', '*', 'C', '/', 'X_2', '+', 'X_8', '/', 'X_3']","[np.float64(2.9049609554839497), np.float64(0.789632293668113), np.float64(1.8322994658178413), np.float64(-3.3181044187313424), np.float64(1.1035356011675157), np.float64(-4.3383166164969476), np.float64(0.3062321873465713), np.float64(0.3022829337884209)]",F = G*m1*m2/((x2-x1)^2+(y2-y1)^2+(z2-z1)^2),"['X_2', '*', 'X_0', '*', 'X_1', '/', '(', '(', 'X_4', '-', 'X_3', ')', '^2', '+', '(', 'X_6', '-', 'X_5', ')', '^2', '+', '(', 'X_8', '-', 'X_7', ')', '^2', ')']",9,10000,(((((((C*X_0)/X_8+((C*X_1)*X_5)/X_8)+(C*X_1)/X_2)+(C*X_5)/X_8)+((C*X_6)*X_7)/(X_5*X_8))+C/(X_7*X_8))+C/X_8)+X_8/X_3
I.9.18,0,GRAMS-UCT,BIC,0.07120603155080997,False,(exp((X_1*C-C+X_2)/X_4))*C*X_0,"['(', 'exp', '(', '(', 'X_1', '*', 'C', '-', 'C', '+', 'X_2', ')', '/', 'X_4', ')', ')', '*', 'C', '*', 'X_0']","[np.float64(0.9766735009763176), np.float64(3.9413379174091077), np.float64(0.35468956260254203)]",F = G*m1*m2/((x2-x1)^2+(y2-y1)^2+(z2-z1)^2),"['X_2', '*', 'X_0', '*', 'X_1', '/', '(', '(', 'X_4', '-', 'X_3', ')', '^2', '+', '(', 'X_6', '-', 'X_5', ')', '^2', '+', '(', 'X_8', '-', 'X_7', ')', '^2', ')']",9,10000,(((C*X_0)*exp(C/X_4))*exp(X_2/X_4))*exp((C*X_1)/X_4)
I.9.18,1,GRAMS-UCT,BIC,0.07194224067765231,False,(C-((X_7/X_0-X_7-C)-X_1*X_8)*X_2+X_2*X_6)*C,"['(', 'C', '-', '(', '(', 'X_7', '/', 'X_0', '-', 'X_7', '-', 'C', ')', '-', 'X_1', '*', 'X_8', ')', '*', 'X_2', '+', 'X_2', '*', 'X_6', ')', '*', 'C']","[np.float64(-0.020408518254746055), np.float64(-1.8168179760357464), np.float64(0.0635962347076422)]",F = G*m1*m2/((x2-x1)^2+(y2-y1)^2+(z2-z1)^2),"['X_2', '*', 'X_0', '*', 'X_1', '/', '(', '(', 'X_4', '-', 'X_3', ')', '^2', '+', '(', 'X_6', '-', 'X_5', ')', '^2', '+', '(', 'X_8', '-', 'X_7', ')', '^2', ')']",9,10000,((((((C*X_1)*X_2)*X_8+(C*X_2)*X_6)+(C*X_2)*X_7)+C*X_2)+C)+((C*X_2)*X_7)/X_0
I.9.18,2,GRAMS-UCT,BIC,0.07403693493253043,False,X_1*X_8/C/X_3*X_2*C*(X_0*X_3),"['X_1', '*', 'X_8', '/', 'C', '/', 'X_3', '*', 'X_2', '*', 'C', '*', '(', 'X_0', '*', 'X_3', ')']","[np.float64(-5.0), np.float64(-0.2777757744889409)]",F = G*m1*m2/((x2-x1)^2+(y2-y1)^2+(z2-z1)^2),"['X_2', '*', 'X_0', '*', 'X_1', '/', '(', '(', 'X_4', '-', 'X_3', ')', '^2', '+', '(', 'X_6', '-', 'X_5', ')', '^2', '+', '(', 'X_8', '-', 'X_7', ')', '^2', ')']",9,10000,(((C*X_0)*X_1)*X_2)*X_8
I.9.18,0,GRAMS-UCT,RMSE,0.06753558809895666,False,C*X_4/X_4*X_1/X_7*C*X_2*C*(C+(X_3/X_2/C*(C)-X_5/X_2-X_5)/C+X_0),"['C', '*', 'X_4', '/', 'X_4', '*', 'X_1', '/', 'X_7', '*', 'C', '*', 'X_2', '*', 'C', '*', '(', 'C', '+', '(', 'X_3', '/', 'X_2', '/', 'C', '*', '(', 'C', ')', '-', 'X_5', '/', 'X_2', '-', 'X_5', ')', '/', 'C', '+', 'X_0', ')']","[np.float64(-3.066629880704109), np.float64(-0.06697918269922398), np.float64(1.1470569318382275), np.float64(2.055554738588484), np.float64(4.882148308049691), np.float64(-2.9599858777449772), np.float64(4.227170339008578)]",F = G*m1*m2/((x2-x1)^2+(y2-y1)^2+(z2-z1)^2),"['X_2', '*', 'X_0', '*', 'X_1', '/', '(', '(', 'X_4', '-', 'X_3', ')', '^2', '+', '(', 'X_6', '-', 'X_5', ')', '^2', '+', '(', 'X_8', '-', 'X_7', ')', '^2', ')']",9,10000,((((((C*X_0)*X_1)*X_2)/X_7+(((C*X_1)*X_2)*X_5)/X_7)+((C*X_1)*X_2)/X_7)+((C*X_1)*X_3)/X_7)+((C*X_1)*X_5)/X_7
I.9.18,1,GRAMS-UCT,RMSE,0.07490817978310646,False,X_3*C/C*(X_0-C/X_2+(X_0+(C/X_1))/C)-C+C,"['X_3', '*', 'C', '/', 'C', '*', '(', 'X_0', '-', 'C', '/', 'X_2', '+', '(', 'X_0', '+', '(', 'C', '/', 'X_1', ')', ')', '/', 'C', ')', '-', 'C', '+', 'C']","[np.float64(-0.020416283510125918), np.float64(0.9119203094540456), np.float64(-4.999999954901825), np.float64(-1.5248160288243786), np.float64(-0.3037382322205579), np.float64(-2.8322031698820678), np.float64(-2.2722777135960315)]",F = G*m1*m2/((x2-x1)^2+(y2-y1)^2+(z2-z1)^2),"['X_2', '*', 'X_0', '*', 'X_1', '/', '(', '(', 'X_4', '-', 'X_3', ')', '^2', '+', '(', 'X_6', '-', 'X_5', ')', '^2', '+', '(', 'X_8', '-', 'X_7', ')', '^2', ')']",9,10000,((((2*C)*X_0)*X_3+C)+(C*X_3)/X_2)+(C*X_3)/X_1
I.9.18,2,GRAMS-UCT,RMSE,0.07420142256462003,False,X_4/C*X_1*(C-C)/C/C*X_2/C*X_0,"['X_4', '/', 'C', '*', 'X_1', '*', '(', 'C', '-', 'C', ')', '/', 'C', '/', 'C', '*', 'X_2', '/', 'C', '*', 'X_0']","[np.float64(-4.890733318824772), np.float64(-0.8672188896715439), np.float64(4.2472088717921075), np.float64(3.224714730482472), np.float64(-2.5539272516367064), np.float64(-2.294698261678165)]",F = G*m1*m2/((x2-x1)^2+(y2-y1)^2+(z2-z1)^2),"['X_2', '*', 'X_0', '*', 'X_1', '/', '(', '(', 'X_4', '-', 'X_3', ')', '^2', '+', '(', 'X_6', '-', 'X_5', ')', '^2', '+', '(', 'X_8', '-', 'X_7', ')', '^2', ')']",9,10000,(((C*X_0)*X_1)*X_2)*X_4
I.9.18,0,MC,N/A,0.06655440552268106,False,C-C/X_0-C*X_2*X_1-C/X_3+C/X_5,"['C', '-', 'C', '/', 'X_0', '-', 'C', '*', 'X_2', '*', 'X_1', '-', 'C', '/', 'X_3', '+', 'C', '/', 'X_5']","[np.float64(-0.392334391277819), np.float64(0.3819757928054793), np.float64(-0.1263165919045953), np.float64(-1.1273062522913673), np.float64(1.1604024136333444)]",F = G*m1*m2/((x2-x1)^2+(y2-y1)^2+(z2-z1)^2),"['X_2', '*', 'X_0', '*', 'X_1', '/', '(', '(', 'X_4', '-', 'X_3', ')', '^2', '+', '(', 'X_6', '-', 'X_5', ')', '^2', '+', '(', 'X_8', '-', 'X_7', ')', '^2', ')']",9,10000,((((C*X_1)*X_2+C)+C/X_5)+C/X_3)+C/X_0
I.9.18,1,MC,N/A,0.07492250580854545,False,sin(C)/C*X_1*X_2/cos(C)*X_0,"['sin', '(', 'C', ')', '/', 'C', '*', 'X_1', '*', 'X_2', '/', 'cos', '(', 'C', ')', '*', 'X_0']","[np.float64(3.4492642984717237), np.float64(-3.5899183648443076), np.float64(0.016844987948875845)]",F = G*m1*m2/((x2-x1)^2+(y2-y1)^2+(z2-z1)^2),"['X_2', '*', 'X_0', '*', 'X_1', '/', '(', '(', 'X_4', '-', 'X_3', ')', '^2', '+', '(', 'X_6', '-', 'X_5', ')', '^2', '+', '(', 'X_8', '-', 'X_7', ')', '^2', ')']",9,10000,((C*X_0)*X_1)*X_2
I.9.18,2,MC,N/A,0.05954825795438021,False,C+C/X_6+exp(X_7/X_1/(X_2-X_0*C*X_2)*X_3),"['C', '+', 'C', '/', 'X_6', '+', 'exp', '(', 'X_7', '/', 'X_1', '/', '(', 'X_2', '-', 'X_0', '*', 'C', '*', 'X_2', ')', '*', 'X_3', ')']","[np.float64(0.26264443987101393), np.float64(-0.1936100840526814), np.float64(2.6118321132572273)]",F = G*m1*m2/((x2-x1)^2+(y2-y1)^2+(z2-z1)^2),"['X_2', '*', 'X_0', '*', 'X_1', '/', '(', '(', 'X_4', '-', 'X_3', ')', '^2', '+', '(', 'X_6', '-', 'X_5', ')', '^2', '+', '(', 'X_8', '-', 'X_7', ')', '^2', ')']",9,10000,(C+C/X_6)+exp((X_3*X_7)/(((C*X_0)*X_1)*X_2+X_1*X_2))
II.10.9,0,GRAMS-PUCT,BIC,3.1452880408246655e-09,True,((X_0/X_1/(C-X_2/X_2+C+X_2))),"['(', '(', 'X_0', '/', 'X_1', '/', '(', 'C', '-', 'X_2', '/', 'X_2', '+', 'C', '+', 'X_2', ')', ')', ')']","[np.float64(-0.034995405418207885), np.float64(2.0349953839614816)]",Ef = sigma_den/epsilon*1/(1+chi),"['(', 'X_0', '/', 'X_1', ')', '*', '1', '/', '(', '1', '+', 'X_2', ')']",3,8153,X_0/(C*X_1+X_1*X_2)
II.10.9,1,GRAMS-PUCT,BIC,0.02375933616353518,False,(exp(cos(C+C*X_0)+X_2/(C))/X_1),"['(', 'exp', '(', 'cos', '(', 'C', '+', 'C', '*', 'X_0', ')', '+', 'X_2', '/', '(', 'C', ')', ')', '/', 'X_1', ')']","[np.float64(-3.8957594926543884), np.float64(-0.4730159450538385), np.float64(-3.701619790228523)]",Ef = sigma_den/epsilon*1/(1+chi),"['(', 'X_0', '/', 'X_1', ')', '*', '1', '/', '(', '1', '+', 'X_2', ')']",3,10000,(exp(C*X_2)*exp(cos(C*X_0+C)))/X_1
II.10.9,2,GRAMS-PUCT,BIC,4.540041446981815e-17,True,(X_0/X_2)/(X_1+X_1/X_2),"['(', 'X_0', '/', 'X_2', ')', '/', '(', 'X_1', '+', 'X_1', '/', 'X_2', ')']",[],Ef = sigma_den/epsilon*1/(1+chi),"['(', 'X_0', '/', 'X_1', ')', '*', '1', '/', '(', '1', '+', 'X_2', ')']",3,7863,X_0/(X_1*X_2+X_1)
II.10.9,0,GRAMS-PUCT,RMSE,0.038125622133292375,False,(C/((X_2)/C*X_1*C*(C-C-sin(X_2))/X_0)),"['(', 'C', '/', '(', '(', 'X_2', ')', '/', 'C', '*', 'X_1', '*', 'C', '*', '(', 'C', '-', 'C', '-', 'sin', '(', 'X_2', ')', ')', '/', 'X_0', ')', ')']","[np.float64(4.466209417665647), np.float64(-1.8090750290549562), np.float64(2.0790152074487858), np.float64(-3.740693938095391), np.float64(1.7731430406048232)]",Ef = sigma_den/epsilon*1/(1+chi),"['(', 'X_0', '/', 'X_1', ')', '*', '1', '/', '(', '1', '+', 'X_2', ')']",3,10000,(C*X_0)/((C*X_1)*X_2-(X_1*X_2)*sin(X_2))
II.10.9,1,GRAMS-PUCT,RMSE,0.02791852577964741,False,C+(X_0/X_1/X_2*(C-X_2*C*X_2-C)+C),"['C', '+', '(', 'X_0', '/', 'X_1', '/', 'X_2', '*', '(', 'C', '-', 'X_2', '*', 'C', '*', 'X_2', '-', 'C', ')', '+', 'C', ')']","[np.float64(-1.8777672186885193), np.float64(-3.8251304634249736), np.float64(-0.01590182334775209), np.float64(-4.377516517759534), np.float64(1.883558918692697)]",Ef = sigma_den/epsilon*1/(1+chi),"['(', 'X_0', '/', 'X_1', ')', '*', '1', '/', '(', '1', '+', 'X_2', ')']",3,10000,((C*X_0)/(X_1*X_2)+((C*X_0)*X_2)/X_1)+C
II.10.9,2,GRAMS-PUCT,RMSE,0.020871439948039004,False,(C/X_1/exp(cos(sin(C)+C-X_0/C)+X_2/C)),"['(', 'C', '/', 'X_1', '/', 'exp', '(', 'cos', '(', 'sin', '(', 'C', ')', '+', 'C', '-', 'X_0', '/', 'C', ')', '+', 'X_2', '/', 'C', ')', ')']","[np.float64(1.1103574955187434), np.float64(1.7197469807975134), np.float64(-0.2258110087350585), np.float64(-2.270062912284608), np.float64(3.4666333550742867)]",Ef = sigma_den/epsilon*1/(1+chi),"['(', 'X_0', '/', 'X_1', ')', '*', '1', '/', '(', '1', '+', 'X_2', ')']",3,10000,((C*exp(C*X_2))*exp(-1*cos(C*X_0+C)))/X_1
II.10.9,0,GRAMS-UCT,BIC,0.017001228461330755,False,C/X_2*X_0/X_1+C*X_0/X_1*C,"['C', '/', 'X_2', '*', 'X_0', '/', 'X_1', '+', 'C', '*', 'X_0', '/', 'X_1', '*', 'C']","[np.float64(0.4497185074280598), np.float64(0.01879599316144819), np.float64(4.997780536050527)]",Ef = sigma_den/epsilon*1/(1+chi),"['(', 'X_0', '/', 'X_1', ')', '*', '1', '/', '(', '1', '+', 'X_2', ')']",3,10000,(C*X_0)/(X_1*X_2)+(C*X_0)/X_1
II.10.9,1,GRAMS-UCT,BIC,6.736314122579366e-07,False,C/X_2*X_0*X_2/((C+X_2/(C))*X_1),"['C', '/', 'X_2', '*', 'X_0', '*', 'X_2', '/', '(', '(', 'C', '+', 'X_2', '/', '(', 'C', ')', ')', '*', 'X_1', ')']","[np.float64(1.5281530359096442), np.float64(1.5281377203250626), np.float64(0.654382321392764)]",Ef = sigma_den/epsilon*1/(1+chi),"['(', 'X_0', '/', 'X_1', ')', '*', '1', '/', '(', '1', '+', 'X_2', ')']",3,10000,(C*X_0)/((C*X_1)*X_2+C*X_1)
II.10.9,2,GRAMS-UCT,BIC,0.034788504253969545,False,X_0*C/C*C*exp(C+X_1*C/X_1*X_0/X_2/X_0)/C/X_1,"['X_0', '*', 'C', '/', 'C', '*', 'C', '*', 'exp', '(', 'C', '+', 'X_1', '*', 'C', '/', 'X_1', '*', 'X_0', '/', 'X_2', '/', 'X_0', ')', '/', 'C', '/', 'X_1']","[np.float64(5.0), np.float64(-4.59580882961873), np.float64(3.924724099995151), np.float64(-1.7717713302866098), np.float64(1.3063352488036466), np.float64(-4.609793280497603)]",Ef = sigma_den/epsilon*1/(1+chi),"['(', 'X_0', '/', 'X_1', ')', '*', '1', '/', '(', '1', '+', 'X_2', ')']",3,10000,((C*X_0)*exp(C/X_2))/X_1
II.10.9,0,GRAMS-UCT,RMSE,0.0348415666063984,False,C/X_2/(cos(X_2/C))*(sin(X_0/C/X_1*C))/X_2*X_2,"['C', '/', 'X_2', '/', '(', 'cos', '(', 'X_2', '/', 'C', ')', ')', '*', '(', 'sin', '(', 'X_0', '/', 'C', '/', 'X_1', '*', 'C', ')', ')', '/', 'X_2', '*', 'X_2']","[np.float64(5.0), np.float64(5.0), np.float64(-4.999999942431664), np.float64(-0.5756835568246773)]",Ef = sigma_den/epsilon*1/(1+chi),"['(', 'X_0', '/', 'X_1', ')', '*', '1', '/', '(', '1', '+', 'X_2', ')']",3,10000,(C*sin((C*X_0)/X_1))/(X_2*cos(C*X_2))
II.10.9,1,GRAMS-UCT,RMSE,0.017876100264732856,False,C+C*C+C+C*(exp(X_2*(C))/C)*X_0/X_1,"['C', '+', 'C', '*', 'C', '+', 'C', '+', 'C', '*', '(', 'exp', '(', 'X_2', '*', '(', 'C', ')', ')', '/', 'C', ')', '*', 'X_0', '/', 'X_1']","[np.float64(0.8854117097568217), np.float64(2.073646801504387), np.float64(1.246778079364776), np.float64(-3.46793616288741), np.float64(0.6143481184929911), np.float64(-0.2901391543900076), np.float64(0.9991236611205544)]",Ef = sigma_den/epsilon*1/(1+chi),"['(', 'X_0', '/', 'X_1', ')', '*', '1', '/', '(', '1', '+', 'X_2', ')']",3,10000,((C*X_0)*exp(C*X_2))/X_1+C
II.10.9,2,GRAMS-UCT,RMSE,5.420861235746945e-07,False,C/X_1*X_0*C/(X_2+C/C/C*C),"['C', '/', 'X_1', '*', 'X_0', '*', 'C', '/', '(', 'X_2', '+', 'C', '/', 'C', '/', 'C', '*', 'C', ')']","[np.float64(-2.7719703005786496), np.float64(-0.36075564200714877), np.float64(2.7781689240572285), np.float64(-4.099976326783697), np.float64(-2.628106890774828), np.float64(3.878551302194389)]",Ef = sigma_den/epsilon*1/(1+chi),"['(', 'X_0', '/', 'X_1', ')', '*', '1', '/', '(', '1', '+', 'X_2', ')']",3,10000,(C*X_0)/(C*X_1+X_1*X_2)
II.10.9,0,MC,N/A,0.03929478374005014,False,C*exp(C*sqrt(C-C+X_1+(X_2/X_0/C-(C)))-cos((C+X_1*C)/X_1)),"['C', '*', 'exp', '(', 'C', '*', 'sqrt', '(', 'C', '-', 'C', '+', 'X_1', '+', '(', 'X_2', '/', 'X_0', '/', 'C', '-', '(', 'C', ')', ')', ')', '-', 'cos', '(', '(', 'C', '+', 'X_1', '*', 'C', ')', '/', 'X_1', ')', ')']","[np.float64(1.643135001472053), np.float64(-0.4255195428422743), np.float64(-1.37717511344313), np.float64(1.0124877296810562), np.float64(0.05114970756363126), np.float64(-0.0688727341441176), np.float64(-2.100283516170012), np.float64(-0.9038622698540131)]",Ef = sigma_den/epsilon*1/(1+chi),"['(', 'X_0', '/', 'X_1', ')', '*', '1', '/', '(', '1', '+', 'X_2', ')']",3,10000,(C*exp(C*((C+(C*X_2)/X_0)+X_1)^0.5))*exp(-1*cos(C+C/X_1))
II.10.9,1,MC,N/A,0.05173617144823701,False,(C*(X_1/X_1/X_1/X_1)*X_1/X_2*X_0/C-C/C)-C,"['(', 'C', '*', '(', 'X_1', '/', 'X_1', '/', 'X_1', '/', 'X_1', ')', '*', 'X_1', '/', 'X_2', '*', 'X_0', '/', 'C', '-', 'C', '/', 'C', ')', '-', 'C']","[np.float64(-2.886422423705417), np.float64(-4.984131452432431), np.float64(0.015478827213724183), np.float64(-4.043152391576455), np.float64(-0.04608704465508281)]",Ef = sigma_den/epsilon*1/(1+chi),"['(', 'X_0', '/', 'X_1', ')', '*', '1', '/', '(', '1', '+', 'X_2', ')']",3,10000,(C*X_0)/(X_1*X_2)+C
II.10.9,2,MC,N/A,0.04743874752998688,False,(C*C-(C/(X_2)*C*X_2/X_2*C)-C*X_0)/X_1/C,"['(', 'C', '*', 'C', '-', '(', 'C', '/', '(', 'X_2', ')', '*', 'C', '*', 'X_2', '/', 'X_2', '*', 'C', ')', '-', 'C', '*', 'X_0', ')', '/', 'X_1', '/', 'C']","[np.float64(1.2623730888513534), np.float64(2.0155385529472936), np.float64(0.4808441679121215), np.float64(-4.459476541724444), np.float64(-2.9952199733772282), np.float64(1.2755324854456713), np.float64(-4.666299623076102)]",Ef = sigma_den/epsilon*1/(1+chi),"['(', 'X_0', '/', 'X_1', ')', '*', '1', '/', '(', '1', '+', 'X_2', ')']",3,10000,((C*X_0)/X_1+C/(X_1*X_2))+C/X_1
II.11.20,0,GRAMS-PUCT,BIC,3.51135625572355,False,X_4+X_1/X_3/(C-C/X_0-(X_4-C+X_0+X_0*exp(C/(X_3*X_0/X_1)*X_3-X_4)/X_4*X_0*C)/(X_3*C/C-C+X_4))*X_2,"['X_4', '+', 'X_1', '/', 'X_3', '/', '(', 'C', '-', 'C', '/', 'X_0', '-', '(', 'X_4', '-', 'C', '+', 'X_0', '+', 'X_0', '*', 'exp', '(', 'C', '/', '(', 'X_3', '*', 'X_0', '/', 'X_1', ')', '*', 'X_3', '-', 'X_4', ')', '/', 'X_4', '*', 'X_0', '*', 'C', ')', '/', '(', 'X_3', '*', 'C', '/', 'C', '-', 'C', '+', 'X_4', ')', ')', '*', 'X_2']","[np.float64(-1.1726459959929292), np.float64(-5.0), np.float64(4.839634404224927), np.float64(-5.0), np.float64(3.501831784845494), np.float64(0.3517076545677397), np.float64(-3.590068925863491), np.float64(5.0)]",Pol = n_rho*p_d^2*Ef/(3*kb*T),"['X_0', '*', 'X_1', '^2', '*', 'X_2', '/', '(', '3', '*', 'X_3', '*', 'X_4', ')']",5,10000,(X_1*X_2)/((((((((C*X_0^2)*X_3)*exp((C*X_1)/X_0))/((((C*X_3)*X_4)*exp(X_4)+(C*X_4)*exp(X_4))+X_4^2*exp(X_4))+C*X_3)+(C*X_3)/((C*X_3+C)+X_4))+(C*X_3)/X_0)+-1*((X_0*X_3)/((C*X_3+C)+X_4)))+-1*((X_3*X_4)/((C*X_3+C)+X_4)))+X_4
II.11.20,1,GRAMS-PUCT,BIC,3.75195921655039,False,((X_2*X_0/X_3/C*X_1*C/(C*C)*C*X_1)),"['(', '(', 'X_2', '*', 'X_0', '/', 'X_3', '/', 'C', '*', 'X_1', '*', 'C', '/', '(', 'C', '*', 'C', ')', '*', 'C', '*', 'X_1', ')', ')']","[np.float64(4.999874229995427), np.float64(-4.246288913257089), np.float64(-4.999863513482733), np.float64(4.997740142184133), np.float64(3.984906689866099)]",Pol = n_rho*p_d^2*Ef/(3*kb*T),"['X_0', '*', 'X_1', '^2', '*', 'X_2', '/', '(', '3', '*', 'X_3', '*', 'X_4', ')']",5,10000,(((C*X_0)*X_1^2)*X_2)/X_3
II.11.20,2,GRAMS-PUCT,BIC,4.095863954761931,False,(C/C/X_3*X_1/X_4-(X_1*((C/X_0+(X_4*C)))/(C)-C*C)+X_1/X_4/C),"['(', 'C', '/', 'C', '/', 'X_3', '*', 'X_1', '/', 'X_4', '-', '(', 'X_1', '*', '(', '(', 'C', '/', 'X_0', '+', '(', 'X_4', '*', 'C', ')', ')', ')', '/', '(', 'C', ')', '-', 'C', '*', 'C', ')', '+', 'X_1', '/', 'X_4', '/', 'C', ')']","[np.float64(4.999058664147982), np.float64(0.35220609885185655), np.float64(-5.0), np.float64(0.6987996868283742), np.float64(-2.093134445977379), np.float64(1.8073526398067636), np.float64(-0.994207656067612), np.float64(-5.0)]",Pol = n_rho*p_d^2*Ef/(3*kb*T),"['X_0', '*', 'X_1', '^2', '*', 'X_2', '/', '(', '3', '*', 'X_3', '*', 'X_4', ')']",5,10000,((((C*X_1)*X_4+(C*X_1)/(X_3*X_4))+(C*X_1)/X_4)+C)+(C*X_1)/X_0
II.11.20,0,GRAMS-PUCT,RMSE,3.619465323508512,False,C-X_2*C*((sin(X_4+C/(C*X_0*C-X_2-sqrt(X_4/X_0+sqrt(X_4))))+C/X_2*X_4)+X_1/X_3)*X_0,"['C', '-', 'X_2', '*', 'C', '*', '(', '(', 'sin', '(', 'X_4', '+', 'C', '/', '(', 'C', '*', 'X_0', '*', 'C', '-', 'X_2', '-', 'sqrt', '(', 'X_4', '/', 'X_0', '+', 'sqrt', '(', 'X_4', ')', ')', ')', ')', '+', 'C', '/', 'X_2', '*', 'X_4', ')', '+', 'X_1', '/', 'X_3', ')', '*', 'X_0']","[np.float64(-0.8763942913348551), np.float64(-0.45906301452895143), np.float64(4.949094130729057), np.float64(2.925702175784346), np.float64(2.5618594988665473), np.float64(0.30078764924746565)]",Pol = n_rho*p_d^2*Ef/(3*kb*T),"['X_0', '*', 'X_1', '^2', '*', 'X_2', '/', '(', '3', '*', 'X_3', '*', 'X_4', ')']",5,10000,(((((C*X_0)*X_1)*X_2)/X_3+((C*X_0)*X_2)*sin(C/((C*X_0+-1*X_2)+-1*(X_4^0.5+X_4/X_0)^0.5)+X_4))+(C*X_0)*X_4)+C
II.11.20,1,GRAMS-PUCT,RMSE,2.5902333544419784,False,C-(X_0*X_1/X_3/(C-X_4*C*X_0)*X_2),"['C', '-', '(', 'X_0', '*', 'X_1', '/', 'X_3', '/', '(', 'C', '-', 'X_4', '*', 'C', '*', 'X_0', ')', '*', 'X_2', ')']","[np.float64(-2.1163192106384594), np.float64(-0.5249384766997112), np.float64(0.11700336165514248)]",Pol = n_rho*p_d^2*Ef/(3*kb*T),"['X_0', '*', 'X_1', '^2', '*', 'X_2', '/', '(', '3', '*', 'X_3', '*', 'X_4', ')']",5,10000,C-((X_0*X_1)*X_2)/(((C*X_0)*X_3)*X_4+C*X_3)
II.11.20,2,GRAMS-PUCT,RMSE,3.8090106311104717,False,X_0*C/X_3*exp(X_1/C)*X_2+C,"['X_0', '*', 'C', '/', 'X_3', '*', 'exp', '(', 'X_1', '/', 'C', ')', '*', 'X_2', '+', 'C']","[np.float64(0.23853890641635117), np.float64(1.8359143112921252), np.float64(-0.3109112029072018)]",Pol = n_rho*p_d^2*Ef/(3*kb*T),"['X_0', '*', 'X_1', '^2', '*', 'X_2', '/', '(', '3', '*', 'X_3', '*', 'X_4', ')']",5,10000,(((C*X_0)*X_2)*exp(C*X_1))/X_3+C
II.11.20,0,GRAMS-UCT,BIC,3.4459713593882744,False,X_3*C/C+C+C/X_3/X_2+cos(X_2)+exp(C)*C+(C/X_4*X_2)*X_0*X_1,"['X_3', '*', 'C', '/', 'C', '+', 'C', '+', 'C', '/', 'X_3', '/', 'X_2', '+', 'cos', '(', 'X_2', ')', '+', 'exp', '(', 'C', ')', '*', 'C', '+', '(', 'C', '/', 'X_4', '*', 'X_2', ')', '*', 'X_0', '*', 'X_1']","[np.float64(5.0), np.float64(-2.6025001358711513), np.float64(4.950630735916349), np.float64(0.6374502261569608), np.float64(-3.4041832843463244), np.float64(1.7066320381083113), np.float64(0.5626033183144887)]",Pol = n_rho*p_d^2*Ef/(3*kb*T),"['X_0', '*', 'X_1', '^2', '*', 'X_2', '/', '(', '3', '*', 'X_3', '*', 'X_4', ')']",5,10000,((((((C*X_0)*X_1)*X_2)/X_4+C*X_3)+C)+C/(X_2*X_3))+cos(X_2)
II.11.20,1,GRAMS-UCT,BIC,3.5618290944828757,False,X_2/X_4/X_3/C*X_1-C,"['X_2', '/', 'X_4', '/', 'X_3', '/', 'C', '*', 'X_1', '-', 'C']","[np.float64(0.24993819645642884), np.float64(0.8293287384075269)]",Pol = n_rho*p_d^2*Ef/(3*kb*T),"['X_0', '*', 'X_1', '^2', '*', 'X_2', '/', '(', '3', '*', 'X_3', '*', 'X_4', ')']",5,10000,((C*X_1)*X_2)/(X_3*X_4)+C
II.11.20,2,GRAMS-UCT,BIC,3.642516946582892,False,C/X_3*C/(X_4/X_1)*X_0*C/C*C,"['C', '/', 'X_3', '*', 'C', '/', '(', 'X_4', '/', 'X_1', ')', '*', 'X_0', '*', 'C', '/', 'C', '*', 'C']","[np.float64(-1.1824326686775852), np.float64(1.9404413480011038), np.float64(2.1580238051537184), np.float64(2.51307068900021), np.float64(-1.886157214437702)]",Pol = n_rho*p_d^2*Ef/(3*kb*T),"['X_0', '*', 'X_1', '^2', '*', 'X_2', '/', '(', '3', '*', 'X_3', '*', 'X_4', ')']",5,10000,((C*X_0)*X_1)/(X_3*X_4)
II.11.20,0,GRAMS-UCT,RMSE,3.511317000580592,False,C*(X_2/X_3)*C*X_1/(X_3/X_1+C+C+X_4),"['C', '*', '(', 'X_2', '/', 'X_3', ')', '*', 'C', '*', 'X_1', '/', '(', 'X_3', '/', 'X_1', '+', 'C', '+', 'C', '+', 'X_4', ')']","[np.float64(-1.1230818566644405), np.float64(-3.6774460172062997), np.float64(-1.0397072777400866), np.float64(0.7168056199701702)]",Pol = n_rho*p_d^2*Ef/(3*kb*T),"['X_0', '*', 'X_1', '^2', '*', 'X_2', '/', '(', '3', '*', 'X_3', '*', 'X_4', ')']",5,10000,((C*X_1)*X_2)/((C*X_3+X_3*X_4)+X_3^2/X_1)
II.11.20,1,GRAMS-UCT,RMSE,3.2099257248327926,False,C/C*C-sin(X_0/C/C*X_2)/X_3*X_1*X_1*C-X_4,"['C', '/', 'C', '*', 'C', '-', 'sin', '(', 'X_0', '/', 'C', '/', 'C', '*', 'X_2', ')', '/', 'X_3', '*', 'X_1', '*', 'X_1', '*', 'C', '-', 'X_4']","[np.float64(-2.2206817891577026), np.float64(-3.9014362910973954), np.float64(5.0), np.float64(-5.0), np.float64(-5.0), np.float64(-3.6289109508787942)]",Pol = n_rho*p_d^2*Ef/(3*kb*T),"['X_0', '*', 'X_1', '^2', '*', 'X_2', '/', '(', '3', '*', 'X_3', '*', 'X_4', ')']",5,10000,(((C*X_1^2)*sin((C*X_0)*X_2))/X_3+C)+-1*X_4
II.11.20,2,GRAMS-UCT,RMSE,3.2591479765791873,False,X_2/C*(C-X_2+X_1)/X_4*(C/C/C/(X_0)+C)/X_3*C,"['X_2', '/', 'C', '*', '(', 'C', '-', 'X_2', '+', 'X_1', ')', '/', 'X_4', '*', '(', 'C', '/', 'C', '/', 'C', '/', '(', 'X_0', ')', '+', 'C', ')', '/', 'X_3', '*', 'C']","[np.float64(-1.2745550916086907), np.float64(3.6385977944236614), np.float64(-2.1108415452920064), np.float64(-0.30292216137807243), np.float64(-3.430206634027275), np.float64(1.9488713076888098), np.float64(-4.044777699740897)]",Pol = n_rho*p_d^2*Ef/(3*kb*T),"['X_0', '*', 'X_1', '^2', '*', 'X_2', '/', '(', '3', '*', 'X_3', '*', 'X_4', ')']",5,10000,((((((C*X_1)*X_2)/((X_0*X_3)*X_4)+((C*X_1)*X_2)/(X_3*X_4))+(C*X_2^2)/((X_0*X_3)*X_4))+(C*X_2^2)/(X_3*X_4))+(C*X_2)/((X_0*X_3)*X_4))+(C*X_2)/(X_3*X_4)
II.11.20,0,MC,N/A,3.971251770306843,False,X_4-X_2/C+C/X_4-(X_0/C*X_1/X_4-X_3)*C,"['X_4', '-', 'X_2', '/', 'C', '+', 'C', '/', 'X_4', '-', '(', 'X_0', '/', 'C', '*', 'X_1', '/', 'X_4', '-', 'X_3', ')', '*', 'C']","[np.float64(-0.8712605432972977), np.float64(-1.6252289016671293), np.float64(1.3048575352900276), np.float64(-2.496342477921219)]",Pol = n_rho*p_d^2*Ef/(3*kb*T),"['X_0', '*', 'X_1', '^2', '*', 'X_2', '/', '(', '3', '*', 'X_3', '*', 'X_4', ')']",5,10000,(((((C*X_0)*X_1)/X_4+C*X_2)+C*X_3)+C/X_4)+X_4
II.11.20,1,MC,N/A,4.129020067702759,False,X_0*X_1/X_3/(C-X_4*C*X_0),"['X_0', '*', 'X_1', '/', 'X_3', '/', '(', 'C', '-', 'X_4', '*', 'C', '*', 'X_0', ')']","[np.float64(0.18380937714957601), np.float64(-0.05118214249240261)]",Pol = n_rho*p_d^2*Ef/(3*kb*T),"['X_0', '*', 'X_1', '^2', '*', 'X_2', '/', '(', '3', '*', 'X_3', '*', 'X_4', ')']",5,10000,(X_0*X_1)/(((C*X_0)*X_3)*X_4+C*X_3)
II.11.20,2,MC,N/A,4.188579523608573,False,X_1/C*X_1/X_4/X_3,"['X_1', '/', 'C', '*', 'X_1', '/', 'X_4', '/', 'X_3']",[np.float64(0.33875973810510696)],Pol = n_rho*p_d^2*Ef/(3*kb*T),"['X_0', '*', 'X_1', '^2', '*', 'X_2', '/', '(', '3', '*', 'X_3', '*', 'X_4', ')']",5,10000,(C*X_1^2)/(X_3*X_4)
II.11.27,0,GRAMS-PUCT,BIC,0.12817112681964254,False,(X_1*X_0*((X_2)+X_0*X_2*X_3-(C+C*C)/C*C)*(C)*C),"['(', 'X_1', '*', 'X_0', '*', '(', '(', 'X_2', ')', '+', 'X_0', '*', 'X_2', '*', 'X_3', '-', '(', 'C', '+', 'C', '*', 'C', ')', '/', 'C', '*', 'C', ')', '*', '(', 'C', ')', '*', 'C', ')']","[np.float64(4.664504560389155), np.float64(-2.6365812707270364), np.float64(1.470644508594461), np.float64(4.999485849697045), np.float64(-0.9167888745112865), np.float64(1.160433082211376), np.float64(0.7207970991529711)]",Pol = n*alpha/(1-(n*alpha/3))*epsilon*Ef,"['(', 'X_0', '*', 'X_1', '/', '(', '1', '-', '(', 'X_0', '*', 'X_1', '/', '3', ')', ')', ')', '*', 'X_2', '*', 'X_3']",4,10000,((((C*X_0^2)*X_1)*X_2)*X_3+((C*X_0)*X_1)*X_2)+(C*X_0)*X_1
II.11.27,1,GRAMS-PUCT,BIC,0.08072489310503046,False,X_1*(X_2-C)/C*X_3*X_0,"['X_1', '*', '(', 'X_2', '-', 'C', ')', '/', 'C', '*', 'X_3', '*', 'X_0']","[np.float64(-0.006976622888867122), np.float64(0.8115359343601988)]",Pol = n*alpha/(1-(n*alpha/3))*epsilon*Ef,"['(', 'X_0', '*', 'X_1', '/', '(', '1', '-', '(', 'X_0', '*', 'X_1', '/', '3', ')', ')', ')', '*', 'X_2', '*', 'X_3']",4,10000,(((C*X_0)*X_1)*X_2)*X_3+((C*X_0)*X_1)*X_3
II.11.27,2,GRAMS-PUCT,BIC,0.08072881795475978,False,(X_2*X_1*cos(C*X_3/C)*X_0*C*X_3),"['(', 'X_2', '*', 'X_1', '*', 'cos', '(', 'C', '*', 'X_3', '/', 'C', ')', '*', 'X_0', '*', 'C', '*', 'X_3', ')']","[np.float64(0.21271090057149522), np.float64(4.520697122950267), np.float64(1.2413620645019872)]",Pol = n*alpha/(1-(n*alpha/3))*epsilon*Ef,"['(', 'X_0', '*', 'X_1', '/', '(', '1', '-', '(', 'X_0', '*', 'X_1', '/', '3', ')', ')', ')', '*', 'X_2', '*', 'X_3']",4,10000,((((C*X_0)*X_1)*X_2)*X_3)*cos(C*X_3)
II.11.27,0,GRAMS-PUCT,RMSE,0.15649957075268217,False,C*X_2*C*C-X_3*exp(X_1*(C+(X_0))/C*X_0)*C/C/(C)*X_2,"['C', '*', 'X_2', '*', 'C', '*', 'C', '-', 'X_3', '*', 'exp', '(', 'X_1', '*', '(', 'C', '+', '(', 'X_0', ')', ')', '/', 'C', '*', 'X_0', ')', '*', 'C', '/', 'C', '/', '(', 'C', ')', '*', 'X_2']","[np.float64(-0.5981082290086674), np.float64(-0.2709377185070805), np.float64(-1.7632640752929707), np.float64(5.0), np.float64(2.9231843012968546), np.float64(-0.3194774376671245), np.float64(0.311744061410319), np.float64(3.823726294371868)]",Pol = n*alpha/(1-(n*alpha/3))*epsilon*Ef,"['(', 'X_0', '*', 'X_1', '/', '(', '1', '-', '(', 'X_0', '*', 'X_1', '/', '3', ')', ')', ')', '*', 'X_2', '*', 'X_3']",4,10000,(((C*X_2)*X_3)*exp((C*X_0)*X_1))*exp((C*X_0^2)*X_1)+C*X_2
II.11.27,1,GRAMS-PUCT,RMSE,0.05487046744688389,False,C/C+X_2*(X_3/C)*C*(X_0*C/C+X_1*X_0*C+X_0)*X_1,"['C', '/', 'C', '+', 'X_2', '*', '(', 'X_3', '/', 'C', ')', '*', 'C', '*', '(', 'X_0', '*', 'C', '/', 'C', '+', 'X_1', '*', 'X_0', '*', 'C', '+', 'X_0', ')', '*', 'X_1']","[np.float64(-0.09781389596429924), np.float64(2.7007798726044654), np.float64(-2.3631421381212943), np.float64(-1.6957049621182152), np.float64(1.047967307630716), np.float64(2.248142875072387), np.float64(0.4086898633857343)]",Pol = n*alpha/(1-(n*alpha/3))*epsilon*Ef,"['(', 'X_0', '*', 'X_1', '/', '(', '1', '-', '(', 'X_0', '*', 'X_1', '/', '3', ')', ')', ')', '*', 'X_2', '*', 'X_3']",4,10000,((((C*X_0)*X_1^2)*X_2)*X_3+((((2*C)*X_0)*X_1)*X_2)*X_3)+C
II.11.27,2,GRAMS-PUCT,RMSE,0.061744657694935506,False,(C+X_0-X_3*C*C*X_2)*(X_1)*X_0,"['(', 'C', '+', 'X_0', '-', 'X_3', '*', 'C', '*', 'C', '*', 'X_2', ')', '*', '(', 'X_1', ')', '*', 'X_0']","[np.float64(-0.7328869308525808), np.float64(1.822288980229569), np.float64(-0.6761404666728974)]",Pol = n*alpha/(1-(n*alpha/3))*epsilon*Ef,"['(', 'X_0', '*', 'X_1', '/', '(', '1', '-', '(', 'X_0', '*', 'X_1', '/', '3', ')', ')', ')', '*', 'X_2', '*', 'X_3']",4,10000,((((C*X_0)*X_1)*X_2)*X_3+(C*X_0)*X_1)+X_0^2*X_1
II.11.27,0,GRAMS-UCT,BIC,0.08073120304866276,False,X_1*X_0/C*(C)*X_2*X_3,"['X_1', '*', 'X_0', '/', 'C', '*', '(', 'C', ')', '*', 'X_2', '*', 'X_3']","[np.float64(4.0391757680458085), np.float64(5.0)]",Pol = n*alpha/(1-(n*alpha/3))*epsilon*Ef,"['(', 'X_0', '*', 'X_1', '/', '(', '1', '-', '(', 'X_0', '*', 'X_1', '/', '3', ')', ')', ')', '*', 'X_2', '*', 'X_3']",4,10000,(((C*X_0)*X_1)*X_2)*X_3
II.11.27,1,GRAMS-UCT,BIC,0.08073119946804462,False,X_3*C*X_0*C*X_2*X_1,"['X_3', '*', 'C', '*', 'X_0', '*', 'C', '*', 'X_2', '*', 'X_1']","[np.float64(1.7816188741811594), np.float64(0.6947866483031138)]",Pol = n*alpha/(1-(n*alpha/3))*epsilon*Ef,"['(', 'X_0', '*', 'X_1', '/', '(', '1', '-', '(', 'X_0', '*', 'X_1', '/', '3', ')', ')', ')', '*', 'X_2', '*', 'X_3']",4,10000,(((C*X_0)*X_1)*X_2)*X_3
II.11.27,2,GRAMS-UCT,BIC,0.06471207106855745,False,C*C*X_1*X_2/((C)+X_3/C+cos(C+X_3)*C/X_0*C*C+(X_1/X_1/X_0)),"['C', '*', 'C', '*', 'X_1', '*', 'X_2', '/', '(', '(', 'C', ')', '+', 'X_3', '/', 'C', '+', 'cos', '(', 'C', '+', 'X_3', ')', '*', 'C', '/', 'X_0', '*', 'C', '*', 'C', '+', '(', 'X_1', '/', 'X_1', '/', 'X_0', ')', ')']","[np.float64(2.3231448253581926), np.float64(0.42677889270664343), np.float64(0.18432340202824027), np.float64(-5.0), np.float64(1.1191042201725239), np.float64(-1.0132112339376138), np.float64(-1.4933333601228143), np.float64(0.2856001625983867)]",Pol = n*alpha/(1-(n*alpha/3))*epsilon*Ef,"['(', 'X_0', '*', 'X_1', '/', '(', '1', '-', '(', 'X_0', '*', 'X_1', '/', '3', ')', ')', ')', '*', 'X_2', '*', 'X_3']",4,10000,((C*X_1)*X_2)/(((C*X_3+C)+(C*cos(C+X_3))/X_0)+1/X_0)
II.11.27,0,GRAMS-UCT,RMSE,0.06626961154977246,False,((C+C-C/C-((X_0*X_2)*X_3*X_1-X_3)*cos(C/X_3*X_3))/C)-C*X_3,"['(', '(', 'C', '+', 'C', '-', 'C', '/', 'C', '-', '(', '(', 'X_0', '*', 'X_2', ')', '*', 'X_3', '*', 'X_1', '-', 'X_3', ')', '*', 'cos', '(', 'C', '/', 'X_3', '*', 'X_3', ')', ')', '/', 'C', ')', '-', 'C', '*', 'X_3']","[np.float64(0.20178845422425437), np.float64(1.9105794894023358), np.float64(3.5616880640147923), np.float64(1.685874831235625), np.float64(-0.10817677073278206), np.float64(-0.7628674922626536), np.float64(-1.2581817250614964)]",Pol = n*alpha/(1-(n*alpha/3))*epsilon*Ef,"['(', 'X_0', '*', 'X_1', '/', '(', '1', '-', '(', 'X_0', '*', 'X_1', '/', '3', ')', ')', ')', '*', 'X_2', '*', 'X_3']",4,10000,((((C*X_0)*X_1)*X_2)*X_3+(2*C)*X_3)+C
II.11.27,1,GRAMS-UCT,RMSE,0.06747407574378567,False,X_2/C*X_1*X_3*X_0-C,"['X_2', '/', 'C', '*', 'X_1', '*', 'X_3', '*', 'X_0', '-', 'C']","[np.float64(0.7702177723502728), np.float64(0.06427203738658172)]",Pol = n*alpha/(1-(n*alpha/3))*epsilon*Ef,"['(', 'X_0', '*', 'X_1', '/', '(', '1', '-', '(', 'X_0', '*', 'X_1', '/', '3', ')', ')', ')', '*', 'X_2', '*', 'X_3']",4,10000,(((C*X_0)*X_1)*X_2)*X_3+C
II.11.27,2,GRAMS-UCT,RMSE,0.06629857034074312,False,X_2*C*C*C*C+X_0*X_3/C*C*X_2*X_1,"['X_2', '*', 'C', '*', 'C', '*', 'C', '*', 'C', '+', 'X_0', '*', 'X_3', '/', 'C', '*', 'C', '*', 'X_2', '*', 'X_1']","[np.float64(-0.018440447126333512), np.float64(4.912894000830326), np.float64(-1.5297599488666123), np.float64(-0.32276022095865764), np.float64(3.740677401704392), np.float64(4.874222873346185)]",Pol = n*alpha/(1-(n*alpha/3))*epsilon*Ef,"['(', 'X_0', '*', 'X_1', '/', '(', '1', '-', '(', 'X_0', '*', 'X_1', '/', '3', ')', ')', ')', '*', 'X_2', '*', 'X_3']",4,10000,(((C*X_0)*X_1)*X_2)*X_3+C*X_2
II.11.27,0,MC,N/A,0.16950306527269712,False,X_1*(C+C/X_0*X_2)*C*(X_3*X_0-C*X_0)-C-sqrt((X_3)-X_0)+exp(X_3)*C*X_1,"['X_1', '*', '(', 'C', '+', 'C', '/', 'X_0', '*', 'X_2', ')', '*', 'C', '*', '(', 'X_3', '*', 'X_0', '-', 'C', '*', 'X_0', ')', '-', 'C', '-', 'sqrt', '(', '(', 'X_3', ')', '-', 'X_0', ')', '+', 'exp', '(', 'X_3', ')', '*', 'C', '*', 'X_1']","[np.float64(-2.87071117404937), np.float64(-1.150023977645289), np.float64(-0.8227468387372712), np.float64(0.5843833848631502), np.float64(-0.9149480875484032), np.float64(-0.19850774346965144)]",Pol = n*alpha/(1-(n*alpha/3))*epsilon*Ef,"['(', 'X_0', '*', 'X_1', '/', '(', '1', '-', '(', 'X_0', '*', 'X_1', '/', '3', ')', ')', ')', '*', 'X_2', '*', 'X_3']",4,10000,(((((((C*X_0)*X_1)*X_3+(C*X_0)*X_1)+((C*X_1)*X_2)*X_3)+(C*X_1)*X_2)+(C*X_1)*exp(X_3))+C)+-1*(-1*X_0+X_3)^0.5
II.11.27,1,MC,N/A,0.1933965159930534,False,X_2/C*X_0*(X_1)*(C)+C,"['X_2', '/', 'C', '*', 'X_0', '*', '(', 'X_1', ')', '*', '(', 'C', ')', '+', 'C']","[np.float64(-2.4119122465803855), np.float64(-4.67744527128371), np.float64(-0.06304121343269643)]",Pol = n*alpha/(1-(n*alpha/3))*epsilon*Ef,"['(', 'X_0', '*', 'X_1', '/', '(', '1', '-', '(', 'X_0', '*', 'X_1', '/', '3', ')', ')', ')', '*', 'X_2', '*', 'X_3']",4,10000,((C*X_0)*X_1)*X_2+C
II.11.27,2,MC,N/A,0.18129653599218046,False,X_1*X_3/(C/X_0/C-X_1+(X_1-X_1))/C,"['X_1', '*', 'X_3', '/', '(', 'C', '/', 'X_0', '/', 'C', '-', 'X_1', '+', '(', 'X_1', '-', 'X_1', ')', ')', '/', 'C']","[np.float64(3.893879982622618), np.float64(1.2695977300778738), np.float64(0.21779374472935636)]",Pol = n*alpha/(1-(n*alpha/3))*epsilon*Ef,"['(', 'X_0', '*', 'X_1', '/', '(', '1', '-', '(', 'X_0', '*', 'X_1', '/', '3', ')', ')', ')', '*', 'X_2', '*', 'X_3']",4,10000,((C*X_1)*X_3)/(C/X_0-X_1)
II.11.28,0,GRAMS-PUCT,BIC,0.005194150154307575,False,(exp(C+((X_1*C*X_0-C)-C)+C)),"['(', 'exp', '(', 'C', '+', '(', '(', 'X_1', '*', 'C', '*', 'X_0', '-', 'C', ')', '-', 'C', ')', '+', 'C', ')', ')']","[np.float64(0.4037047582758854), np.float64(0.9180925721346052), np.float64(3.3832426031846), np.float64(-3.1858329113444364), np.float64(-0.1982442168460347)]",theta = 1+n*alpha/(1-(n*alpha/3)),"['1', '+', 'X_0', '*', 'X_1', '/', '(', '1', '-', '(', 'X_0', '*', 'X_1', '/', '3', ')', ')']",2,10000,C*exp((C*X_0)*X_1)
II.11.28,1,GRAMS-PUCT,BIC,1.008068992729807e-06,False,(X_1/(X_1*C+C-(X_1*C)*C*C/C/X_1/X_0))+X_1/X_1,"['(', 'X_1', '/', '(', 'X_1', '*', 'C', '+', 'C', '-', '(', 'X_1', '*', 'C', ')', '*', 'C', '*', 'C', '/', 'C', '/', 'X_1', '/', 'X_0', ')', ')', '+', 'X_1', '/', 'X_1']","[np.float64(-0.33332543478451193), np.float64(2.3533788043134346e-07), np.float64(1.411015052449841), np.float64(-3.0805439157959875), np.float64(1.1486629665758799), np.float64(4.992917218729035)]",theta = 1+n*alpha/(1-(n*alpha/3)),"['1', '+', 'X_0', '*', 'X_1', '/', '(', '1', '-', '(', 'X_0', '*', 'X_1', '/', '3', ')', ')']",2,10000,X_1/((C*X_1+C)+C/X_0)+1
II.11.28,2,GRAMS-PUCT,BIC,0.004964679452413702,False,X_0*C/(exp(X_1/C*X_0*(C+C)))/C/X_0-X_0*C/C,"['X_0', '*', 'C', '/', '(', 'exp', '(', 'X_1', '/', 'C', '*', 'X_0', '*', '(', 'C', '+', 'C', ')', ')', ')', '/', 'C', '/', 'X_0', '-', 'X_0', '*', 'C', '/', 'C']","[np.float64(-4.998587629960106), np.float64(-4.895080271040321), np.float64(3.3609927346949364), np.float64(1.1279419475099588), np.float64(-4.97008774173775), np.float64(-0.021292383726986767), np.float64(3.1374769018082627)]",theta = 1+n*alpha/(1-(n*alpha/3)),"['1', '+', 'X_0', '*', 'X_1', '/', '(', '1', '-', '(', 'X_0', '*', 'X_1', '/', '3', ')', ')']",2,10000,C*X_0+C*exp((C*X_0)*X_1)
II.11.28,0,GRAMS-PUCT,RMSE,0.008118794803178392,False,exp(X_0/C*C*X_1),"['exp', '(', 'X_0', '/', 'C', '*', 'C', '*', 'X_1', ')']","[np.float64(-3.562566896879524), np.float64(-3.3240136610325814)]",theta = 1+n*alpha/(1-(n*alpha/3)),"['1', '+', 'X_0', '*', 'X_1', '/', '(', '1', '-', '(', 'X_0', '*', 'X_1', '/', '3', ')', ')']",2,10000,exp((C*X_0)*X_1)
II.11.28,1,GRAMS-PUCT,RMSE,0.005090919219802076,False,C*exp(X_0*(X_1-C/C-X_1*C)),"['C', '*', 'exp', '(', 'X_0', '*', '(', 'X_1', '-', 'C', '/', 'C', '-', 'X_1', '*', 'C', ')', ')']","[np.float64(1.0068585857482735), np.float64(-0.00812458746079012), np.float64(2.059049918658937), np.float64(0.08502599725181835)]",theta = 1+n*alpha/(1-(n*alpha/3)),"['1', '+', 'X_0', '*', 'X_1', '/', '(', '1', '-', '(', 'X_0', '*', 'X_1', '/', '3', ')', ')']",2,10000,((C*exp(C*X_0))*exp(X_0*X_1))*exp((C*X_0)*X_1)
II.11.28,2,GRAMS-PUCT,RMSE,0.005194150198494436,False,((exp(C*(C*C)+X_1*C*X_0))),"['(', '(', 'exp', '(', 'C', '*', '(', 'C', '*', 'C', ')', '+', 'X_1', '*', 'C', '*', 'X_0', ')', ')', ')']","[np.float64(-0.002101573929716577), np.float64(3.7755616260810094), np.float64(-1.0147388064570997), np.float64(0.9180912970005399)]",theta = 1+n*alpha/(1-(n*alpha/3)),"['1', '+', 'X_0', '*', 'X_1', '/', '(', '1', '-', '(', 'X_0', '*', 'X_1', '/', '3', ')', ')']",2,10000,C*exp((C*X_0)*X_1)
II.11.28,0,GRAMS-UCT,BIC,0.005194150142244385,False,exp(X_0/C*X_1)/C,"['exp', '(', 'X_0', '/', 'C', '*', 'X_1', ')', '/', 'C']","[np.float64(1.0892136778642771), np.float64(0.991981673487199)]",theta = 1+n*alpha/(1-(n*alpha/3)),"['1', '+', 'X_0', '*', 'X_1', '/', '(', '1', '-', '(', 'X_0', '*', 'X_1', '/', '3', ')', ')']",2,10000,C*exp((C*X_0)*X_1)
II.11.28,1,GRAMS-UCT,BIC,1.6738773448799137e-06,False,C*X_1*C/(X_1-C*X_0-C+C/X_0)-C,"['C', '*', 'X_1', '*', 'C', '/', '(', 'X_1', '-', 'C', '*', 'X_0', '-', 'C', '+', 'C', '/', 'X_0', ')', '-', 'C']","[np.float64(-2.784699409157004), np.float64(1.0772643894124732), np.float64(-0.00010208140051302272), np.float64(0.0001806667562296883), np.float64(-2.999808402002622), np.float64(-1.0000007035650966)]",theta = 1+n*alpha/(1-(n*alpha/3)),"['1', '+', 'X_0', '*', 'X_1', '/', '(', '1', '-', '(', 'X_0', '*', 'X_1', '/', '3', ')', ')']",2,10000,(C*X_1)/(((C*X_0+C)+C/X_0)+X_1)+C
II.11.28,2,GRAMS-UCT,BIC,0.005360478164727637,False,X_0*C*X_1*X_0*X_1+X_1*X_0+C*((C)),"['X_0', '*', 'C', '*', 'X_1', '*', 'X_0', '*', 'X_1', '+', 'X_1', '*', 'X_0', '+', 'C', '*', '(', '(', 'C', ')', ')']","[np.float64(0.4463662376072715), np.float64(0.9335359813406885), np.float64(1.067210167030125)]",theta = 1+n*alpha/(1-(n*alpha/3)),"['1', '+', 'X_0', '*', 'X_1', '/', '(', '1', '-', '(', 'X_0', '*', 'X_1', '/', '3', ')', ')']",2,10000,((C*X_0^2)*X_1^2+C)+X_0*X_1
II.11.28,0,GRAMS-UCT,RMSE,0.0035633420242646096,False,C/exp(X_0/exp(X_0/C)-sin(cos(C*X_0*X_0-C+C*X_1*X_0))*C-X_0),"['C', '/', 'exp', '(', 'X_0', '/', 'exp', '(', 'X_0', '/', 'C', ')', '-', 'sin', '(', 'cos', '(', 'C', '*', 'X_0', '*', 'X_0', '-', 'C', '+', 'C', '*', 'X_1', '*', 'X_0', ')', ')', '*', 'C', '-', 'X_0', ')']","[np.float64(1.3575426781072473), np.float64(-4.334559415928698), np.float64(-0.0917558063237409), np.float64(1.4643911531828482), np.float64(-0.3264914221377025), np.float64(-2.843877683291948)]",theta = 1+n*alpha/(1-(n*alpha/3)),"['1', '+', 'X_0', '*', 'X_1', '/', '(', '1', '-', '(', 'X_0', '*', 'X_1', '/', '3', ')', ')']",2,10000,((C*exp(X_0))*exp(C*sin(cos((C*X_0^2+(C*X_0)*X_1)+C))))*exp((-1*X_0)*exp(C*X_0))
II.11.28,1,GRAMS-UCT,RMSE,0.005194152525808279,False,exp(C+C-(X_0)*(C*C)/C*X_1),"['exp', '(', 'C', '+', 'C', '-', '(', 'X_0', ')', '*', '(', 'C', '*', 'C', ')', '/', 'C', '*', 'X_1', ')']","[np.float64(0.2847036187238557), np.float64(-0.27665545885927806), np.float64(0.9783608058241444), np.float64(1.456694974256502), np.float64(-1.5522969667268465)]",theta = 1+n*alpha/(1-(n*alpha/3)),"['1', '+', 'X_0', '*', 'X_1', '/', '(', '1', '-', '(', 'X_0', '*', 'X_1', '/', '3', ')', ')']",2,10000,C*exp((C*X_0)*X_1)
II.11.28,2,GRAMS-UCT,RMSE,0.0049834206737370415,False,X_0*X_1+X_0+(X_1*cos(C-sin((X_1/sin(C-X_0)*X_0)*X_1)*C*X_0-C)-X_0/C)/C+C,"['X_0', '*', 'X_1', '+', 'X_0', '+', '(', 'X_1', '*', 'cos', '(', 'C', '-', 'sin', '(', '(', 'X_1', '/', 'sin', '(', 'C', '-', 'X_0', ')', '*', 'X_0', ')', '*', 'X_1', ')', '*', 'C', '*', 'X_0', '-', 'C', ')', '-', 'X_0', '/', 'C', ')', '/', 'C', '+', 'C']","[np.float64(-4.980233321248559), np.float64(4.842890749382264), np.float64(-0.13119492776112354), np.float64(2.874479358578896), np.float64(-3.2756825284350715), np.float64(-0.3103118179294112), np.float64(0.9960905385406674)]",theta = 1+n*alpha/(1-(n*alpha/3)),"['1', '+', 'X_0', '*', 'X_1', '/', '(', '1', '-', '(', 'X_0', '*', 'X_1', '/', '3', ')', ')']",2,10000,(((C*X_0+(C*X_1)*cos((C*X_0)*sin((X_0*X_1^2)/sin(C-X_0))+C))+C)+X_0*X_1)+X_0
II.11.28,0,MC,N/A,0.004134610233037819,False,C/(X_0*((X_0+X_1)/C+X_0*C)/C-C)-C,"['C', '/', '(', 'X_0', '*', '(', '(', 'X_0', '+', 'X_1', ')', '/', 'C', '+', 'X_0', '*', 'C', ')', '/', 'C', '-', 'C', ')', '-', 'C']","[np.float64(-4.17904812971702), np.float64(-3.484755103828819), np.float64(0.2869595586616481), np.float64(-0.47804251867100955), np.float64(1.615679761125443), np.float64(1.5814718316190453)]",theta = 1+n*alpha/(1-(n*alpha/3)),"['1', '+', 'X_0', '*', 'X_1', '/', '(', '1', '-', '(', 'X_0', '*', 'X_1', '/', '3', ')', ')']",2,10000,C+C/(((2*C)*X_0^2+(C*X_0)*X_1)+C)
II.11.28,1,MC,N/A,0.007895288753470474,False,C*(X_1+X_0-C)*X_0*X_1-C*C,"['C', '*', '(', 'X_1', '+', 'X_0', '-', 'C', ')', '*', 'X_0', '*', 'X_1', '-', 'C', '*', 'C']","[np.float64(0.41094015251260835), np.float64(-1.479313409215293), np.float64(-4.734270558492338), np.float64(0.21271685299441814)]",theta = 1+n*alpha/(1-(n*alpha/3)),"['1', '+', 'X_0', '*', 'X_1', '/', '(', '1', '-', '(', 'X_0', '*', 'X_1', '/', '3', ')', ')']",2,10000,(((C*X_0^2)*X_1+(C*X_0)*X_1^2)+(C*X_0)*X_1)+C
II.11.28,2,MC,N/A,0.00519363295012167,False,exp(cos(X_1)/(C/(X_0-X_0+C))+X_1+((X_1*X_0/C)-C/C)*C-X_1),"['exp', '(', 'cos', '(', 'X_1', ')', '/', '(', 'C', '/', '(', 'X_0', '-', 'X_0', '+', 'C', ')', ')', '+', 'X_1', '+', '(', '(', 'X_1', '*', 'X_0', '/', 'C', ')', '-', 'C', '/', 'C', ')', '*', 'C', '-', 'X_1', ')']","[np.float64(-4.841225779315222), np.float64(0.0033383929804551996), np.float64(2.5564508520012654), np.float64(-0.01605892764772431), np.float64(4.333691881761285), np.float64(2.3464016456352295)]",theta = 1+n*alpha/(1-(n*alpha/3)),"['1', '+', 'X_0', '*', 'X_1', '/', '(', '1', '-', '(', 'X_0', '*', 'X_1', '/', '3', ')', ')']",2,10000,(C*exp(C*cos(X_1)))*exp((C*X_0)*X_1)
II.11.3,0,GRAMS-PUCT,BIC,0.060680205109330115,False,(X_2*C*X_0-C-C*C*(C/X_0-X_3+X_1/C/exp(C*C))),"['(', 'X_2', '*', 'C', '*', 'X_0', '-', 'C', '-', 'C', '*', 'C', '*', '(', 'C', '/', 'X_0', '-', 'X_3', '+', 'X_1', '/', 'C', '/', 'exp', '(', 'C', '*', 'C', ')', ')', ')']","[np.float64(-0.0335896061532619), np.float64(-0.8400517480462291), np.float64(-1.911047677303002), np.float64(0.06278156840356992), np.float64(-3.5754209859955073), np.float64(3.555528832450168), np.float64(1.0359704353950385), np.float64(-0.9886904508969273)]",x = q*Ef/(m*(omega_0**2-omega**2)),"['X_0', '*', 'X_1', '/', '(', 'X_2', '*', '(', 'X_3', '^2', '-', 'X_4', '^2', ')', ')']",5,10000,((((C*X_0)*X_2+C*X_1)+C*X_3)+C)+C/X_0
II.11.3,1,GRAMS-PUCT,BIC,0.03957693933179834,False,C*((C-X_0/C)+((X_1/(X_3+X_4*(X_2-X_3*C-C))))),"['C', '*', '(', '(', 'C', '-', 'X_0', '/', 'C', ')', '+', '(', '(', 'X_1', '/', '(', 'X_3', '+', 'X_4', '*', '(', 'X_2', '-', 'X_3', '*', 'C', '-', 'C', ')', ')', ')', ')', ')']","[np.float64(0.4209570254021483), np.float64(-0.4770524347230318), np.float64(-4.9901056134980735), np.float64(-0.4876527896775908), np.float64(3.6331114460097305)]",x = q*Ef/(m*(omega_0**2-omega**2)),"['X_0', '*', 'X_1', '/', '(', 'X_2', '*', '(', 'X_3', '^2', '-', 'X_4', '^2', ')', ')']",5,10000,(C*X_0+(C*X_1)/((((C*X_3)*X_4+C*X_4)+X_2*X_4)+X_3))+C
II.11.3,2,GRAMS-PUCT,BIC,0.059929051872612236,False,X_4/X_3/exp(X_3/X_0/(X_1-X_0*C*X_1)*X_2),"['X_4', '/', 'X_3', '/', 'exp', '(', 'X_3', '/', 'X_0', '/', '(', 'X_1', '-', 'X_0', '*', 'C', '*', 'X_1', ')', '*', 'X_2', ')']",[np.float64(-0.7776580019498631)],x = q*Ef/(m*(omega_0**2-omega**2)),"['X_0', '*', 'X_1', '/', '(', 'X_2', '*', '(', 'X_3', '^2', '-', 'X_4', '^2', ')', ')']",5,10000,(X_4*exp(((-1*X_2)*X_3)/((C*X_0^2)*X_1+X_0*X_1)))/X_3
II.11.3,0,GRAMS-PUCT,RMSE,0.05772467385803479,False,X_2/C*C+sqrt(X_1*C)-C+cos((C+C/X_3)+(C))/exp(X_4)-C*X_0-X_0,"['X_2', '/', 'C', '*', 'C', '+', 'sqrt', '(', 'X_1', '*', 'C', ')', '-', 'C', '+', 'cos', '(', '(', 'C', '+', 'C', '/', 'X_3', ')', '+', '(', 'C', ')', ')', '/', 'exp', '(', 'X_4', ')', '-', 'C', '*', 'X_0', '-', 'X_0']","[np.float64(1.8442051603883507), np.float64(-0.1748787313571154), np.float64(0.058543193548386455), np.float64(0.1054023004422945), np.float64(1.7400983140481194), np.float64(-5.0), np.float64(-4.999974917523375), np.float64(-1.087198839708646)]",x = q*Ef/(m*(omega_0**2-omega**2)),"['X_0', '*', 'X_1', '/', '(', 'X_2', '*', '(', 'X_3', '^2', '-', 'X_4', '^2', ')', ')']",5,10000,((((C*X_0+C*X_2)+C)+-1*X_0)+(C*X_1)^0.5)+exp(-1*X_4)*cos(C+C/X_3)
II.11.3,1,GRAMS-PUCT,RMSE,0.060358644849858215,False,C+X_4/(X_0/X_1*(C+(X_0*C-X_4)-C)*(X_2)*X_3/C),"['C', '+', 'X_4', '/', '(', 'X_0', '/', 'X_1', '*', '(', 'C', '+', '(', 'X_0', '*', 'C', '-', 'X_4', ')', '-', 'C', ')', '*', '(', 'X_2', ')', '*', 'X_3', '/', 'C', ')']","[np.float64(-0.016448483984093265), np.float64(-4.789706314840665), np.float64(3.0630660695614322), np.float64(4.255683546290173), np.float64(-3.492736688621603)]",x = q*Ef/(m*(omega_0**2-omega**2)),"['X_0', '*', 'X_1', '/', '(', 'X_2', '*', '(', 'X_3', '^2', '-', 'X_4', '^2', ')', ')']",5,10000,((C*X_1)*X_4)/((((C*X_0^2)*X_2)*X_3+((C*X_0)*X_2)*X_3)+-1*(((X_0*X_2)*X_3)*X_4))+C
II.11.3,2,GRAMS-PUCT,RMSE,0.026858217957416393,False,C/C-(X_0*X_1*(sin((X_3/C))*C/X_3)/X_2)-C,"['C', '/', 'C', '-', '(', 'X_0', '*', 'X_1', '*', '(', 'sin', '(', '(', 'X_3', '/', 'C', ')', ')', '*', 'C', '/', 'X_3', ')', '/', 'X_2', ')', '-', 'C']","[np.float64(-3.7511505554794673), np.float64(-3.769973735262284), np.float64(-1.8330351068484405), np.float64(0.3905929193226519), np.float64(0.9936418453891532)]",x = q*Ef/(m*(omega_0**2-omega**2)),"['X_0', '*', 'X_1', '/', '(', 'X_2', '*', '(', 'X_3', '^2', '-', 'X_4', '^2', ')', ')']",5,10000,(((C*X_0)*X_1)*sin(C*X_3))/(X_2*X_3)+C
II.11.3,0,GRAMS-UCT,BIC,0.047303244620182816,False,X_1*C/C*X_0/X_3/X_2,"['X_1', '*', 'C', '/', 'C', '*', 'X_0', '/', 'X_3', '/', 'X_2']","[np.float64(-1.5398157490926345), np.float64(-4.727588414373018)]",x = q*Ef/(m*(omega_0**2-omega**2)),"['X_0', '*', 'X_1', '/', '(', 'X_2', '*', '(', 'X_3', '^2', '-', 'X_4', '^2', ')', ')']",5,10000,((C*X_0)*X_1)/(X_2*X_3)
II.11.3,1,GRAMS-UCT,BIC,0.011593863161022462,False,(C+X_4)/C*((X_2))*X_0*C/(X_3+C)/X_2/X_2*X_1,"['(', 'C', '+', 'X_4', ')', '/', 'C', '*', '(', '(', 'X_2', ')', ')', '*', 'X_0', '*', 'C', '/', '(', 'X_3', '+', 'C', ')', '/', 'X_2', '/', 'X_2', '*', 'X_1']","[np.float64(4.164344504689576), np.float64(4.9961774283319365), np.float64(0.11936647635230702), np.float64(-2.141288777445083)]",x = q*Ef/(m*(omega_0**2-omega**2)),"['X_0', '*', 'X_1', '/', '(', 'X_2', '*', '(', 'X_3', '^2', '-', 'X_4', '^2', ')', ')']",5,10000,(((C*X_0)*X_1)*X_4)/(C*X_2+X_2*X_3)+((C*X_0)*X_1)/(C*X_2+X_2*X_3)
II.11.3,2,GRAMS-UCT,BIC,0.034866244295936946,False,X_0/(X_2/X_1-C)/(X_3+X_2-X_1+X_4*C),"['X_0', '/', '(', 'X_2', '/', 'X_1', '-', 'C', ')', '/', '(', 'X_3', '+', 'X_2', '-', 'X_1', '+', 'X_4', '*', 'C', ')']","[np.float64(-2.5746474552963186), np.float64(-0.349380872316083)]",x = q*Ef/(m*(omega_0**2-omega**2)),"['X_0', '*', 'X_1', '/', '(', 'X_2', '*', '(', 'X_3', '^2', '-', 'X_4', '^2', ')', ')']",5,10000,X_0/(((((((C*X_1+C*X_2)+C*X_3)+C*X_4)+((C*X_2)*X_4)/X_1)+-1*X_2)+X_2^2/X_1)+(X_2*X_3)/X_1)
II.11.3,0,GRAMS-UCT,RMSE,0.057610275938604925,False,cos(C-C+C*(X_2)+(C)-C-C*X_0*X_1*C/X_3*C),"['cos', '(', 'C', '-', 'C', '+', 'C', '*', '(', 'X_2', ')', '+', '(', 'C', ')', '-', 'C', '-', 'C', '*', 'X_0', '*', 'X_1', '*', 'C', '/', 'X_3', '*', 'C', ')']","[np.float64(0.7056971612049399), np.float64(1.2683055656110651), np.float64(0.09533405859044622), np.float64(-3.88843462632907), np.float64(0.4179031069768876), np.float64(0.9929846879200358), np.float64(1.994905921786542), np.float64(0.10536027097956611)]",x = q*Ef/(m*(omega_0**2-omega**2)),"['X_0', '*', 'X_1', '/', '(', 'X_2', '*', '(', 'X_3', '^2', '-', 'X_4', '^2', ')', ')']",5,10000,cos((((C*X_0)*X_1)/X_3+C*X_2)+C)
II.11.3,1,GRAMS-UCT,RMSE,0.051392525603999456,False,exp(C*(X_2-X_0*sin(C*X_1)*sin(X_2/C/X_3)))-C-C/X_4,"['exp', '(', 'C', '*', '(', 'X_2', '-', 'X_0', '*', 'sin', '(', 'C', '*', 'X_1', ')', '*', 'sin', '(', 'X_2', '/', 'C', '/', 'X_3', ')', ')', ')', '-', 'C', '-', 'C', '/', 'X_4']","[np.float64(-2.372641015114003), np.float64(0.49760764787957185), np.float64(0.9335125405395126), np.float64(-0.1352161427460975), np.float64(0.09437762016880588)]",x = q*Ef/(m*(omega_0**2-omega**2)),"['X_0', '*', 'X_1', '/', '(', 'X_2', '*', '(', 'X_3', '^2', '-', 'X_4', '^2', ')', ')']",5,10000,(C+C/X_4)+exp(C*X_2)*exp(((C*X_0)*sin(C*X_1))*sin((C*X_2)/X_3))
II.11.3,2,GRAMS-UCT,RMSE,0.047303244537564196,False,C/C*X_0/(X_2)/X_3*X_1/X_4*X_4,"['C', '/', 'C', '*', 'X_0', '/', '(', 'X_2', ')', '/', 'X_3', '*', 'X_1', '/', 'X_4', '*', 'X_4']","[np.float64(1.552332811943478), np.float64(4.766132292349379)]",x = q*Ef/(m*(omega_0**2-omega**2)),"['X_0', '*', 'X_1', '/', '(', 'X_2', '*', '(', 'X_3', '^2', '-', 'X_4', '^2', ')', ')']",5,10000,((C*X_0)*X_1)/(X_2*X_3)
II.11.3,0,MC,N/A,0.059279965711270595,False,C-sin(C+C/X_0)+X_1*C+C/X_2/X_3-C,"['C', '-', 'sin', '(', 'C', '+', 'C', '/', 'X_0', ')', '+', 'X_1', '*', 'C', '+', 'C', '/', 'X_2', '/', 'X_3', '-', 'C']","[np.float64(1.8358353163826244), np.float64(-2.299364722681522), np.float64(-0.3404203138380338), np.float64(0.08751418901583809), np.float64(1.59939627392752), np.float64(2.6657908636746126)]",x = q*Ef/(m*(omega_0**2-omega**2)),"['X_0', '*', 'X_1', '/', '(', 'X_2', '*', '(', 'X_3', '^2', '-', 'X_4', '^2', ')', ')']",5,10000,((C*X_1+C)+C/(X_2*X_3))+-1*sin(C+C/X_0)
II.11.3,1,MC,N/A,0.04976814242964681,False,(C)*(X_4*C*(C)*X_0*(C+X_1)/X_2)/X_3,"['(', 'C', ')', '*', '(', 'X_4', '*', 'C', '*', '(', 'C', ')', '*', 'X_0', '*', '(', 'C', '+', 'X_1', ')', '/', 'X_2', ')', '/', 'X_3']","[np.float64(0.02814882274928766), np.float64(-4.319974376751285), np.float64(-1.7706632205168624), np.float64(-0.02181968352316723)]",x = q*Ef/(m*(omega_0**2-omega**2)),"['X_0', '*', 'X_1', '/', '(', 'X_2', '*', '(', 'X_3', '^2', '-', 'X_4', '^2', ')', ')']",5,10000,(((C*X_0)*X_1)*X_4)/(X_2*X_3)+((C*X_0)*X_4)/(X_2*X_3)
II.11.3,2,MC,N/A,0.06526937537045284,False,X_1*((X_1)/X_3/X_2)*(X_0*C)/C,"['X_1', '*', '(', '(', 'X_1', ')', '/', 'X_3', '/', 'X_2', ')', '*', '(', 'X_0', '*', 'C', ')', '/', 'C']","[np.float64(-0.6632228338720391), np.float64(-4.9211669671279)]",x = q*Ef/(m*(omega_0**2-omega**2)),"['X_0', '*', 'X_1', '/', '(', 'X_2', '*', '(', 'X_3', '^2', '-', 'X_4', '^2', ')', ')']",5,10000,((C*X_0)*X_1^2)/(X_2*X_3)
II.11.7,0,GRAMS-PUCT,BIC,0.9925269877331099,False,(cos(C)*X_3*(C+C/X_1*X_5-C)+C),"['(', 'cos', '(', 'C', ')', '*', 'X_3', '*', '(', 'C', '+', 'C', '/', 'X_1', '*', 'X_5', '-', 'C', ')', '+', 'C', ')']","[np.float64(4.909089541172943), np.float64(-4.233301452395507), np.float64(-2.710591465104639), np.float64(2.6987714119342625), np.float64(5.0)]",n = n_0*(1+p_d*Ef*cos(theta)/(kb*T)),"['X_0', '*', '(', '1', '+', 'X_4', '*', 'X_5', '*', 'cos', '(', 'X_3', ')', '/', '(', 'X_1', '*', 'X_2', ')', ')']",6,10000,(C*X_3+C)+((C*X_3)*X_5)/X_1
II.11.7,1,GRAMS-PUCT,BIC,0.9471110709546623,False,(((C/(X_1*X_2/C/C/X_3))+X_5/C+C+C/X_3)),"['(', '(', '(', 'C', '/', '(', 'X_1', '*', 'X_2', '/', 'C', '/', 'C', '/', 'X_3', ')', ')', '+', 'X_5', '/', 'C', '+', 'C', '+', 'C', '/', 'X_3', ')', ')']","[np.float64(4.614910324597606), np.float64(-0.8755487266381787), np.float64(0.4835750505425728), np.float64(-2.212656522293354), np.float64(0.7090010715836637), np.float64(4.580398302962572)]",n = n_0*(1+p_d*Ef*cos(theta)/(kb*T)),"['X_0', '*', '(', '1', '+', 'X_4', '*', 'X_5', '*', 'cos', '(', 'X_3', ')', '/', '(', 'X_1', '*', 'X_2', ')', ')']",6,10000,(((C*X_3)/(X_1*X_2)+C*X_5)+C)+C/X_3
II.11.7,2,GRAMS-PUCT,BIC,0.9830681262826435,False,sin(X_5)+C+C*X_3*(X_0+C)-X_4*(X_5)/X_1/C*X_3,"['sin', '(', 'X_5', ')', '+', 'C', '+', 'C', '*', 'X_3', '*', '(', 'X_0', '+', 'C', ')', '-', 'X_4', '*', '(', 'X_5', ')', '/', 'X_1', '/', 'C', '*', 'X_3']","[np.float64(3.79872343802925), np.float64(0.38713548926287755), np.float64(-5.0), np.float64(3.9647954879583187)]",n = n_0*(1+p_d*Ef*cos(theta)/(kb*T)),"['X_0', '*', '(', '1', '+', 'X_4', '*', 'X_5', '*', 'cos', '(', 'X_3', ')', '/', '(', 'X_1', '*', 'X_2', ')', ')']",6,10000,((((C*X_0)*X_3+C*X_3)+C)+(((C*X_3)*X_4)*X_5)/X_1)+sin(X_5)
II.11.7,0,GRAMS-PUCT,RMSE,0.8859366912714235,False,X_5*(cos((C)/X_2)+C/C/X_3)/X_1*C+sqrt(X_2-C)+(C/C/X_2),"['X_5', '*', '(', 'cos', '(', '(', 'C', ')', '/', 'X_2', ')', '+', 'C', '/', 'C', '/', 'X_3', ')', '/', 'X_1', '*', 'C', '+', 'sqrt', '(', 'X_2', '-', 'C', ')', '+', '(', 'C', '/', 'C', '/', 'X_2', ')']","[np.float64(0.002657384931128305), np.float64(-3.442713620538375), np.float64(2.34606695504498), np.float64(-4.061959212599036), np.float64(-4.571188272929366), np.float64(-5.0), np.float64(4.989667084622984)]",n = n_0*(1+p_d*Ef*cos(theta)/(kb*T)),"['X_0', '*', '(', '1', '+', 'X_4', '*', 'X_5', '*', 'cos', '(', 'X_3', ')', '/', '(', 'X_1', '*', 'X_2', ')', ')']",6,10000,(((C*X_5)/(X_1*X_3)+C/X_2)+((C*X_5)*cos(C/X_2))/X_1)+(C+X_2)^0.5
II.11.7,1,GRAMS-PUCT,RMSE,0.9072027293450811,False,X_0/C*((X_4*C+X_3)/C-C)/X_1+(exp(X_2/sqrt(X_1))*C)*C*X_0+C,"['X_0', '/', 'C', '*', '(', '(', 'X_4', '*', 'C', '+', 'X_3', ')', '/', 'C', '-', 'C', ')', '/', 'X_1', '+', '(', 'exp', '(', 'X_2', '/', 'sqrt', '(', 'X_1', ')', ')', '*', 'C', ')', '*', 'C', '*', 'X_0', '+', 'C']","[np.float64(0.15356826294404624), np.float64(0.21434237922307897), np.float64(-3.5539916946694805), np.float64(-0.6036424238678214), np.float64(0.20772731880304915), np.float64(0.2965760226495438), np.float64(1.1114851239873211)]",n = n_0*(1+p_d*Ef*cos(theta)/(kb*T)),"['X_0', '*', '(', '1', '+', 'X_4', '*', 'X_5', '*', 'cos', '(', 'X_3', ')', '/', '(', 'X_1', '*', 'X_2', ')', ')']",6,10000,((((C*X_0)*exp(X_2/X_1^0.5)+((C*X_0)*X_3)/X_1)+((C*X_0)*X_4)/X_1)+(C*X_0)/X_1)+C
II.11.7,2,GRAMS-PUCT,RMSE,0.9148622390207986,False,C+C-(sin(C)+X_0)*C+C*X_4*(X_0-C)*X_3-sqrt(X_5/X_4)-X_2/X_2+C*X_4,"['C', '+', 'C', '-', '(', 'sin', '(', 'C', ')', '+', 'X_0', ')', '*', 'C', '+', 'C', '*', 'X_4', '*', '(', 'X_0', '-', 'C', ')', '*', 'X_3', '-', 'sqrt', '(', 'X_5', '/', 'X_4', ')', '-', 'X_2', '/', 'X_2', '+', 'C', '*', 'X_4']","[np.float64(-0.39367909241748084), np.float64(-0.3243431937737363), np.float64(-4.327668221523949), np.float64(-1.8117657439982053), np.float64(-0.3116210532185743), np.float64(-1.232026000168089), np.float64(1.3057039008331714)]",n = n_0*(1+p_d*Ef*cos(theta)/(kb*T)),"['X_0', '*', '(', '1', '+', 'X_4', '*', 'X_5', '*', 'cos', '(', 'X_3', ')', '/', '(', 'X_1', '*', 'X_2', ')', ')']",6,10000,((((((C*X_0)*X_3)*X_4+C*X_0)+(C*X_3)*X_4)+C*X_4)+C)+-1*(X_5/X_4)^0.5
II.11.7,0,GRAMS-UCT,BIC,0.905311396845148,False,(sqrt(X_4))+C/C-(X_0)*(C+X_3-(sin(X_4*C)/(C)-X_5*X_4)*C/C/X_2),"['(', 'sqrt', '(', 'X_4', ')', ')', '+', 'C', '/', 'C', '-', '(', 'X_0', ')', '*', '(', 'C', '+', 'X_3', '-', '(', 'sin', '(', 'X_4', '*', 'C', ')', '/', '(', 'C', ')', '-', 'X_5', '*', 'X_4', ')', '*', 'C', '/', 'C', '/', 'X_2', ')']","[np.float64(-1.4160661800964247), np.float64(1.0097210383665902), np.float64(-3.099933211612007), np.float64(4.290248753060714), np.float64(5.0), np.float64(-0.74630280039927), np.float64(-3.123078981632762)]",n = n_0*(1+p_d*Ef*cos(theta)/(kb*T)),"['X_0', '*', '(', '1', '+', 'X_4', '*', 'X_5', '*', 'cos', '(', 'X_3', ')', '/', '(', 'X_1', '*', 'X_2', ')', ')']",6,10000,((((C*X_0+(((C*X_0)*X_4)*X_5)/X_2)+((C*X_0)*sin(C*X_4))/X_2)+C)+-1*(X_0*X_3))+X_4^0.5
II.11.7,1,GRAMS-UCT,BIC,0.9105792736389992,False,X_5*(C)*X_4*(C+X_3)+X_0,"['X_5', '*', '(', 'C', ')', '*', 'X_4', '*', '(', 'C', '+', 'X_3', ')', '+', 'X_0']","[np.float64(-0.5066781533092349), np.float64(-1.5728706645933466)]",n = n_0*(1+p_d*Ef*cos(theta)/(kb*T)),"['X_0', '*', '(', '1', '+', 'X_4', '*', 'X_5', '*', 'cos', '(', 'X_3', ')', '/', '(', 'X_1', '*', 'X_2', ')', ')']",6,10000,(((C*X_3)*X_4)*X_5+(C*X_4)*X_5)+X_0
II.11.7,2,GRAMS-UCT,BIC,0.8880447582587,False,X_3*X_0*C*X_4/X_2+X_4*((C*(X_1/X_2)/X_1*C*C)/X_3)+X_0,"['X_3', '*', 'X_0', '*', 'C', '*', 'X_4', '/', 'X_2', '+', 'X_4', '*', '(', '(', 'C', '*', '(', 'X_1', '/', 'X_2', ')', '/', 'X_1', '*', 'C', '*', 'C', ')', '/', 'X_3', ')', '+', 'X_0']","[np.float64(-0.4779410450544768), np.float64(2.2620925033393204), np.float64(-3.732162977039307), np.float64(-0.254741767341788)]",n = n_0*(1+p_d*Ef*cos(theta)/(kb*T)),"['X_0', '*', '(', '1', '+', 'X_4', '*', 'X_5', '*', 'cos', '(', 'X_3', ')', '/', '(', 'X_1', '*', 'X_2', ')', ')']",6,10000,((((C*X_0)*X_3)*X_4)/X_2+(C*X_4)/(X_2*X_3))+X_0
II.11.7,0,GRAMS-UCT,RMSE,0.9285833131272508,False,X_3/C/X_1/X_2+C+X_3*C-C+(C-C/X_0)-(C),"['X_3', '/', 'C', '/', 'X_1', '/', 'X_2', '+', 'C', '+', 'X_3', '*', 'C', '-', 'C', '+', '(', 'C', '-', 'C', '/', 'X_0', ')', '-', '(', 'C', ')']","[np.float64(-0.5320218454628559), np.float64(0.7481123851288426), np.float64(-1.4391515532610923), np.float64(-3.9018359684683466), np.float64(0.5852113117110267), np.float64(1.7538592558209842), np.float64(-0.8757827944279322)]",n = n_0*(1+p_d*Ef*cos(theta)/(kb*T)),"['X_0', '*', '(', '1', '+', 'X_4', '*', 'X_5', '*', 'cos', '(', 'X_3', ')', '/', '(', 'X_1', '*', 'X_2', ')', ')']",6,10000,((C*X_3+(C*X_3)/(X_1*X_2))+C)+C/X_0
II.11.7,1,GRAMS-UCT,RMSE,0.8669211123369472,False,X_0-C+X_3/C-X_4*((X_2))/(exp((C*(C+C/X_0+X_2)-X_3)+C))-X_5-X_5*C/X_3/X_0+C,"['X_0', '-', 'C', '+', 'X_3', '/', 'C', '-', 'X_4', '*', '(', '(', 'X_2', ')', ')', '/', '(', 'exp', '(', '(', 'C', '*', '(', 'C', '+', 'C', '/', 'X_0', '+', 'X_2', ')', '-', 'X_3', ')', '+', 'C', ')', ')', '-', 'X_5', '-', 'X_5', '*', 'C', '/', 'X_3', '/', 'X_0', '+', 'C']","[np.float64(-4.821102658912368), np.float64(-1.0209787616566126), np.float64(1.4767081609392536), np.float64(-1.0990520050961525), np.float64(1.2510297531815515), np.float64(1.6435856125586386), np.float64(-0.9863717199721332), np.float64(-1.569599005359231)]",n = n_0*(1+p_d*Ef*cos(theta)/(kb*T)),"['X_0', '*', '(', '1', '+', 'X_4', '*', 'X_5', '*', 'cos', '(', 'X_3', ')', '/', '(', 'X_1', '*', 'X_2', ')', ')']",6,10000,((((((((C*X_2)*X_4)*exp(X_3))*exp(C/X_0))*exp(C*X_2)+C*X_3)+(C*X_5)/(X_0*X_3))+C)+X_0)+-1*X_5
II.11.7,2,GRAMS-UCT,RMSE,0.9494280198692224,False,X_1*X_5*X_4/X_1*(C*C/X_5+((C*C*X_5))+C*X_3)+X_5,"['X_1', '*', 'X_5', '*', 'X_4', '/', 'X_1', '*', '(', 'C', '*', 'C', '/', 'X_5', '+', '(', '(', 'C', '*', 'C', '*', 'X_5', ')', ')', '+', 'C', '*', 'X_3', ')', '+', 'X_5']","[np.float64(-2.0538228793391204), np.float64(-0.6080652027020289), np.float64(-0.031811045816510265), np.float64(-2.4687100244588494), np.float64(-0.5034229129605636)]",n = n_0*(1+p_d*Ef*cos(theta)/(kb*T)),"['X_0', '*', '(', '1', '+', 'X_4', '*', 'X_5', '*', 'cos', '(', 'X_3', ')', '/', '(', 'X_1', '*', 'X_2', ')', ')']",6,10000,((((C*X_3)*X_4)*X_5+(C*X_4)*X_5^2)+C*X_4)+X_5
II.11.7,0,MC,N/A,0.9661676242422621,False,X_0+X_5*C*(exp(C+exp(C))/(C*C/X_3-C/C+X_2)-sqrt(C))*X_5,"['X_0', '+', 'X_5', '*', 'C', '*', '(', 'exp', '(', 'C', '+', 'exp', '(', 'C', ')', ')', '/', '(', 'C', '*', 'C', '/', 'X_3', '-', 'C', '/', 'C', '+', 'X_2', ')', '-', 'sqrt', '(', 'C', ')', ')', '*', 'X_5']","[np.float64(-0.643226173158995), np.float64(2.1505880580852197), np.float64(-4.081470144750123), np.float64(3.964772623033734), np.float64(3.2768113081348815), np.float64(-5.0), np.float64(-2.7516978205209024), np.float64(1.0769452504781096)]",n = n_0*(1+p_d*Ef*cos(theta)/(kb*T)),"['X_0', '*', '(', '1', '+', 'X_4', '*', 'X_5', '*', 'cos', '(', 'X_3', ')', '/', '(', 'X_1', '*', 'X_2', ')', ')']",6,10000,(C*X_5^2+(C*X_5^2)/((C+C/X_3)+X_2))+X_0
II.11.7,1,MC,N/A,0.9882476586206145,False,C*(X_3*X_3)*X_0+(X_3)/C*C/X_1-C*C+(X_0),"['C', '*', '(', 'X_3', '*', 'X_3', ')', '*', 'X_0', '+', '(', 'X_3', ')', '/', 'C', '*', 'C', '/', 'X_1', '-', 'C', '*', 'C', '+', '(', 'X_0', ')']","[np.float64(-0.15600604934123133), np.float64(-4.309891309292674), np.float64(4.99587153004713), np.float64(-1.4879723638969946), np.float64(1.1834248829037655)]",n = n_0*(1+p_d*Ef*cos(theta)/(kb*T)),"['X_0', '*', '(', '1', '+', 'X_4', '*', 'X_5', '*', 'cos', '(', 'X_3', ')', '/', '(', 'X_1', '*', 'X_2', ')', ')']",6,10000,(((C*X_0)*X_3^2+C)+(C*X_3)/X_1)+X_0
II.11.7,2,MC,N/A,0.9906303836715776,False,X_2+C*X_1-X_0*(X_3+C*C)-C*C,"['X_2', '+', 'C', '*', 'X_1', '-', 'X_0', '*', '(', 'X_3', '+', 'C', '*', 'C', ')', '-', 'C', '*', 'C']","[np.float64(0.48540910489181016), np.float64(4.074191965009079), np.float64(-0.6289691863877306), np.float64(1.357080078309675), np.float64(2.1831999945709395)]",n = n_0*(1+p_d*Ef*cos(theta)/(kb*T)),"['X_0', '*', '(', '1', '+', 'X_4', '*', 'X_5', '*', 'cos', '(', 'X_3', ')', '/', '(', 'X_1', '*', 'X_2', ')', ')']",6,10000,(((C*X_0+C*X_1)+C)+-1*(X_0*X_3))+X_2
II.13.17,0,GRAMS-PUCT,BIC,0.012753221457635957,False,X_2/C/X_0/X_1/C*exp(X_1*C/exp(C*C)*C),"['X_2', '/', 'C', '/', 'X_0', '/', 'X_1', '/', 'C', '*', 'exp', '(', 'X_1', '*', 'C', '/', 'exp', '(', 'C', '*', 'C', ')', '*', 'C', ')']","[np.float64(-4.712291987299957), np.float64(-2.117608137317355), np.float64(-3.4333285859065343), np.float64(-0.7149193898656547), np.float64(-4.667491884906607), np.float64(4.3348776235810025)]",B = 1/(4*pi*epsilon*c^2)*2*I/r,"['(', '1', '/', '(', '4', '*', 'pi', '*', 'X_0', '*', 'X_1', '^2', ')', ')', '*', '2', '*', 'X_2', '/', 'X_3']",4,10000,((C*X_2)*exp(C*X_1))/(X_0*X_1)
II.13.17,1,GRAMS-PUCT,BIC,8.971431213075904e-07,False,C/(C-C/X_2)/X_1/X_0/X_3/X_1,"['C', '/', '(', 'C', '-', 'C', '/', 'X_2', ')', '/', 'X_1', '/', 'X_0', '/', 'X_3', '/', 'X_1']","[np.float64(0.7956898184412334), np.float64(-0.00011259826950242631), np.float64(-5.0)]",B = 1/(4*pi*epsilon*c^2)*2*I/r,"['(', '1', '/', '(', '4', '*', 'pi', '*', 'X_0', '*', 'X_1', '^2', ')', ')', '*', '2', '*', 'X_2', '/', 'X_3']",4,10000,C/(((C*X_0)*X_1^2)*X_3+(((C*X_0)*X_1^2)*X_3)/X_2)
II.13.17,2,GRAMS-PUCT,BIC,0.013284304827237898,False,cos(C+exp(X_1*C-C/X_1+C*(X_0/C)-X_3)/cos(X_1/C)*C/X_1),"['cos', '(', 'C', '+', 'exp', '(', 'X_1', '*', 'C', '-', 'C', '/', 'X_1', '+', 'C', '*', '(', 'X_0', '/', 'C', ')', '-', 'X_3', ')', '/', 'cos', '(', 'X_1', '/', 'C', ')', '*', 'C', '/', 'X_1', ')']","[np.float64(-1.563902330059725), np.float64(-0.46654411179366123), np.float64(-1.142667460000238), np.float64(0.7543355045508553), np.float64(-1.4248448855202036), np.float64(-4.919895847660431), np.float64(1.2230559547416908)]",B = 1/(4*pi*epsilon*c^2)*2*I/r,"['(', '1', '/', '(', '4', '*', 'pi', '*', 'X_0', '*', 'X_1', '^2', ')', ')', '*', '2', '*', 'X_2', '/', 'X_3']",4,10000,cos(C+((((C*exp(-1*X_3))*exp(C*X_0))*exp(C/X_1))*exp(C*X_1))/(X_1*cos(C*X_1)))
II.13.17,0,GRAMS-PUCT,RMSE,0.011713079094021146,False,(C+(X_1/(C*((sin(X_2)/X_1-C))/(X_1)/X_3))/X_2*C)/C/X_0/X_3/X_1*X_0/X_0-C+C/X_0,"['(', 'C', '+', '(', 'X_1', '/', '(', 'C', '*', '(', '(', 'sin', '(', 'X_2', ')', '/', 'X_1', '-', 'C', ')', ')', '/', '(', 'X_1', ')', '/', 'X_3', ')', ')', '/', 'X_2', '*', 'C', ')', '/', 'C', '/', 'X_0', '/', 'X_3', '/', 'X_1', '*', 'X_0', '/', 'X_0', '-', 'C', '+', 'C', '/', 'X_0']","[np.float64(1.6778192594993202), np.float64(3.7062446960718303), np.float64(3.541706457711451), np.float64(0.9256787728364377), np.float64(4.999473806192709), np.float64(0.00030419442270516426), np.float64(0.002628953674766235)]",B = 1/(4*pi*epsilon*c^2)*2*I/r,"['(', '1', '/', '(', '4', '*', 'pi', '*', 'X_0', '*', 'X_1', '^2', ')', ')', '*', '2', '*', 'X_2', '/', 'X_3']",4,10000,(((C*X_1)/((C*X_0)*X_2+((X_0*X_2)*sin(X_2))/X_1)+C)+C/((X_0*X_1)*X_3))+C/X_0
II.13.17,1,GRAMS-PUCT,RMSE,0.009565599915120257,False,C+C/X_0*X_2/(X_3*X_1)/C/C,"['C', '+', 'C', '/', 'X_0', '*', 'X_2', '/', '(', 'X_3', '*', 'X_1', ')', '/', 'C', '/', 'C']","[np.float64(-0.005706782637264057), np.float64(-2.64641856723458), np.float64(-4.93762805149891), np.float64(4.942444663680646)]",B = 1/(4*pi*epsilon*c^2)*2*I/r,"['(', '1', '/', '(', '4', '*', 'pi', '*', 'X_0', '*', 'X_1', '^2', ')', ')', '*', '2', '*', 'X_2', '/', 'X_3']",4,10000,(C*X_2)/((X_0*X_1)*X_3)+C
II.13.17,2,GRAMS-PUCT,RMSE,0.012843041780083752,False,C-(C)/(X_1/C/C*C-X_3*X_0*X_1-X_1),"['C', '-', '(', 'C', ')', '/', '(', 'X_1', '/', 'C', '/', 'C', '*', 'C', '-', 'X_3', '*', 'X_0', '*', 'X_1', '-', 'X_1', ')']","[np.float64(-0.010803033615077208), np.float64(0.4831043675455144), np.float64(5.0), np.float64(-5.0), np.float64(-3.742922502031672)]",B = 1/(4*pi*epsilon*c^2)*2*I/r,"['(', '1', '/', '(', '4', '*', 'pi', '*', 'X_0', '*', 'X_1', '^2', ')', ')', '*', '2', '*', 'X_2', '/', 'X_3']",4,10000,C+C/((C*X_1+-1*((X_0*X_1)*X_3))+-1*X_1)
II.13.17,0,GRAMS-UCT,BIC,0.009565601238549827,False,C+C*C/X_0/C/(X_1*(X_3*X_2/X_2)/X_2),"['C', '+', 'C', '*', 'C', '/', 'X_0', '/', 'C', '/', '(', 'X_1', '*', '(', 'X_3', '*', 'X_2', '/', 'X_2', ')', '/', 'X_2', ')']","[np.float64(-0.005705248988004755), np.float64(-0.2848993164440466), np.float64(-1.902853598287607), np.float64(5.0)]",B = 1/(4*pi*epsilon*c^2)*2*I/r,"['(', '1', '/', '(', '4', '*', 'pi', '*', 'X_0', '*', 'X_1', '^2', ')', ')', '*', '2', '*', 'X_2', '/', 'X_3']",4,10000,(C*X_2)/((X_0*X_1)*X_3)+C
II.13.17,1,GRAMS-UCT,BIC,0.010292835238392684,False,C/X_0*C/X_1/X_3/X_1,"['C', '/', 'X_0', '*', 'C', '/', 'X_1', '/', 'X_3', '/', 'X_1']","[np.float64(-1.3621713260241075), np.float64(-0.3500813482987702)]",B = 1/(4*pi*epsilon*c^2)*2*I/r,"['(', '1', '/', '(', '4', '*', 'pi', '*', 'X_0', '*', 'X_1', '^2', ')', ')', '*', '2', '*', 'X_2', '/', 'X_3']",4,10000,C/((X_0*X_1^2)*X_3)
II.13.17,2,GRAMS-UCT,BIC,0.010484165079452311,False,X_2/C/X_0/X_3*(C/C/C+X_2/C*C)/X_1,"['X_2', '/', 'C', '/', 'X_0', '/', 'X_3', '*', '(', 'C', '/', 'C', '/', 'C', '+', 'X_2', '/', 'C', '*', 'C', ')', '/', 'X_1']","[np.float64(4.933087016095191), np.float64(-2.7882476141346686), np.float64(2.9992061492195905), np.float64(-2.156799903489461), np.float64(-3.231862337370369), np.float64(-0.02902959517225924)]",B = 1/(4*pi*epsilon*c^2)*2*I/r,"['(', '1', '/', '(', '4', '*', 'pi', '*', 'X_0', '*', 'X_1', '^2', ')', ')', '*', '2', '*', 'X_2', '/', 'X_3']",4,10000,(C*X_2^2)/((X_0*X_1)*X_3)+(C*X_2)/((X_0*X_1)*X_3)
II.13.17,0,GRAMS-UCT,RMSE,0.01214306930084551,False,(C/X_1)/exp(X_2*X_1/X_2)/C*X_2/(X_3*C+C/X_0/X_0/C*C),"['(', 'C', '/', 'X_1', ')', '/', 'exp', '(', 'X_2', '*', 'X_1', '/', 'X_2', ')', '/', 'C', '*', 'X_2', '/', '(', 'X_3', '*', 'C', '+', 'C', '/', 'X_0', '/', 'X_0', '/', 'C', '*', 'C', ')']","[np.float64(-1.7741943833993807), np.float64(-2.2319501935482706), np.float64(4.596512027154034), np.float64(2.5670109295105603), np.float64(-5.0), np.float64(4.73232296548252)]",B = 1/(4*pi*epsilon*c^2)*2*I/r,"['(', '1', '/', '(', '4', '*', 'pi', '*', 'X_0', '*', 'X_1', '^2', ')', ')', '*', '2', '*', 'X_2', '/', 'X_3']",4,10000,(C*X_2)/(((C*X_1)*X_3)*exp(X_1)+((C*X_1)*exp(X_1))/X_0^2)
II.13.17,1,GRAMS-UCT,RMSE,0.00947317958019059,False,(((C*X_2*X_2)+C/X_2+X_1+X_0-X_2-X_2-C+X_3/C*X_2)/X_0/X_2)/X_3*C*C/X_1,"['(', '(', '(', 'C', '*', 'X_2', '*', 'X_2', ')', '+', 'C', '/', 'X_2', '+', 'X_1', '+', 'X_0', '-', 'X_2', '-', 'X_2', '-', 'C', '+', 'X_3', '/', 'C', '*', 'X_2', ')', '/', 'X_0', '/', 'X_2', ')', '/', 'X_3', '*', 'C', '*', 'C', '/', 'X_1']","[np.float64(-1.0234104167405171), np.float64(-2.8963208846364976), np.float64(0.4621374736841752), np.float64(4.915556976678857), np.float64(-0.022502660196172305), np.float64(3.3663273736447215)]",B = 1/(4*pi*epsilon*c^2)*2*I/r,"['(', '1', '/', '(', '4', '*', 'pi', '*', 'X_0', '*', 'X_1', '^2', ')', ')', '*', '2', '*', 'X_2', '/', 'X_3']",4,10000,((((((C*X_2)/((X_0*X_1)*X_3)+C/(((X_0*X_1)*X_2^2)*X_3))+C/(((X_0*X_1)*X_2)*X_3))+C/((X_1*X_2)*X_3))+C/((X_0*X_2)*X_3))+C/((X_0*X_1)*X_3))+C/(X_0*X_1)
II.13.17,2,GRAMS-UCT,RMSE,4.292903072169515e-10,True,X_2/X_0/X_1/C/X_3*cos(C/((C)))/X_1/(C)/C*C,"['X_2', '/', 'X_0', '/', 'X_1', '/', 'C', '/', 'X_3', '*', 'cos', '(', 'C', '/', '(', '(', 'C', ')', ')', ')', '/', 'X_1', '/', '(', 'C', ')', '/', 'C', '*', 'C']","[np.float64(-2.713560991662325), np.float64(-3.3627031670328362), np.float64(-4.209088412628657), np.float64(-2.6265234565060327), np.float64(-3.013888948165417), np.float64(-4.901551144728259)]",B = 1/(4*pi*epsilon*c^2)*2*I/r,"['(', '1', '/', '(', '4', '*', 'pi', '*', 'X_0', '*', 'X_1', '^2', ')', ')', '*', '2', '*', 'X_2', '/', 'X_3']",4,5097,(C*X_2)/((X_0*X_1^2)*X_3)
II.13.17,0,MC,N/A,0.012744968669715416,False,(C/C-C-C/(X_1))*(C-X_3*X_0/C*X_0*C)-X_2/X_3/sqrt(X_0)*C,"['(', 'C', '/', 'C', '-', 'C', '-', 'C', '/', '(', 'X_1', ')', ')', '*', '(', 'C', '-', 'X_3', '*', 'X_0', '/', 'C', '*', 'X_0', '*', 'C', ')', '-', 'X_2', '/', 'X_3', '/', 'sqrt', '(', 'X_0', ')', '*', 'C']","[np.float64(-3.9743125120987175), np.float64(1.641681513328402), np.float64(-2.61817233082115), np.float64(0.493628512443666), np.float64(-0.25995470917442404), np.float64(-4.935567284819175), np.float64(0.015398442477689346), np.float64(-0.021607206683685848)]",B = 1/(4*pi*epsilon*c^2)*2*I/r,"['(', '1', '/', '(', '4', '*', 'pi', '*', 'X_0', '*', 'X_1', '^2', ')', ')', '*', '2', '*', 'X_2', '/', 'X_3']",4,10000,((((C*X_0^2)*X_3+((C*X_0^2)*X_3)/X_1)+(C*X_2)/(X_0^0.5*X_3))+C)+C/X_1
II.13.17,1,MC,N/A,0.012159788032858049,False,(X_2/X_0)*(C/X_1)/C+C*(X_2)-(C*(X_3*C+X_0+X_0/C/X_3)),"['(', 'X_2', '/', 'X_0', ')', '*', '(', 'C', '/', 'X_1', ')', '/', 'C', '+', 'C', '*', '(', 'X_2', ')', '-', '(', 'C', '*', '(', 'X_3', '*', 'C', '+', 'X_0', '+', 'X_0', '/', 'C', '/', 'X_3', ')', ')']","[np.float64(0.3046790477064837), np.float64(4.999999783444026), np.float64(-0.006411206924017088), np.float64(-0.00468122068409695), np.float64(-0.7821882167103696), np.float64(1.9714202753522498)]",B = 1/(4*pi*epsilon*c^2)*2*I/r,"['(', '1', '/', '(', '4', '*', 'pi', '*', 'X_0', '*', 'X_1', '^2', ')', ')', '*', '2', '*', 'X_2', '/', 'X_3']",4,10000,(((C*X_0+(C*X_0)/X_3)+C*X_2)+(C*X_2)/(X_0*X_1))+C*X_3
II.13.17,2,MC,N/A,0.013291418939214593,False,X_3-C+C/X_1*X_2/X_0+C*X_3,"['X_3', '-', 'C', '+', 'C', '/', 'X_1', '*', 'X_2', '/', 'X_0', '+', 'C', '*', 'X_3']","[np.float64(-0.010477726033788614), np.float64(0.047293633625011676), np.float64(-1.0059556392078517)]",B = 1/(4*pi*epsilon*c^2)*2*I/r,"['(', '1', '/', '(', '4', '*', 'pi', '*', 'X_0', '*', 'X_1', '^2', ')', ')', '*', '2', '*', 'X_2', '/', 'X_3']",4,10000,(((C*X_2)/(X_0*X_1)+C*X_3)+C)+X_3
II.13.23,0,GRAMS-PUCT,BIC,0.03596861589061349,False,(C/exp(X_1/X_2/C)*X_1*X_0/X_1-X_1*C-C+C*C),"['(', 'C', '/', 'exp', '(', 'X_1', '/', 'X_2', '/', 'C', ')', '*', 'X_1', '*', 'X_0', '/', 'X_1', '-', 'X_1', '*', 'C', '-', 'C', '+', 'C', '*', 'C', ')']","[np.float64(0.9459988512722818), np.float64(-2.660015645332289), np.float64(0.021200887791652114), np.float64(0.8081280013476054), np.float64(-1.6226868169384434), np.float64(-0.5183220978510862)]",rho_c = rho_c_0/sqrt(1-v^2/c^2),"['X_0', '/', 'sqrt', '(', '1', '-', 'X_1', '^2', '/', 'X_2', '^2', ')']",3,10000,((C*X_0)*exp((C*X_1)/X_2)+C*X_1)+C
II.13.23,1,GRAMS-PUCT,BIC,0.039509095166982484,False,exp(X_0+C+X_0/(X_0)-X_0)/X_2*X_0*(((X_1)))*(C)-C+X_0/C,"['exp', '(', 'X_0', '+', 'C', '+', 'X_0', '/', '(', 'X_0', ')', '-', 'X_0', ')', '/', 'X_2', '*', 'X_0', '*', '(', '(', '(', 'X_1', ')', ')', ')', '*', '(', 'C', ')', '-', 'C', '+', 'X_0', '/', 'C']","[np.float64(-2.8287240943742966), np.float64(2.4056444374737675), np.float64(-0.0011738561066678907), np.float64(1.0599481468822713)]",rho_c = rho_c_0/sqrt(1-v^2/c^2),"['X_0', '/', 'sqrt', '(', '1', '-', 'X_1', '^2', '/', 'X_2', '^2', ')']",3,10000,(((C*X_0)*X_1)/X_2+C*X_0)+C
II.13.23,2,GRAMS-PUCT,BIC,0.030032781391279552,False,(C)-C*(X_2*(X_0)/(C*X_2*C+C+X_1/X_2/C/C-C/X_1)),"['(', 'C', ')', '-', 'C', '*', '(', 'X_2', '*', '(', 'X_0', ')', '/', '(', 'C', '*', 'X_2', '*', 'C', '+', 'C', '+', 'X_1', '/', 'X_2', '/', 'C', '/', 'C', '-', 'C', '/', 'X_1', ')', ')']","[np.float64(0.004705381932829334), np.float64(4.997461169915299), np.float64(2.9441178146315683), np.float64(-1.7577718769621493), np.float64(3.6564416186289246), np.float64(-1.8057975479122228), np.float64(-0.2956971348437506), np.float64(2.9600467771136105)]",rho_c = rho_c_0/sqrt(1-v^2/c^2),"['X_0', '/', 'sqrt', '(', '1', '-', 'X_1', '^2', '/', 'X_2', '^2', ')']",3,10000,((C*X_0)*X_2)/((((C*X_1)/X_2+C*X_2)+C)+C/X_1)+C
II.13.23,0,GRAMS-PUCT,RMSE,0.06277199982335316,False,X_0-X_0/X_2*X_1*C+C-C*((C/C)),"['X_0', '-', 'X_0', '/', 'X_2', '*', 'X_1', '*', 'C', '+', 'C', '-', 'C', '*', '(', '(', 'C', '/', 'C', ')', ')']","[np.float64(-0.2891691012318374), np.float64(0.18472356819903302), np.float64(3.336042593307291), np.float64(0.41541529479264677), np.float64(4.979293181422784)]",rho_c = rho_c_0/sqrt(1-v^2/c^2),"['X_0', '/', 'sqrt', '(', '1', '-', 'X_1', '^2', '/', 'X_2', '^2', ')']",3,10000,(((C*X_0)*X_1)/X_2+C)+X_0
II.13.23,1,GRAMS-PUCT,RMSE,0.03951089629522479,False,(C*X_0-X_0*C*X_1/X_2),"['(', 'C', '*', 'X_0', '-', 'X_0', '*', 'C', '*', 'X_1', '/', 'X_2', ')']","[np.float64(0.9437279298977154), np.float64(-0.3866230647476985)]",rho_c = rho_c_0/sqrt(1-v^2/c^2),"['X_0', '/', 'sqrt', '(', '1', '-', 'X_1', '^2', '/', 'X_2', '^2', ')']",3,10000,((C*X_0)*X_1)/X_2+C*X_0
II.13.23,2,GRAMS-PUCT,RMSE,0.036393890195469694,False,X_0*exp(X_1*C*C/X_2)*C,"['X_0', '*', 'exp', '(', 'X_1', '*', 'C', '*', 'C', '/', 'X_2', ')', '*', 'C']","[np.float64(-0.3347810999266053), np.float64(-1.1005008073984817), np.float64(0.9481456978966675)]",rho_c = rho_c_0/sqrt(1-v^2/c^2),"['X_0', '/', 'sqrt', '(', '1', '-', 'X_1', '^2', '/', 'X_2', '^2', ')']",3,10000,(C*X_0)*exp((C*X_1)/X_2)
II.13.23,0,GRAMS-UCT,BIC,0.038732897866072036,False,C*X_1*X_1-C*X_1-X_0*X_1/(X_2)/C-C+C/C*X_1/X_1*X_0,"['C', '*', 'X_1', '*', 'X_1', '-', 'C', '*', 'X_1', '-', 'X_0', '*', 'X_1', '/', '(', 'X_2', ')', '/', 'C', '-', 'C', '+', 'C', '/', 'C', '*', 'X_1', '/', 'X_1', '*', 'X_0']","[np.float64(0.0774451195572868), np.float64(0.25288871780036914), np.float64(-2.536476143087939), np.float64(-0.19958042531710463), np.float64(-2.859631219076894), np.float64(-3.0372954877878255)]",rho_c = rho_c_0/sqrt(1-v^2/c^2),"['X_0', '/', 'sqrt', '(', '1', '-', 'X_1', '^2', '/', 'X_2', '^2', ')']",3,10000,(((((C*X_0)*X_1)/X_2+C*X_0)+C*X_1^2)+C*X_1)+C
II.13.23,1,GRAMS-UCT,BIC,0.05573427333729294,False,X_0*(cos(C+X_1*C-C)-C/X_2)+C*X_1*((X_0)/sqrt(C)),"['X_0', '*', '(', 'cos', '(', 'C', '+', 'X_1', '*', 'C', '-', 'C', ')', '-', 'C', '/', 'X_2', ')', '+', 'C', '*', 'X_1', '*', '(', '(', 'X_0', ')', '/', 'sqrt', '(', 'C', ')', ')']","[np.float64(4.508838609592143), np.float64(0.6487783932523248), np.float64(-2.476405507473742), np.float64(-0.5664812282892372), np.float64(1.2735692649383097), np.float64(3.320587195470288)]",rho_c = rho_c_0/sqrt(1-v^2/c^2),"['X_0', '/', 'sqrt', '(', '1', '-', 'X_1', '^2', '/', 'X_2', '^2', ')']",3,10000,((C*X_0)*X_1+(C*X_0)/X_2)+X_0*cos(C*X_1+C)
II.13.23,2,GRAMS-UCT,BIC,0.04184562343134156,False,(C+X_0*C*(C*cos(C+X_1*C/X_2)))*C,"['(', 'C', '+', 'X_0', '*', 'C', '*', '(', 'C', '*', 'cos', '(', 'C', '+', 'X_1', '*', 'C', '/', 'X_2', ')', ')', ')', '*', 'C']","[np.float64(0.27394188776295836), np.float64(-5.0), np.float64(4.199594509925836), np.float64(2.0770255100803174), np.float64(0.24254274920925167), np.float64(0.09158192517323603)]",rho_c = rho_c_0/sqrt(1-v^2/c^2),"['X_0', '/', 'sqrt', '(', '1', '-', 'X_1', '^2', '/', 'X_2', '^2', ')']",3,10000,(C*X_0)*cos((C*X_1)/X_2+C)+C
II.13.23,0,GRAMS-UCT,RMSE,0.06112501686746495,False,X_1+C*X_0+C*C-X_1/X_2*C+C-X_1,"['X_1', '+', 'C', '*', 'X_0', '+', 'C', '*', 'C', '-', 'X_1', '/', 'X_2', '*', 'C', '+', 'C', '-', 'X_1']","[np.float64(1.0429435290270685), np.float64(4.98423294931043), np.float64(-0.9292882048742125), np.float64(-1.147531915226577), np.float64(4.3372715348982736)]",rho_c = rho_c_0/sqrt(1-v^2/c^2),"['X_0', '/', 'sqrt', '(', '1', '-', 'X_1', '^2', '/', 'X_2', '^2', ')']",3,10000,(C*X_0+(C*X_1)/X_2)+C
II.13.23,1,GRAMS-UCT,RMSE,0.05522786778564091,False,cos(X_1/C/X_0-C)*C/C*X_0/X_2+C+(C*X_0)-C,"['cos', '(', 'X_1', '/', 'C', '/', 'X_0', '-', 'C', ')', '*', 'C', '/', 'C', '*', 'X_0', '/', 'X_2', '+', 'C', '+', '(', 'C', '*', 'X_0', ')', '-', 'C']","[np.float64(-1.1284192027028968), np.float64(1.656689026493433), np.float64(1.483776825305084), np.float64(-1.1694913510936507), np.float64(-0.7563227352496997), np.float64(1.0089217460716622), np.float64(-0.5397604236221754)]",rho_c = rho_c_0/sqrt(1-v^2/c^2),"['X_0', '/', 'sqrt', '(', '1', '-', 'X_1', '^2', '/', 'X_2', '^2', ')']",3,10000,(C*X_0+((C*X_0)*cos(C+(C*X_1)/X_0))/X_2)+C
II.13.23,2,GRAMS-UCT,RMSE,0.04359570515540804,False,C/X_2*X_0*X_1/X_2/C+X_0,"['C', '/', 'X_2', '*', 'X_0', '*', 'X_1', '/', 'X_2', '/', 'C', '+', 'X_0']","[np.float64(-3.18925331378475), np.float64(-3.3781329716701953)]",rho_c = rho_c_0/sqrt(1-v^2/c^2),"['X_0', '/', 'sqrt', '(', '1', '-', 'X_1', '^2', '/', 'X_2', '^2', ')']",3,10000,((C*X_0)*X_1)/X_2^2+X_0
II.13.23,0,MC,N/A,0.05592479600075293,False,(C+((X_0-C/((X_0*C*C-X_0+C*X_1-X_2*X_2)/X_0*X_0)*X_0)+(C)+C*X_0*C)),"['(', 'C', '+', '(', '(', 'X_0', '-', 'C', '/', '(', '(', 'X_0', '*', 'C', '*', 'C', '-', 'X_0', '+', 'C', '*', 'X_1', '-', 'X_2', '*', 'X_2', ')', '/', 'X_0', '*', 'X_0', ')', '*', 'X_0', ')', '+', '(', 'C', ')', '+', 'C', '*', 'X_0', '*', 'C', ')', ')']","[np.float64(-1.6535940653432537), np.float64(0.7587171212597321), np.float64(0.12825717462842845), np.float64(4.973896931775849), np.float64(4.195509314267087), np.float64(1.6423453494733993), np.float64(0.008432511964138014), np.float64(1.2957606133116495)]",rho_c = rho_c_0/sqrt(1-v^2/c^2),"['X_0', '/', 'sqrt', '(', '1', '-', 'X_1', '^2', '/', 'X_2', '^2', ')']",3,10000,((C*X_0+(C*X_0)/(((C*X_0+C*X_1)+-1*X_0)+-1*X_2^2))+C)+X_0
II.13.23,1,MC,N/A,0.03978369976944708,False,(X_0)+X_0/(C+X_2*C+X_2+X_1/C*C*(X_1)),"['(', 'X_0', ')', '+', 'X_0', '/', '(', 'C', '+', 'X_2', '*', 'C', '+', 'X_2', '+', 'X_1', '/', 'C', '*', 'C', '*', '(', 'X_1', ')', ')']","[np.float64(-3.4674570768862067), np.float64(5.0), np.float64(-1.5096675568286841), np.float64(4.842924986059372)]",rho_c = rho_c_0/sqrt(1-v^2/c^2),"['X_0', '/', 'sqrt', '(', '1', '-', 'X_1', '^2', '/', 'X_2', '^2', ')']",3,10000,X_0+X_0/(((C*X_1^2+C*X_2)+C)+X_2)
II.13.23,2,MC,N/A,0.04779805193728715,False,(X_2)*X_0/C*X_0/X_0/C/(X_2*C-X_2*C*C/C-sqrt(X_2/C*X_0)*cos(exp(C))*X_1/X_2),"['(', 'X_2', ')', '*', 'X_0', '/', 'C', '*', 'X_0', '/', 'X_0', '/', 'C', '/', '(', 'X_2', '*', 'C', '-', 'X_2', '*', 'C', '*', 'C', '/', 'C', '-', 'sqrt', '(', 'X_2', '/', 'C', '*', 'X_0', ')', '*', 'cos', '(', 'exp', '(', 'C', ')', ')', '*', 'X_1', '/', 'X_2', ')']","[np.float64(-1.5488662772993373), np.float64(1.7269340269909952), np.float64(1.5542646322800924), np.float64(-4.293649157519502), np.float64(0.9788288540855276), np.float64(-2.1723694722537172), np.float64(4.583913814575591), np.float64(2.664015810347179)]",rho_c = rho_c_0/sqrt(1-v^2/c^2),"['X_0', '/', 'sqrt', '(', '1', '-', 'X_1', '^2', '/', 'X_2', '^2', ')']",3,10000,((C*X_0)*X_2)/(((C*X_1)*((C*X_0)*X_2)^0.5)/X_2+C*X_2)
II.13.34,0,GRAMS-PUCT,BIC,0.11792864263069913,False,C-C/cos(C/X_2)*(X_0)*X_1/C,"['C', '-', 'C', '/', 'cos', '(', 'C', '/', 'X_2', ')', '*', '(', 'X_0', ')', '*', 'X_1', '/', 'C']","[np.float64(-0.09228994169747662), np.float64(-2.0090265123884166), np.float64(1.73609348868773), np.float64(1.9827161648865987)]",j = rho_c_0*v/sqrt(1-v**2/c**2),"['X_0', '*', 'X_1', '/', 'sqrt', '(', '1', '-', 'X_1', '^2', '/', 'X_2', '^2', ')']",3,10000,((C*X_0)*X_1)/cos(C/X_2)+C
II.13.34,1,GRAMS-PUCT,BIC,0.12745336467799495,False,((C-X_0*X_0*X_1*(C/C-C/X_2)/X_0/C)),"['(', '(', 'C', '-', 'X_0', '*', 'X_0', '*', 'X_1', '*', '(', 'C', '/', 'C', '-', 'C', '/', 'X_2', ')', '/', 'X_0', '/', 'C', ')', ')']","[np.float64(-0.09294611879580664), np.float64(-5.0), np.float64(1.8038114784269046), np.float64(2.009017116777317), np.float64(2.91863357577507)]",j = rho_c_0*v/sqrt(1-v**2/c**2),"['X_0', '*', 'X_1', '/', 'sqrt', '(', '1', '-', 'X_1', '^2', '/', 'X_2', '^2', ')']",3,10000,((C*X_0)*X_1+((C*X_0)*X_1)/X_2)+C
II.13.34,2,GRAMS-PUCT,BIC,0.16452970397842373,False,X_0*(X_2*C*X_1+X_1/cos(C+C)*C),"['X_0', '*', '(', 'X_2', '*', 'C', '*', 'X_1', '+', 'X_1', '/', 'cos', '(', 'C', '+', 'C', ')', '*', 'C', ')']","[np.float64(-0.018816396589791087), np.float64(-1.1218111711251748), np.float64(1.9903876935147111), np.float64(0.7579509652064014)]",j = rho_c_0*v/sqrt(1-v**2/c**2),"['X_0', '*', 'X_1', '/', 'sqrt', '(', '1', '-', 'X_1', '^2', '/', 'X_2', '^2', ')']",3,10000,((C*X_0)*X_1)*X_2+(C*X_0)*X_1
II.13.34,0,GRAMS-PUCT,RMSE,0.12213092191185516,False,C*X_2/(C*C+C/X_0/X_1*X_2)/C-C,"['C', '*', 'X_2', '/', '(', 'C', '*', 'C', '+', 'C', '/', 'X_0', '/', 'X_1', '*', 'X_2', ')', '/', 'C', '-', 'C']","[np.float64(-4.231372845133632), np.float64(0.2474199087062955), np.float64(-1.1679096181158566), np.float64(3.3586061573398296), np.float64(-1.3775131769869016), np.float64(-0.23451242095795)]",j = rho_c_0*v/sqrt(1-v**2/c**2),"['X_0', '*', 'X_1', '/', 'sqrt', '(', '1', '-', 'X_1', '^2', '/', 'X_2', '^2', ')']",3,10000,(C*X_2)/((C*X_2)/(X_0*X_1)+C)+C
II.13.34,1,GRAMS-PUCT,RMSE,0.13288622970190134,False,(sin(C*C+C/X_2)-C*X_0-X_1)*X_0/C,"['(', 'sin', '(', 'C', '*', 'C', '+', 'C', '/', 'X_2', ')', '-', 'C', '*', 'X_0', '-', 'X_1', ')', '*', 'X_0', '/', 'C']","[np.float64(-3.8808777616725156), np.float64(4.117055426314515), np.float64(0.8419047926995249), np.float64(-0.0002461420815048264), np.float64(-0.8746486118533227)]",j = rho_c_0*v/sqrt(1-v**2/c**2),"['X_0', '*', 'X_1', '/', 'sqrt', '(', '1', '-', 'X_1', '^2', '/', 'X_2', '^2', ')']",3,10000,(C*X_0^2+(C*X_0)*X_1)+(C*X_0)*sin(C+C/X_2)
II.13.34,2,GRAMS-PUCT,RMSE,0.15840985885329517,False,X_2*C/C/X_2+C+(X_0+C/C/X_2)*X_1,"['X_2', '*', 'C', '/', 'C', '/', 'X_2', '+', 'C', '+', '(', 'X_0', '+', 'C', '/', 'C', '/', 'X_2', ')', '*', 'X_1']","[np.float64(-0.4302564298377815), np.float64(-4.999759527038534), np.float64(-0.4281437537234087), np.float64(4.999996716318463), np.float64(2.3152428475479367)]",j = rho_c_0*v/sqrt(1-v**2/c**2),"['X_0', '*', 'X_1', '/', 'sqrt', '(', '1', '-', 'X_1', '^2', '/', 'X_2', '^2', ')']",3,10000,((C*X_1)/X_2+C)+X_0*X_1
II.13.34,0,GRAMS-UCT,BIC,0.1599320809686823,False,(X_1*C+C+C/(C/X_2))*C*X_0+C*X_1-X_0,"['(', 'X_1', '*', 'C', '+', 'C', '+', 'C', '/', '(', 'C', '/', 'X_2', ')', ')', '*', 'C', '*', 'X_0', '+', 'C', '*', 'X_1', '-', 'X_0']","[np.float64(-4.381097441949004), np.float64(-3.936648770664236), np.float64(-0.4987904900365047), np.float64(-4.99991055213059), np.float64(-0.26081414286350346), np.float64(0.0009565294551524752)]",j = rho_c_0*v/sqrt(1-v**2/c**2),"['X_0', '*', 'X_1', '/', 'sqrt', '(', '1', '-', 'X_1', '^2', '/', 'X_2', '^2', ')']",3,10000,((((C*X_0)*X_1+(C*X_0)*X_2)+C*X_0)+C*X_1)+-1*X_0
II.13.34,1,GRAMS-UCT,BIC,0.07875931047472326,False,X_0*(cos(C+X_1)/C/C/X_2+C)*X_1,"['X_0', '*', '(', 'cos', '(', 'C', '+', 'X_1', ')', '/', 'C', '/', 'C', '/', 'X_2', '+', 'C', ')', '*', 'X_1']","[np.float64(0.9881659788210478), np.float64(1.3173791932428187), np.float64(-0.9301541446830196), np.float64(0.9352329382033054)]",j = rho_c_0*v/sqrt(1-v**2/c**2),"['X_0', '*', 'X_1', '/', 'sqrt', '(', '1', '-', 'X_1', '^2', '/', 'X_2', '^2', ')']",3,10000,(C*X_0)*X_1+(((C*X_0)*X_1)*cos(C+X_1))/X_2
II.13.34,2,GRAMS-UCT,BIC,0.10715390080816292,False,X_0/C/X_0*X_0+(X_1)*C*X_0*(C-X_2)/X_2,"['X_0', '/', 'C', '/', 'X_0', '*', 'X_0', '+', '(', 'X_1', ')', '*', 'C', '*', 'X_0', '*', '(', 'C', '-', 'X_2', ')', '/', 'X_2']","[np.float64(-5.0), np.float64(-1.0618115358887608), np.float64(-0.6446322658847146)]",j = rho_c_0*v/sqrt(1-v**2/c**2),"['X_0', '*', 'X_1', '/', 'sqrt', '(', '1', '-', 'X_1', '^2', '/', 'X_2', '^2', ')']",3,10000,((C*X_0)*X_1+((C*X_0)*X_1)/X_2)+C*X_0
II.13.34,0,GRAMS-UCT,RMSE,0.06450401068033243,False,X_1*C*(C+X_0+X_1*C*X_0/X_2*X_1*C)-C/X_1-C-X_1*X_0,"['X_1', '*', 'C', '*', '(', 'C', '+', 'X_0', '+', 'X_1', '*', 'C', '*', 'X_0', '/', 'X_2', '*', 'X_1', '*', 'C', ')', '-', 'C', '/', 'X_1', '-', 'C', '-', 'X_1', '*', 'X_0']","[np.float64(1.9363491476824841), np.float64(-0.32703853371989455), np.float64(0.08834764238967428), np.float64(1.4659370202970108), np.float64(0.7369752330801697), np.float64(-1.4758714038790974)]",j = rho_c_0*v/sqrt(1-v**2/c**2),"['X_0', '*', 'X_1', '/', 'sqrt', '(', '1', '-', 'X_1', '^2', '/', 'X_2', '^2', ')']",3,10000,((((((C*X_0)*X_1^3)/X_2+(C*X_0)*X_1)+C*X_1)+C)+C/X_1)+-1*(X_0*X_1)
II.13.34,1,GRAMS-UCT,RMSE,0.15216832650920656,False,C+C/C/X_2-X_1*C*X_0+X_1+X_1/C+C-C+C-X_1,"['C', '+', 'C', '/', 'C', '/', 'X_2', '-', 'X_1', '*', 'C', '*', 'X_0', '+', 'X_1', '+', 'X_1', '/', 'C', '+', 'C', '-', 'C', '+', 'C', '-', 'X_1']","[np.float64(-3.9077221633933523), np.float64(-1.7523820010835776), np.float64(-0.6033501392443937), np.float64(-1.0510058149479096), np.float64(3.6400435902744976), np.float64(3.2946819612051246), np.float64(2.7976896596518044), np.float64(2.4845728860553207)]",j = rho_c_0*v/sqrt(1-v**2/c**2),"['X_0', '*', 'X_1', '/', 'sqrt', '(', '1', '-', 'X_1', '^2', '/', 'X_2', '^2', ')']",3,10000,(((C*X_0)*X_1+C*X_1)+C)+C/X_2
II.13.34,2,GRAMS-UCT,RMSE,0.09140946119088782,False,C/C*X_1+X_0/cos(C/X_2)*((X_1))*(C)+X_1-X_0/X_0+(C)-C/C/X_1,"['C', '/', 'C', '*', 'X_1', '+', 'X_0', '/', 'cos', '(', 'C', '/', 'X_2', ')', '*', '(', '(', 'X_1', ')', ')', '*', '(', 'C', ')', '+', 'X_1', '-', 'X_0', '/', 'X_0', '+', '(', 'C', ')', '-', 'C', '/', 'C', '/', 'X_1']","[np.float64(-2.485213763996654), np.float64(5.0), np.float64(-1.7456421960712833), np.float64(0.9961712388319764), np.float64(-0.10505603593050844), np.float64(-1.901384788804113), np.float64(3.9107062611300867)]",j = rho_c_0*v/sqrt(1-v**2/c**2),"['X_0', '*', 'X_1', '/', 'sqrt', '(', '1', '-', 'X_1', '^2', '/', 'X_2', '^2', ')']",3,10000,(((((C*X_0)*X_1)/cos(C/X_2)+C*X_1)+C)+C/X_1)+X_1
II.13.34,0,MC,N/A,0.12230964773060721,False,X_0/(sin(C/X_2-C*X_1)/sqrt(X_2/X_0)-C*C)*X_1,"['X_0', '/', '(', 'sin', '(', 'C', '/', 'X_2', '-', 'C', '*', 'X_1', ')', '/', 'sqrt', '(', 'X_2', '/', 'X_0', ')', '-', 'C', '*', 'C', ')', '*', 'X_1']","[np.float64(-0.2918971178642724), np.float64(0.04945171139776738), np.float64(4.333174957890112), np.float64(-0.24402099342067096)]",j = rho_c_0*v/sqrt(1-v**2/c**2),"['X_0', '*', 'X_1', '/', 'sqrt', '(', '1', '-', 'X_1', '^2', '/', 'X_2', '^2', ')']",3,10000,(X_0*X_1)/(C+sin(C*X_1+C/X_2)/(X_2/X_0)^0.5)
II.13.34,1,MC,N/A,0.06807727581668209,False,C/(((X_2-C*exp(X_1/sin(C)))/X_1))*(X_0*X_2),"['C', '/', '(', '(', '(', 'X_2', '-', 'C', '*', 'exp', '(', 'X_1', '/', 'sin', '(', 'C', ')', ')', ')', '/', 'X_1', ')', ')', '*', '(', 'X_0', '*', 'X_2', ')']","[np.float64(0.9560565212825857), np.float64(0.09855113374124101), np.float64(1.46771545111959)]",j = rho_c_0*v/sqrt(1-v**2/c**2),"['X_0', '*', 'X_1', '/', 'sqrt', '(', '1', '-', 'X_1', '^2', '/', 'X_2', '^2', ')']",3,10000,(((C*X_0)*X_1)*X_2)/(C*exp(C*X_1)+X_2)
II.13.34,2,MC,N/A,0.18762123363933403,False,X_2/C*C*C+C-C-(X_1)*X_0/C,"['X_2', '/', 'C', '*', 'C', '*', 'C', '+', 'C', '-', 'C', '-', '(', 'X_1', ')', '*', 'X_0', '/', 'C']","[np.float64(-4.979990981648929), np.float64(-4.088148286422638), np.float64(-0.09683165867813608), np.float64(0.4798922799463806), np.float64(0.05765850079258315), np.float64(-0.935544417743064)]",j = rho_c_0*v/sqrt(1-v**2/c**2),"['X_0', '*', 'X_1', '/', 'sqrt', '(', '1', '-', 'X_1', '^2', '/', 'X_2', '^2', ')']",3,10000,((C*X_0)*X_1+C*X_2)+C
II.15.4,0,GRAMS-PUCT,BIC,0.12042643108667847,False,(C/X_1+X_2/C-sin(C-X_2)*((C+X_0)*X_1/C)-C),"['(', 'C', '/', 'X_1', '+', 'X_2', '/', 'C', '-', 'sin', '(', 'C', '-', 'X_2', ')', '*', '(', '(', 'C', '+', 'X_0', ')', '*', 'X_1', '/', 'C', ')', '-', 'C', ')']","[np.float64(-0.013074507595919941), np.float64(5.0), np.float64(1.5463137898165855), np.float64(-0.016400536515141555), np.float64(0.9991067123800625), np.float64(0.5893394129294831)]",E_n = -mom*B*cos(theta),"['u-', 'X_0', '*', 'X_1', '*', 'cos', '(', 'X_2', ')']",3,10000,(((((C*X_0)*X_1)*sin(C-X_2)+(C*X_1)*sin(C-X_2))+C*X_2)+C)+C/X_1
II.15.4,1,GRAMS-PUCT,BIC,1.7109369069887808e-06,False,((X_2)*X_0/X_2*X_1*(C*sin(C-(C/(C-C/X_0/(X_0/exp(X_0/C)))+C)+X_2)-C)),"['(', '(', 'X_2', ')', '*', 'X_0', '/', 'X_2', '*', 'X_1', '*', '(', 'C', '*', 'sin', '(', 'C', '-', '(', 'C', '/', '(', 'C', '-', 'C', '/', 'X_0', '/', '(', 'X_0', '/', 'exp', '(', 'X_0', '/', 'C', ')', ')', ')', '+', 'C', ')', '+', 'X_2', ')', '-', 'C', ')', ')']","[np.float64(-0.9999997316162966), np.float64(-1.848384998109268), np.float64(7.517460968480598e-06), np.float64(-4.780565257645475), np.float64(3.632834830564483), np.float64(3.076853076913153), np.float64(2.864005361282352), np.float64(-3.5755822211036666e-08)]",E_n = -mom*B*cos(theta),"['u-', 'X_0', '*', 'X_1', '*', 'cos', '(', 'X_2', ')']",3,10000,((C*X_0)*X_1)*sin((C+C/(C+(C*exp(C*X_0))/X_0^2))+X_2)+(C*X_0)*X_1
II.15.4,2,GRAMS-PUCT,BIC,7.672328175557751e-07,False,(C+sin((X_2)+C/C)*(X_1*X_0)*C),"['(', 'C', '+', 'sin', '(', '(', 'X_2', ')', '+', 'C', '/', 'C', ')', '*', '(', 'X_1', '*', 'X_0', ')', '*', 'C', ')']","[np.float64(1.9446317950590456e-07), np.float64(-2.7214231115094365), np.float64(1.7325118565200057), np.float64(1.0000000287108308)]",E_n = -mom*B*cos(theta),"['u-', 'X_0', '*', 'X_1', '*', 'cos', '(', 'X_2', ')']",3,10000,((C*X_0)*X_1)*sin(C+X_2)+C
II.15.4,0,GRAMS-PUCT,RMSE,3.257441548515285e-08,True,C*cos(X_2)*X_1*(X_0),"['C', '*', 'cos', '(', 'X_2', ')', '*', 'X_1', '*', '(', 'X_0', ')']",[np.float64(-1.0000000049646094)],E_n = -mom*B*cos(theta),"['u-', 'X_0', '*', 'X_1', '*', 'cos', '(', 'X_2', ')']",3,3094,((C*X_0)*X_1)*cos(X_2)
II.15.4,1,GRAMS-PUCT,RMSE,2.065579747975966,False,(C/C/C*sin(X_2+C)*(X_0)/X_2/C*X_1),"['(', 'C', '/', 'C', '/', 'C', '*', 'sin', '(', 'X_2', '+', 'C', ')', '*', '(', 'X_0', ')', '/', 'X_2', '/', 'C', '*', 'X_1', ')']","[np.float64(-5.0), np.float64(0.15042978514959324), np.float64(3.4213611116348184), np.float64(-1.5264821773029984), np.float64(-3.735415369356515)]",E_n = -mom*B*cos(theta),"['u-', 'X_0', '*', 'X_1', '*', 'cos', '(', 'X_2', ')']",3,10000,(((C*X_0)*X_1)*sin(C+X_2))/X_2
II.15.4,2,GRAMS-PUCT,RMSE,2.608849787031796,False,C+X_1-X_2+C/C*sin(C+X_2)-X_2/X_0/X_0*cos(X_2/C+C),"['C', '+', 'X_1', '-', 'X_2', '+', 'C', '/', 'C', '*', 'sin', '(', 'C', '+', 'X_2', ')', '-', 'X_2', '/', 'X_0', '/', 'X_0', '*', 'cos', '(', 'X_2', '/', 'C', '+', 'C', ')']","[np.float64(0.5925177466203985), np.float64(4.746028269262533), np.float64(0.5075914393478523), np.float64(-1.7511211995124552), np.float64(-4.915741595699713), np.float64(0.5732084393210566)]",E_n = -mom*B*cos(theta),"['u-', 'X_0', '*', 'X_1', '*', 'cos', '(', 'X_2', ')']",3,10000,(((C*sin(C+X_2)+C)+X_1)+-1*X_2)+-1*((X_2*cos(C*X_2+C))/X_0^2)
II.15.4,0,GRAMS-UCT,BIC,0.9137372571054475,False,(exp(C)*cos(C-X_2)-X_0)/C/C*X_0*X_1-C/C,"['(', 'exp', '(', 'C', ')', '*', 'cos', '(', 'C', '-', 'X_2', ')', '-', 'X_0', ')', '/', 'C', '/', 'C', '*', 'X_0', '*', 'X_1', '-', 'C', '/', 'C']","[np.float64(3.3004743466094273), np.float64(-3.15099346244057), np.float64(-5.0), np.float64(-5.0), np.float64(0.2880247625976538), np.float64(-0.3271954256849812)]",E_n = -mom*B*cos(theta),"['u-', 'X_0', '*', 'X_1', '*', 'cos', '(', 'X_2', ')']",3,10000,((C*X_0^2)*X_1+((C*X_0)*X_1)*cos(C-X_2))+C
II.15.4,1,GRAMS-UCT,BIC,0.8131259707314498,False,C*sin(X_2+cos(X_2-C)+X_2*X_2/C)*C*X_0*X_1,"['C', '*', 'sin', '(', 'X_2', '+', 'cos', '(', 'X_2', '-', 'C', ')', '+', 'X_2', '*', 'X_2', '/', 'C', ')', '*', 'C', '*', 'X_0', '*', 'X_1']","[np.float64(-1.1468370922936146), np.float64(-0.6284387477517615), np.float64(-2.607389253680333), np.float64(0.823567064622594)]",E_n = -mom*B*cos(theta),"['u-', 'X_0', '*', 'X_1', '*', 'cos', '(', 'X_2', ')']",3,10000,((C*X_0)*X_1)*sin((C*X_2^2+X_2)+cos(C-X_2))
II.15.4,2,GRAMS-UCT,BIC,1.9234807559617202,False,cos((X_2)-C/X_1)*X_1*C/C-C+exp(X_0-C/C)+X_2,"['cos', '(', '(', 'X_2', ')', '-', 'C', '/', 'X_1', ')', '*', 'X_1', '*', 'C', '/', 'C', '-', 'C', '+', 'exp', '(', 'X_0', '-', 'C', '/', 'C', ')', '+', 'X_2']","[np.float64(-0.5001659668610443), np.float64(-2.0984422604441337), np.float64(0.7130890367014053), np.float64(4.335810518543673), np.float64(5.0), np.float64(1.5211469903172854)]",E_n = -mom*B*cos(theta),"['u-', 'X_0', '*', 'X_1', '*', 'cos', '(', 'X_2', ')']",3,10000,(((C*X_1)*cos(C/X_1-X_2)+C*exp(X_0))+C)+X_2
II.15.4,0,GRAMS-UCT,RMSE,1.5675671155199764,False,C/(C)/C*C*(X_1+X_0)*X_0*cos(X_2),"['C', '/', '(', 'C', ')', '/', 'C', '*', 'C', '*', '(', 'X_1', '+', 'X_0', ')', '*', 'X_0', '*', 'cos', '(', 'X_2', ')']","[np.float64(-4.994916229593977), np.float64(-4.853367383975113), np.float64(-4.760888346632663), np.float64(2.0844821591336418)]",E_n = -mom*B*cos(theta),"['u-', 'X_0', '*', 'X_1', '*', 'cos', '(', 'X_2', ')']",3,10000,(C*X_0^2)*cos(X_2)+((C*X_0)*X_1)*cos(X_2)
II.15.4,1,GRAMS-UCT,RMSE,1.6383788577765256e-06,False,C*(X_1)*X_2+(X_1*C+C)-C-X_0/C*cos(X_2)*X_1,"['C', '*', '(', 'X_1', ')', '*', 'X_2', '+', '(', 'X_1', '*', 'C', '+', 'C', ')', '-', 'C', '-', 'X_0', '/', 'C', '*', 'cos', '(', 'X_2', ')', '*', 'X_1']","[np.float64(1.392237877633067e-07), np.float64(-1.4155150399089698e-06), np.float64(-1.7854957183047533), np.float64(-1.7854998912450026), np.float64(1.0000000972336878)]",E_n = -mom*B*cos(theta),"['u-', 'X_0', '*', 'X_1', '*', 'cos', '(', 'X_2', ')']",3,10000,((((C*X_0)*X_1)*cos(X_2)+(C*X_1)*X_2)+C*X_1)+C
II.15.4,2,GRAMS-UCT,RMSE,8.81261721941112e-07,False,C*cos(C+C+X_2)*X_1*C*X_0-C,"['C', '*', 'cos', '(', 'C', '+', 'C', '+', 'X_2', ')', '*', 'X_1', '*', 'C', '*', 'X_0', '-', 'C']","[np.float64(-1.766999940203659), np.float64(-2.799902768898452), np.float64(-3.483282542114608), np.float64(0.5659308890656066), np.float64(-2.226138887047369e-07)]",E_n = -mom*B*cos(theta),"['u-', 'X_0', '*', 'X_1', '*', 'cos', '(', 'X_2', ')']",3,10000,((C*X_0)*X_1)*cos(C+X_2)+C
II.15.4,0,MC,N/A,2.64113656273122e-06,False,sin(C-X_2)*((C+X_0)*X_1/C),"['sin', '(', 'C', '-', 'X_2', ')', '*', '(', '(', 'C', '+', 'X_0', ')', '*', 'X_1', '/', 'C', ')']","[np.float64(-1.5707962973259528), np.float64(-3.09135747875212e-06), np.float64(0.9999989018731689)]",E_n = -mom*B*cos(theta),"['u-', 'X_0', '*', 'X_1', '*', 'cos', '(', 'X_2', ')']",3,10000,((C*X_0)*X_1)*sin(C-X_2)+(C*X_1)*sin(C-X_2)
II.15.4,1,MC,N/A,2.2687090617885,False,X_0*C-C/sqrt(X_2-C)*cos(X_1*X_2/X_1)*X_1,"['X_0', '*', 'C', '-', 'C', '/', 'sqrt', '(', 'X_2', '-', 'C', ')', '*', 'cos', '(', 'X_1', '*', 'X_2', '/', 'X_1', ')', '*', 'X_1']","[np.float64(0.375776140116814), np.float64(5.0), np.float64(-0.8101818065035584)]",E_n = -mom*B*cos(theta),"['u-', 'X_0', '*', 'X_1', '*', 'cos', '(', 'X_2', ')']",3,10000,C*X_0+((C*X_1)*cos(X_2))/(C+X_2)^0.5
II.15.4,2,MC,N/A,2.336711070770224,False,C*cos(C*C*X_0-X_2)*X_0,"['C', '*', 'cos', '(', 'C', '*', 'C', '*', 'X_0', '-', 'X_2', ')', '*', 'X_0']","[np.float64(-3.0026908495814184), np.float64(3.3257456627959194), np.float64(-0.00010760568497204632)]",E_n = -mom*B*cos(theta),"['u-', 'X_0', '*', 'X_1', '*', 'cos', '(', 'X_2', ')']",3,10000,(C*X_0)*cos(C*X_0-X_2)
II.15.5,0,GRAMS-PUCT,BIC,2.3844330735582795,False,(((cos(X_2)*C*((X_1+(X_1)*X_2-X_0/exp(X_1+C+C/C)*X_0-X_2*X_1)+X_1)+C*X_1))),"['(', '(', '(', 'cos', '(', 'X_2', ')', '*', 'C', '*', '(', '(', 'X_1', '+', '(', 'X_1', ')', '*', 'X_2', '-', 'X_0', '/', 'exp', '(', 'X_1', '+', 'C', '+', 'C', '/', 'C', ')', '*', 'X_0', '-', 'X_2', '*', 'X_1', ')', '+', 'X_1', ')', '+', 'C', '*', 'X_1', ')', ')', ')']","[np.float64(-1.4865866156758494), np.float64(4.450198184875855), np.float64(-3.7472642702149437), np.float64(-0.5197563546649336), np.float64(0.0039843413939476225)]",E_n = -p_d*Ef*cos(theta),"['u-', 'X_0', '*', 'X_1', '*', 'cos', '(', 'X_2', ')']",3,10000,(((C*X_0^2)*exp(-1*X_1))*cos(X_2)+(C*X_1)*cos(X_2))+C*X_1
II.15.5,1,GRAMS-PUCT,BIC,7.214928132959036e-07,False,cos(C-X_2)*X_0*C*X_1,"['cos', '(', 'C', '-', 'X_2', ')', '*', 'X_0', '*', 'C', '*', 'X_1']","[np.float64(3.141592574170875), np.float64(0.9999999503130816)]",E_n = -p_d*Ef*cos(theta),"['u-', 'X_0', '*', 'X_1', '*', 'cos', '(', 'X_2', ')']",3,10000,((C*X_0)*X_1)*cos(C-X_2)
II.15.5,2,GRAMS-PUCT,BIC,2.1611216210011106,False,X_0*((sin(C*X_1*X_2/C-X_2))-C*X_0+(C*C-X_2/X_2-C*X_2)*X_2+C),"['X_0', '*', '(', '(', 'sin', '(', 'C', '*', 'X_1', '*', 'X_2', '/', 'C', '-', 'X_2', ')', ')', '-', 'C', '*', 'X_0', '+', '(', 'C', '*', 'C', '-', 'X_2', '/', 'X_2', '-', 'C', '*', 'X_2', ')', '*', 'X_2', '+', 'C', ')']","[np.float64(0.20437775302521277), np.float64(-3.250334145606343), np.float64(-0.002979691452104835), np.float64(-2.5493874561215666), np.float64(-2.4508138467621814), np.float64(0.922633071807047), np.float64(-4.970490309454293)]",E_n = -p_d*Ef*cos(theta),"['u-', 'X_0', '*', 'X_1', '*', 'cos', '(', 'X_2', ')']",3,10000,(((C*X_0^2+(C*X_0)*X_2^2)+(C*X_0)*X_2)+C*X_0)+X_0*sin((C*X_1)*X_2-X_2)
II.15.5,0,GRAMS-PUCT,RMSE,1.43770094625303,False,C-X_2/X_2-X_1*X_2*(C)*sin(C-C*C+cos(X_2)*X_0/C+C/X_2)-C,"['C', '-', 'X_2', '/', 'X_2', '-', 'X_1', '*', 'X_2', '*', '(', 'C', ')', '*', 'sin', '(', 'C', '-', 'C', '*', 'C', '+', 'cos', '(', 'X_2', ')', '*', 'X_0', '/', 'C', '+', 'C', '/', 'X_2', ')', '-', 'C']","[np.float64(1.6144189257644128), np.float64(1.7100106848379237), np.float64(2.6629743935968504), np.float64(-0.13218962528137496), np.float64(3.392345724677809), np.float64(-5.0), np.float64(0.008645986268680642), np.float64(0.4350055247401759)]",E_n = -p_d*Ef*cos(theta),"['u-', 'X_0', '*', 'X_1', '*', 'cos', '(', 'X_2', ')']",3,10000,((C*X_1)*X_2)*sin(((C*X_0)*cos(X_2)+C)+C/X_2)+C
II.15.5,1,GRAMS-PUCT,RMSE,0.8785310495099586,False,((sin(C+C-X_1+X_1-C+C*X_2/C)*(C+X_0+X_1))/C),"['(', '(', 'sin', '(', 'C', '+', 'C', '-', 'X_1', '+', 'X_1', '-', 'C', '+', 'C', '*', 'X_2', '/', 'C', ')', '*', '(', 'C', '+', 'X_0', '+', 'X_1', ')', ')', '/', 'C', ')']","[np.float64(2.9061023980932887), np.float64(-0.05049747213180882), np.float64(-4.998259634728169), np.float64(-4.349738205129041), np.float64(-4.349892574807674), np.float64(-2.9517610048638834), np.float64(-0.33736010902681496)]",E_n = -p_d*Ef*cos(theta),"['u-', 'X_0', '*', 'X_1', '*', 'cos', '(', 'X_2', ')']",3,10000,((C*X_0)*sin(C*X_2+C)+(C*X_1)*sin(C*X_2+C))+C*sin(C*X_2+C)
II.15.5,2,GRAMS-PUCT,RMSE,1.5303250271193312,False,X_1-X_2*C/cos(X_2/C/X_2-X_1/C)/C*sin(X_2+C-(C))*X_0+C-X_1,"['X_1', '-', 'X_2', '*', 'C', '/', 'cos', '(', 'X_2', '/', 'C', '/', 'X_2', '-', 'X_1', '/', 'C', ')', '/', 'C', '*', 'sin', '(', 'X_2', '+', 'C', '-', '(', 'C', ')', ')', '*', 'X_0', '+', 'C', '-', 'X_1']","[np.float64(-2.4616031223918236), np.float64(-3.75318759839932), np.float64(5.0), np.float64(4.430121073845202), np.float64(1.8679912337909803), np.float64(-2.9168129878147853), np.float64(-0.06277121455234504)]",E_n = -p_d*Ef*cos(theta),"['u-', 'X_0', '*', 'X_1', '*', 'cos', '(', 'X_2', ')']",3,10000,(((C*X_0)*X_2)*sin(C+X_2))/cos(C*X_1+C)+C
II.15.5,0,GRAMS-UCT,BIC,1.4722382478364406,False,X_2/X_2+X_1*X_2*(C)*sin(C-C*C+cos(X_2)*X_0/C+C/X_2),"['X_2', '/', 'X_2', '+', 'X_1', '*', 'X_2', '*', '(', 'C', ')', '*', 'sin', '(', 'C', '-', 'C', '*', 'C', '+', 'cos', '(', 'X_2', ')', '*', 'X_0', '/', 'C', '+', 'C', '/', 'X_2', ')']","[np.float64(1.6880766592247274), np.float64(2.791851998051374), np.float64(-0.48140780043549203), np.float64(0.7936470656339056), np.float64(5.0), np.float64(0.1227579105097369)]",E_n = -p_d*Ef*cos(theta),"['u-', 'X_0', '*', 'X_1', '*', 'cos', '(', 'X_2', ')']",3,10000,((C*X_1)*X_2)*sin(((C*X_0)*cos(X_2)+C)+C/X_2)+1
II.15.5,1,GRAMS-UCT,BIC,9.010039189444635e-07,False,cos(X_2)*(C)*X_0*X_1-(C/exp(C-cos(X_0*(X_1*C/X_0)*C/X_1))*C),"['cos', '(', 'X_2', ')', '*', '(', 'C', ')', '*', 'X_0', '*', 'X_1', '-', '(', 'C', '/', 'exp', '(', 'C', '-', 'cos', '(', 'X_0', '*', '(', 'X_1', '*', 'C', '/', 'X_0', ')', '*', 'C', '/', 'X_1', ')', ')', '*', 'C', ')']","[np.float64(-0.9999999489745139), np.float64(0.001170361382935537), np.float64(5.0), np.float64(-2.593448444236472), np.float64(1.671617190817564), np.float64(-0.1956174063328313)]",E_n = -p_d*Ef*cos(theta),"['u-', 'X_0', '*', 'X_1', '*', 'cos', '(', 'X_2', ')']",3,10000,((C*X_0)*X_1)*cos(X_2)+C
II.15.5,2,GRAMS-UCT,BIC,1.8213902578123224,False,C/X_1+X_2/C*X_0*C*X_0+cos(exp(C*((X_0)+C))/C+X_2/C)*X_1/C,"['C', '/', 'X_1', '+', 'X_2', '/', 'C', '*', 'X_0', '*', 'C', '*', 'X_0', '+', 'cos', '(', 'exp', '(', 'C', '*', '(', '(', 'X_0', ')', '+', 'C', ')', ')', '/', 'C', '+', 'X_2', '/', 'C', ')', '*', 'X_1', '/', 'C']","[np.float64(-2.3081281545901255), np.float64(-4.999998083890973), np.float64(-0.3401386425519384), np.float64(-0.10667298722011165), np.float64(0.8073356307472439), np.float64(3.256953283747499), np.float64(-0.9111430232941362), np.float64(-0.3842833576216746)]",E_n = -p_d*Ef*cos(theta),"['u-', 'X_0', '*', 'X_1', '*', 'cos', '(', 'X_2', ')']",3,10000,((C*X_0^2)*X_2+(C*X_1)*cos(C*X_2+C*exp(C*X_0)))+C/X_1
II.15.5,0,GRAMS-UCT,RMSE,1.8326773658327522,False,sin(C-X_2)*(X_1/C)-sin(X_0)/C*C/X_0-X_1*C+C/X_0,"['sin', '(', 'C', '-', 'X_2', ')', '*', '(', 'X_1', '/', 'C', ')', '-', 'sin', '(', 'X_0', ')', '/', 'C', '*', 'C', '/', 'X_0', '-', 'X_1', '*', 'C', '+', 'C', '/', 'X_0']","[np.float64(-4.711678550462699), np.float64(-0.3360282533689219), np.float64(0.5590009765527274), np.float64(3.037646791206657), np.float64(-0.01280452095368555), np.float64(2.028020613488039)]",E_n = -p_d*Ef*cos(theta),"['u-', 'X_0', '*', 'X_1', '*', 'cos', '(', 'X_2', ')']",3,10000,(((C*X_1)*sin(C-X_2)+C*X_1)+(C*sin(X_0))/X_0)+C/X_0
II.15.5,1,GRAMS-UCT,RMSE,1.249625769597792e-06,False,sin(C/X_0+X_2-C)*C*C*X_1*X_0/C-X_1*C-C,"['sin', '(', 'C', '/', 'X_0', '+', 'X_2', '-', 'C', ')', '*', 'C', '*', 'C', '*', 'X_1', '*', 'X_0', '/', 'C', '-', 'X_1', '*', 'C', '-', 'C']","[np.float64(4.1014363109814913e-07), np.float64(-1.5707962428316835), np.float64(0.6984225471583456), np.float64(-3.2587670886487463), np.float64(2.2759959352126864), np.float64(1.2697993039745083e-07), np.float64(-9.351639940899671e-08)]",E_n = -p_d*Ef*cos(theta),"['u-', 'X_0', '*', 'X_1', '*', 'cos', '(', 'X_2', ')']",3,10000,(((C*X_0)*X_1)*sin((C+C/X_0)+X_2)+C*X_1)+C
II.15.5,2,GRAMS-UCT,RMSE,2.3843588152941972,False,C*(cos(X_2/X_2/(X_2-X_0)*X_1*(X_1/C*X_1)+C)*C+cos(X_2)*X_1)-C,"['C', '*', '(', 'cos', '(', 'X_2', '/', 'X_2', '/', '(', 'X_2', '-', 'X_0', ')', '*', 'X_1', '*', '(', 'X_1', '/', 'C', '*', 'X_1', ')', '+', 'C', ')', '*', 'C', '+', 'cos', '(', 'X_2', ')', '*', 'X_1', ')', '-', 'C']","[np.float64(-2.9789147876589195), np.float64(0.44582890822372456), np.float64(-3.6695517916329554), np.float64(0.009485131169184598), np.float64(0.0041249800897225)]",E_n = -p_d*Ef*cos(theta),"['u-', 'X_0', '*', 'X_1', '*', 'cos', '(', 'X_2', ')']",3,10000,((C*X_1)*cos(X_2)+C*cos((C*X_1^3)/(-1*X_0+X_2)+C))+C
II.15.5,0,MC,N/A,7.591888403253544e-07,False,sin(C-X_2)*((C+X_0)*X_1/C),"['sin', '(', 'C', '-', 'X_2', ')', '*', '(', '(', 'C', '+', 'X_0', ')', '*', 'X_1', '/', 'C', ')']","[np.float64(-1.570796333125537), np.float64(4.9181524309889456e-08), np.float64(1.000000128910435)]",E_n = -p_d*Ef*cos(theta),"['u-', 'X_0', '*', 'X_1', '*', 'cos', '(', 'X_2', ')']",3,10000,((C*X_0)*X_1)*sin(C-X_2)+(C*X_1)*sin(C-X_2)
II.15.5,1,MC,N/A,2.290260629083692,False,X_0*C-C/sqrt(X_2-C)*cos(X_1*X_2/X_1)*X_1,"['X_0', '*', 'C', '-', 'C', '/', 'sqrt', '(', 'X_2', '-', 'C', ')', '*', 'cos', '(', 'X_1', '*', 'X_2', '/', 'X_1', ')', '*', 'X_1']","[np.float64(0.37842728681719795), np.float64(5.0), np.float64(-0.803919216018153)]",E_n = -p_d*Ef*cos(theta),"['u-', 'X_0', '*', 'X_1', '*', 'cos', '(', 'X_2', ')']",3,10000,C*X_0+((C*X_1)*cos(X_2))/(C+X_2)^0.5
II.15.5,2,MC,N/A,2.3809592608754424,False,C+sin(X_2+C-X_2/C/C+C+C)*X_0/C*C,"['C', '+', 'sin', '(', 'X_2', '+', 'C', '-', 'X_2', '/', 'C', '/', 'C', '+', 'C', '+', 'C', ')', '*', 'X_0', '/', 'C', '*', 'C']","[np.float64(0.44739531485607614), np.float64(1.208347289249439), np.float64(-5.0), np.float64(5.0), np.float64(3.8553615881455015), np.float64(-3.620759824198405), np.float64(-1.6811999851685824), np.float64(4.876854075446729)]",E_n = -p_d*Ef*cos(theta),"['u-', 'X_0', '*', 'X_1', '*', 'cos', '(', 'X_2', ')']",3,10000,(C*X_0)*sin((C*X_2+C)+X_2)+C
II.2.42,0,GRAMS-PUCT,BIC,4.651751462012761,False,C*X_4*X_1*C+X_1-C*X_2-(X_1)/(C),"['C', '*', 'X_4', '*', 'X_1', '*', 'C', '+', 'X_1', '-', 'C', '*', 'X_2', '-', '(', 'X_1', ')', '/', '(', 'C', ')']","[np.float64(1.3358312872897817), np.float64(0.15515061274497036), np.float64(-3.58411935453723), np.float64(0.19167547311872962)]",Pwr = kappa*(T2-T1)*A/d,"['X_0', '*', '(', 'X_2', '-', 'X_1', ')', '*', 'X_3', '/', 'X_4']",5,10000,(((C*X_1)*X_4+C*X_1)+C*X_2)+X_1
II.2.42,1,GRAMS-PUCT,BIC,4.257953462112732,False,(C*(cos(X_1+X_1/C)/X_4-(X_2+C)*C))/C,"['(', 'C', '*', '(', 'cos', '(', 'X_1', '+', 'X_1', '/', 'C', ')', '/', 'X_4', '-', '(', 'X_2', '+', 'C', ')', '*', 'C', ')', ')', '/', 'C']","[np.float64(2.1736270341979163), np.float64(-2.1458332704457095), np.float64(-2.955454698384679), np.float64(-0.18966267433782202), np.float64(0.11531152560527562)]",Pwr = kappa*(T2-T1)*A/d,"['X_0', '*', '(', 'X_2', '-', 'X_1', ')', '*', 'X_3', '/', 'X_4']",5,10000,(C*X_2+C)+(C*cos(C*X_1+X_1))/X_4
II.2.42,2,GRAMS-PUCT,BIC,4.673520604043282,False,X_1/X_3+X_2*C-C*(C*C*X_1)*C,"['X_1', '/', 'X_3', '+', 'X_2', '*', 'C', '-', 'C', '*', '(', 'C', '*', 'C', '*', 'X_1', ')', '*', 'C']","[np.float64(3.579356100414315), np.float64(1.8390667779230263), np.float64(1.061232131372037), np.float64(1.4294688488503668), np.float64(1.4293131693154792)]",Pwr = kappa*(T2-T1)*A/d,"['X_0', '*', '(', 'X_2', '-', 'X_1', ')', '*', 'X_3', '/', 'X_4']",5,10000,(C*X_1+C*X_2)+X_1/X_3
II.2.42,0,GRAMS-PUCT,RMSE,4.203809304488594,False,X_1*X_3/(sin(C*C)-C)+X_2-C/C*X_2*X_3-C,"['X_1', '*', 'X_3', '/', '(', 'sin', '(', 'C', '*', 'C', ')', '-', 'C', ')', '+', 'X_2', '-', 'C', '/', 'C', '*', 'X_2', '*', 'X_3', '-', 'C']","[np.float64(3.5580599781290183), np.float64(-1.015075442504363), np.float64(1.3503008715449014), np.float64(4.839262483472394), np.float64(-4.930257759255702), np.float64(1.7715459843574763)]",Pwr = kappa*(T2-T1)*A/d,"['X_0', '*', '(', 'X_2', '-', 'X_1', ')', '*', 'X_3', '/', 'X_4']",5,10000,(((C*X_1)*X_3+(C*X_2)*X_3)+C)+X_2
II.2.42,1,GRAMS-PUCT,RMSE,4.18290544317731,False,X_0*(X_2+X_1*C-C),"['X_0', '*', '(', 'X_2', '+', 'X_1', '*', 'C', '-', 'C', ')']","[np.float64(-1.1952556430885264), np.float64(-0.5659751849137212)]",Pwr = kappa*(T2-T1)*A/d,"['X_0', '*', '(', 'X_2', '-', 'X_1', ')', '*', 'X_3', '/', 'X_4']",5,10000,((C*X_0)*X_1+C*X_0)+X_0*X_2
II.2.42,2,GRAMS-PUCT,RMSE,4.178843358818725,False,(X_1-cos(((X_3)/X_3))*X_2+C)/(X_4*C),"['(', 'X_1', '-', 'cos', '(', '(', '(', 'X_3', ')', '/', 'X_3', ')', ')', '*', 'X_2', '+', 'C', ')', '/', '(', 'X_4', '*', 'C', ')']","[np.float64(-1.3568921470193527), np.float64(-0.0936926308935083)]",Pwr = kappa*(T2-T1)*A/d,"['X_0', '*', '(', 'X_2', '-', 'X_1', ')', '*', 'X_3', '/', 'X_4']",5,10000,((C*X_1)/X_4+(C*X_2)/X_4)+C/X_4
II.2.42,0,GRAMS-UCT,BIC,3.8295925684704497,False,(C*X_3*C*(X_2+X_1*(X_3)*C))*X_0+(C)+C-X_0,"['(', 'C', '*', 'X_3', '*', 'C', '*', '(', 'X_2', '+', 'X_1', '*', '(', 'X_3', ')', '*', 'C', ')', ')', '*', 'X_0', '+', '(', 'C', ')', '+', 'C', '-', 'X_0']","[np.float64(0.35325336934284796), np.float64(1.1966466998696657), np.float64(-0.1905564255884709), np.float64(-3.713692648543552), np.float64(2.811524900600876)]",Pwr = kappa*(T2-T1)*A/d,"['X_0', '*', '(', 'X_2', '-', 'X_1', ')', '*', 'X_3', '/', 'X_4']",5,10000,((((C*X_0)*X_1)*X_3^2+((C*X_0)*X_2)*X_3)+C)+-1*X_0
II.2.42,1,GRAMS-UCT,BIC,4.208703253572517,False,X_0/C-X_2*X_3*C-X_1/C+X_3*X_1*C*X_3+X_1+(C),"['X_0', '/', 'C', '-', 'X_2', '*', 'X_3', '*', 'C', '-', 'X_1', '/', 'C', '+', 'X_3', '*', 'X_1', '*', 'C', '*', 'X_3', '+', 'X_1', '+', '(', 'C', ')']","[np.float64(-5.0), np.float64(-1.1628016395208114), np.float64(0.3836050571487243), np.float64(-0.19147286302266192), np.float64(0.8851242964317402)]",Pwr = kappa*(T2-T1)*A/d,"['X_0', '*', '(', 'X_2', '-', 'X_1', ')', '*', 'X_3', '/', 'X_4']",5,10000,((((C*X_0+(C*X_1)*X_3^2)+C*X_1)+(C*X_2)*X_3)+C)+X_1
II.2.42,2,GRAMS-UCT,BIC,4.294899428764205,False,(X_3/C+X_1-X_2-X_0*C)/X_4/X_1*C*((C)-X_0*C),"['(', 'X_3', '/', 'C', '+', 'X_1', '-', 'X_2', '-', 'X_0', '*', 'C', ')', '/', 'X_4', '/', 'X_1', '*', 'C', '*', '(', '(', 'C', ')', '-', 'X_0', '*', 'C', ')']","[np.float64(5.0), np.float64(0.022341141515006564), np.float64(-1.4280202442243166), np.float64(-0.08043019951486717), np.float64(-4.167307006232455)]",Pwr = kappa*(T2-T1)*A/d,"['X_0', '*', '(', 'X_2', '-', 'X_1', ')', '*', 'X_3', '/', 'X_4']",5,10000,(((((((C*X_0^2)/(X_1*X_4)+((C*X_0)*X_2)/(X_1*X_4))+((C*X_0)*X_3)/(X_1*X_4))+(C*X_0)/(X_1*X_4))+(C*X_0)/X_4)+(C*X_2)/(X_1*X_4))+(C*X_3)/(X_1*X_4))+C/X_4
II.2.42,0,GRAMS-UCT,RMSE,4.396362778637654,False,C*X_0-X_3*X_2*C+(C*(X_1)/C*X_0-X_4)+X_3+X_3*C,"['C', '*', 'X_0', '-', 'X_3', '*', 'X_2', '*', 'C', '+', '(', 'C', '*', '(', 'X_1', ')', '/', 'C', '*', 'X_0', '-', 'X_4', ')', '+', 'X_3', '+', 'X_3', '*', 'C']","[np.float64(4.029206022245981), np.float64(-1.199038665802787), np.float64(3.940011679033457), np.float64(-3.3052909035651368), np.float64(-4.1324615564956435)]",Pwr = kappa*(T2-T1)*A/d,"['X_0', '*', '(', 'X_2', '-', 'X_1', ')', '*', 'X_3', '/', 'X_4']",5,10000,(((((C*X_0)*X_1+C*X_0)+(C*X_2)*X_3)+C*X_3)+X_3)+-1*X_4
II.2.42,1,GRAMS-UCT,RMSE,3.9560810061931555,False,X_3/C*X_2*C-(X_3+X_3/X_3+X_1/(X_4))*X_1+X_2/X_4*C/X_1/C-X_1/C,"['X_3', '/', 'C', '*', 'X_2', '*', 'C', '-', '(', 'X_3', '+', 'X_3', '/', 'X_3', '+', 'X_1', '/', '(', 'X_4', ')', ')', '*', 'X_1', '+', 'X_2', '/', 'X_4', '*', 'C', '/', 'X_1', '/', 'C', '-', 'X_1', '/', 'C']","[np.float64(-2.19692380713713), np.float64(-1.8296823413710928), np.float64(5.0), np.float64(1.3351232605836352), np.float64(-0.4129326175071384)]",Pwr = kappa*(T2-T1)*A/d,"['X_0', '*', '(', 'X_2', '-', 'X_1', ')', '*', 'X_3', '/', 'X_4']",5,10000,((((C*X_1+(C*X_2)*X_3)+(C*X_2)/(X_1*X_4))+-1*(X_1^2/X_4))+-1*(X_1*X_3))+-1*X_1
II.2.42,2,GRAMS-UCT,RMSE,4.117193630379776,False,X_0/X_4/X_0/C*C*C-(X_2-(C*X_1))/C*X_0,"['X_0', '/', 'X_4', '/', 'X_0', '/', 'C', '*', 'C', '*', 'C', '-', '(', 'X_2', '-', '(', 'C', '*', 'X_1', ')', ')', '/', 'C', '*', 'X_0']","[np.float64(-3.939474670587212), np.float64(2.8860356714578748), np.float64(0.23428419867647832), np.float64(0.9977962294568191), np.float64(-0.8342493180548453)]",Pwr = kappa*(T2-T1)*A/d,"['X_0', '*', '(', 'X_2', '-', 'X_1', ')', '*', 'X_3', '/', 'X_4']",5,10000,((C*X_0)*X_1+(C*X_0)*X_2)+C/X_4
II.2.42,0,MC,N/A,4.330682951713038,False,(X_3/sqrt(X_0-C+C/C/C*C*X_0*C)/X_3-C*(X_3*X_1-X_3*X_2)/C),"['(', 'X_3', '/', 'sqrt', '(', 'X_0', '-', 'C', '+', 'C', '/', 'C', '/', 'C', '*', 'C', '*', 'X_0', '*', 'C', ')', '/', 'X_3', '-', 'C', '*', '(', 'X_3', '*', 'X_1', '-', 'X_3', '*', 'X_2', ')', '/', 'C', ')']","[np.float64(-2.4625539629740323), np.float64(-3.609708067768732), np.float64(-2.8483822860202817), np.float64(4.43603581511666), np.float64(1.1606941897864254), np.float64(-3.2042838192284457), np.float64(3.8415848464254645), np.float64(2.7509284385550576)]",Pwr = kappa*(T2-T1)*A/d,"['X_0', '*', '(', 'X_2', '-', 'X_1', ')', '*', 'X_3', '/', 'X_4']",5,10000,((C*X_1)*X_3+(C*X_2)*X_3)+1/((C*X_0+C)+X_0)^0.5
II.2.42,1,MC,N/A,4.147533051197663,False,X_2/C-C-C/(C/(C*X_2-X_1)/X_3),"['X_2', '/', 'C', '-', 'C', '-', 'C', '/', '(', 'C', '/', '(', 'C', '*', 'X_2', '-', 'X_1', ')', '/', 'X_3', ')']","[np.float64(4.934855708371902), np.float64(0.30294204632124194), np.float64(-5.0), np.float64(4.233562729684965), np.float64(0.9710055794695799)]",Pwr = kappa*(T2-T1)*A/d,"['X_0', '*', '(', 'X_2', '-', 'X_1', ')', '*', 'X_3', '/', 'X_4']",5,10000,(((C*X_1)*X_3+(C*X_2)*X_3)+C*X_2)+C
II.2.42,2,MC,N/A,4.258765791450796,False,X_2*X_3-X_3*C*X_1,"['X_2', '*', 'X_3', '-', 'X_3', '*', 'C', '*', 'X_1']",[np.float64(1.0300129490266596)],Pwr = kappa*(T2-T1)*A/d,"['X_0', '*', '(', 'X_2', '-', 'X_1', ')', '*', 'X_3', '/', 'X_4']",5,10000,(C*X_1)*X_3+X_2*X_3
II.21.32,0,GRAMS-PUCT,BIC,0.012082961179453488,False,C*sin(C/X_2*X_0/X_1*C),"['C', '*', 'sin', '(', 'C', '/', 'X_2', '*', 'X_0', '/', 'X_1', '*', 'C', ')']","[np.float64(-1.4258468738639805), np.float64(1.419730226277881), np.float64(-0.05409300160583584)]",Volt = q/(4*pi*epsilon*r*(1-v/c)),"['X_0', '/', '(', '4', '*', 'pi', '*', 'X_1', '*', 'X_2', '*', '(', '1', '-', 'X_3', '/', 'X_4', ')', ')']",5,10000,C*sin((C*X_0)/(X_1*X_2))
II.21.32,1,GRAMS-PUCT,BIC,0.011462319888017276,False,((sin(C/X_1))/X_2/(X_4/(X_2)/C+C/X_0+C/C*X_1)-C),"['(', '(', 'sin', '(', 'C', '/', 'X_1', ')', ')', '/', 'X_2', '/', '(', 'X_4', '/', '(', 'X_2', ')', '/', 'C', '+', 'C', '/', 'X_0', '+', 'C', '/', 'C', '*', 'X_1', ')', '-', 'C', ')']","[np.float64(-0.9950248658789277), np.float64(-5.0), np.float64(-5.0), np.float64(0.1727894967559414), np.float64(4.73958599929955), np.float64(0.015926784979618434)]",Volt = q/(4*pi*epsilon*r*(1-v/c)),"['X_0', '/', '(', '4', '*', 'pi', '*', 'X_1', '*', 'X_2', '*', '(', '1', '-', 'X_3', '/', 'X_4', ')', ')']",5,10000,C+sin(C/X_1)/(((C*X_1)*X_2+C*X_4)+(C*X_2)/X_0)
II.21.32,2,GRAMS-PUCT,BIC,0.012092208011789611,False,(C/C*X_3)*X_0/X_2/X_1/X_3,"['(', 'C', '/', 'C', '*', 'X_3', ')', '*', 'X_0', '/', 'X_2', '/', 'X_1', '/', 'X_3']","[np.float64(-0.5465274233918321), np.float64(-5.0)]",Volt = q/(4*pi*epsilon*r*(1-v/c)),"['X_0', '/', '(', '4', '*', 'pi', '*', 'X_1', '*', 'X_2', '*', '(', '1', '-', 'X_3', '/', 'X_4', ')', ')']",5,10000,(C*X_0)/(X_1*X_2)
II.21.32,0,GRAMS-PUCT,RMSE,0.019392377548223302,False,cos(C-(cos(C/(C/(C))/C*X_0/(X_1-sqrt(X_0+X_3)/C/C*C)/X_2))),"['cos', '(', 'C', '-', '(', 'cos', '(', 'C', '/', '(', 'C', '/', '(', 'C', ')', ')', '/', 'C', '*', 'X_0', '/', '(', 'X_1', '-', 'sqrt', '(', 'X_0', '+', 'X_3', ')', '/', 'C', '/', 'C', '*', 'C', ')', '/', 'X_2', ')', ')', ')']","[np.float64(-0.5428060296966191), np.float64(-2.050877302017807), np.float64(4.137511304366076), np.float64(3.496056469743568), np.float64(-3.264598911342524), np.float64(-2.6024904276343355), np.float64(2.1353730577877403), np.float64(2.244262571810109)]",Volt = q/(4*pi*epsilon*r*(1-v/c)),"['X_0', '/', '(', '4', '*', 'pi', '*', 'X_1', '*', 'X_2', '*', '(', '1', '-', 'X_3', '/', 'X_4', ')', ')']",5,10000,cos(C-cos((C*X_0)/((C*X_2)*(X_0+X_3)^0.5+X_1*X_2)))
II.21.32,1,GRAMS-PUCT,RMSE,0.01385347179818736,False,X_3/X_2*((X_0*C)/X_1),"['X_3', '/', 'X_2', '*', '(', '(', 'X_0', '*', 'C', ')', '/', 'X_1', ')']",[np.float64(0.07196547156638611)],Volt = q/(4*pi*epsilon*r*(1-v/c)),"['X_0', '/', '(', '4', '*', 'pi', '*', 'X_1', '*', 'X_2', '*', '(', '1', '-', 'X_3', '/', 'X_4', ')', ')']",5,10000,((C*X_0)*X_3)/(X_1*X_2)
II.21.32,2,GRAMS-PUCT,RMSE,0.013853471581068824,False,X_0*X_3*(C/X_2)/X_1,"['X_0', '*', 'X_3', '*', '(', 'C', '/', 'X_2', ')', '/', 'X_1']",[np.float64(0.07196758718785434)],Volt = q/(4*pi*epsilon*r*(1-v/c)),"['X_0', '/', '(', '4', '*', 'pi', '*', 'X_1', '*', 'X_2', '*', '(', '1', '-', 'X_3', '/', 'X_4', ')', ')']",5,10000,((C*X_0)*X_3)/(X_1*X_2)
II.21.32,0,GRAMS-UCT,BIC,0.012092113248231305,False,C/X_1/X_2*X_0,"['C', '/', 'X_1', '/', 'X_2', '*', 'X_0']",[np.float64(0.10923077015188737)],Volt = q/(4*pi*epsilon*r*(1-v/c)),"['X_0', '/', '(', '4', '*', 'pi', '*', 'X_1', '*', 'X_2', '*', '(', '1', '-', 'X_3', '/', 'X_4', ')', ')']",5,10000,(C*X_0)/(X_1*X_2)
II.21.32,1,GRAMS-UCT,BIC,0.012071271778663236,False,C*(C)*X_0/X_2/X_1-C-X_0*C*X_4*(X_3*X_3*X_3),"['C', '*', '(', 'C', ')', '*', 'X_0', '/', 'X_2', '/', 'X_1', '-', 'C', '-', 'X_0', '*', 'C', '*', 'X_4', '*', '(', 'X_3', '*', 'X_3', '*', 'X_3', ')']","[np.float64(-0.11848034887215325), np.float64(-0.9217042469324535), np.float64(-0.0009932189547424693), np.float64(1.1776681903305234e-05)]",Volt = q/(4*pi*epsilon*r*(1-v/c)),"['X_0', '/', '(', '4', '*', 'pi', '*', 'X_1', '*', 'X_2', '*', '(', '1', '-', 'X_3', '/', 'X_4', ')', ')']",5,10000,(((C*X_0)*X_3^3)*X_4+(C*X_0)/(X_1*X_2))+C
II.21.32,2,GRAMS-UCT,BIC,0.012090366749511876,False,X_0/C/C/X_1*C/X_2+C,"['X_0', '/', 'C', '/', 'C', '/', 'X_1', '*', 'C', '/', 'X_2', '+', 'C']","[np.float64(1.7954436457352827), np.float64(-4.382567732468564), np.float64(-0.8565918024198845), np.float64(0.00031362810031579044)]",Volt = q/(4*pi*epsilon*r*(1-v/c)),"['X_0', '/', '(', '4', '*', 'pi', '*', 'X_1', '*', 'X_2', '*', '(', '1', '-', 'X_3', '/', 'X_4', ')', ')']",5,10000,(C*X_0)/(X_1*X_2)+C
II.21.32,0,GRAMS-UCT,RMSE,0.020371619745247344,False,X_1/(C*X_1)*C*(X_0/X_2/X_1*C)*C/X_3*C-C*cos((X_4*X_1*C)),"['X_1', '/', '(', 'C', '*', 'X_1', ')', '*', 'C', '*', '(', 'X_0', '/', 'X_2', '/', 'X_1', '*', 'C', ')', '*', 'C', '/', 'X_3', '*', 'C', '-', 'C', '*', 'cos', '(', '(', 'X_4', '*', 'X_1', '*', 'C', ')', ')']","[np.float64(4.966087000883885), np.float64(2.5183653145630487), np.float64(-0.9382321713750039), np.float64(0.09921142358310518), np.float64(-2.792934841366361), np.float64(-0.015098404797551765), np.float64(-0.0475073200077525)]",Volt = q/(4*pi*epsilon*r*(1-v/c)),"['X_0', '/', '(', '4', '*', 'pi', '*', 'X_1', '*', 'X_2', '*', '(', '1', '-', 'X_3', '/', 'X_4', ')', ')']",5,10000,(C*X_0)/((X_1*X_2)*X_3)+C*cos((C*X_1)*X_4)
II.21.32,1,GRAMS-UCT,RMSE,0.011276197065917742,False,(X_0)*(X_3*C/X_1*(X_1*X_3/C+X_1-C)+C)/X_2/C-C/X_4/C,"['(', 'X_0', ')', '*', '(', 'X_3', '*', 'C', '/', 'X_1', '*', '(', 'X_1', '*', 'X_3', '/', 'C', '+', 'X_1', '-', 'C', ')', '+', 'C', ')', '/', 'X_2', '/', 'C', '-', 'C', '/', 'X_4', '/', 'C']","[np.float64(-0.04035018844730269), np.float64(4.214931615202553), np.float64(4.912818187209508), np.float64(0.06681308838681643), np.float64(2.6473331684850407), np.float64(-0.20933398462022215), np.float64(4.826545334993967)]",Volt = q/(4*pi*epsilon*r*(1-v/c)),"['X_0', '/', '(', '4', '*', 'pi', '*', 'X_1', '*', 'X_2', '*', '(', '1', '-', 'X_3', '/', 'X_4', ')', ')']",5,10000,(((((C*X_0)*X_3)/(X_1*X_2)+((C*X_0)*X_3^2)/X_2)+((C*X_0)*X_3)/X_2)+(C*X_0)/X_2)+C/X_4
II.21.32,2,GRAMS-UCT,RMSE,0.01672916514303564,False,(X_2+C/C)/X_3/C*C*X_0/C*X_3/C/X_1,"['(', 'X_2', '+', 'C', '/', 'C', ')', '/', 'X_3', '/', 'C', '*', 'C', '*', 'X_0', '/', 'C', '*', 'X_3', '/', 'C', '/', 'X_1']","[np.float64(-0.9944903864392727), np.float64(0.1790890320178757), np.float64(-2.053062581556939), np.float64(-0.0017077841940808232), np.float64(-0.7811776967467601), np.float64(0.061633883559957574)]",Volt = q/(4*pi*epsilon*r*(1-v/c)),"['X_0', '/', '(', '4', '*', 'pi', '*', 'X_1', '*', 'X_2', '*', '(', '1', '-', 'X_3', '/', 'X_4', ')', ')']",5,10000,((C*X_0)*X_2)/X_1+(C*X_0)/X_1
II.21.32,0,MC,N/A,0.013853474043859249,False,X_3*(C/X_1/C)/X_2*X_0,"['X_3', '*', '(', 'C', '/', 'X_1', '/', 'C', ')', '/', 'X_2', '*', 'X_0']","[np.float64(-0.15208539487447068), np.float64(-2.112984217715424)]",Volt = q/(4*pi*epsilon*r*(1-v/c)),"['X_0', '/', '(', '4', '*', 'pi', '*', 'X_1', '*', 'X_2', '*', '(', '1', '-', 'X_3', '/', 'X_4', ')', ')']",5,10000,((C*X_0)*X_3)/(X_1*X_2)
II.21.32,1,MC,N/A,0.01254606090182036,False,C+sin(C*X_0/C/X_2)/X_1/C,"['C', '+', 'sin', '(', 'C', '*', 'X_0', '/', 'C', '/', 'X_2', ')', '/', 'X_1', '/', 'C']","[np.float64(-0.0018548948646122784), np.float64(-1.0108800708758028), np.float64(3.862469565175098), np.float64(-2.2097539630251974)]",Volt = q/(4*pi*epsilon*r*(1-v/c)),"['X_0', '/', '(', '4', '*', 'pi', '*', 'X_1', '*', 'X_2', '*', '(', '1', '-', 'X_3', '/', 'X_4', ')', ')']",5,10000,C+(C*sin((C*X_0)/X_2))/X_1
II.21.32,2,MC,N/A,0.011993469988551938,False,(C/C)/C*(C*X_2/X_2)/C*((C/X_2*X_0)*C+C*X_3)/X_1,"['(', 'C', '/', 'C', ')', '/', 'C', '*', '(', 'C', '*', 'X_2', '/', 'X_2', ')', '/', 'C', '*', '(', '(', 'C', '/', 'X_2', '*', 'X_0', ')', '*', 'C', '+', 'C', '*', 'X_3', ')', '/', 'X_1']","[np.float64(2.471781845719064), np.float64(-4.999991790730233), np.float64(3.95251453617469), np.float64(-0.13584734918748445), np.float64(3.9835919910774047), np.float64(-4.997411587570114), np.float64(-4.976924815430003), np.float64(0.8468845209039291)]",Volt = q/(4*pi*epsilon*r*(1-v/c)),"['X_0', '/', '(', '4', '*', 'pi', '*', 'X_1', '*', 'X_2', '*', '(', '1', '-', 'X_3', '/', 'X_4', ')', ')']",5,10000,(C*X_0)/(X_1*X_2)+(C*X_3)/X_1
II.24.17,0,GRAMS-PUCT,BIC,0.03574608782403663,False,cos(C)*X_2*C+C*X_0*C/X_1+C+C,"['cos', '(', 'C', ')', '*', 'X_2', '*', 'C', '+', 'C', '*', 'X_0', '*', 'C', '/', 'X_1', '+', 'C', '+', 'C']","[np.float64(1.6645200137269733), np.float64(-1.4948773168430298), np.float64(-4.867831171487741), np.float64(-0.21733128935287502), np.float64(-1.953398941172812), np.float64(1.1373893898989054)]",k = sqrt(omega^2/c^2-pi^2/d^2),"['sqrt', '(', 'X_0', '^2', '/', 'X_1', '^2', '-', 'pi', '^2', '/', 'X_2', '^2', ')']",3,10000,((C*X_0)/X_1+C*X_2)+C
II.24.17,1,GRAMS-PUCT,BIC,0.02708855140200765,False,(X_0*C/X_1-C*C-((C-C)/C/exp(X_2+C))+C),"['(', 'X_0', '*', 'C', '/', 'X_1', '-', 'C', '*', 'C', '-', '(', '(', 'C', '-', 'C', ')', '/', 'C', '/', 'exp', '(', 'X_2', '+', 'C', ')', ')', '+', 'C', ')']","[np.float64(1.0571800460296774), np.float64(-1.6218832632122862), np.float64(1.667355042570579), np.float64(-2.2354937145777822), np.float64(-1.409969655303295), np.float64(-4.996218503161912), np.float64(-2.7441041306001144), np.float64(-2.9478554150000478)]",k = sqrt(omega^2/c^2-pi^2/d^2),"['sqrt', '(', 'X_0', '^2', '/', 'X_1', '^2', '-', 'pi', '^2', '/', 'X_2', '^2', ')']",3,10000,((C*X_0)/X_1+C)+C*exp(-1*X_2)
II.24.17,2,GRAMS-PUCT,BIC,0.028383678802657367,False,(C+C/X_2-(X_0/C/X_1+X_1)*C),"['(', 'C', '+', 'C', '/', 'X_2', '-', '(', 'X_0', '/', 'C', '/', 'X_1', '+', 'X_1', ')', '*', 'C', ')']","[np.float64(0.012260661593713508), np.float64(-1.1970096206487029), np.float64(0.0008179225448241043), np.float64(-0.0008663049811654887)]",k = sqrt(omega^2/c^2-pi^2/d^2),"['sqrt', '(', 'X_0', '^2', '/', 'X_1', '^2', '-', 'pi', '^2', '/', 'X_2', '^2', ')']",3,10000,(((C*X_0)/X_1+C*X_1)+C)+C/X_2
II.24.17,0,GRAMS-PUCT,RMSE,0.00949165869783478,False,(C*sin(X_2*X_2+X_1)+X_0*C*C/X_1+X_0/(X_1+X_2/X_1/(C+X_2-X_2)*X_1*X_0)/X_2)/C/C+C,"['(', 'C', '*', 'sin', '(', 'X_2', '*', 'X_2', '+', 'X_1', ')', '+', 'X_0', '*', 'C', '*', 'C', '/', 'X_1', '+', 'X_0', '/', '(', 'X_1', '+', 'X_2', '/', 'X_1', '/', '(', 'C', '+', 'X_2', '-', 'X_2', ')', '*', 'X_1', '*', 'X_0', ')', '/', 'X_2', ')', '/', 'C', '/', 'C', '+', 'C']","[np.float64(-0.010489290623194534), np.float64(2.1677067107607852), np.float64(1.7784179486907463), np.float64(-3.014538768692738), np.float64(1.8914135512348063), np.float64(1.9747636036663232), np.float64(-0.14846672568847227)]",k = sqrt(omega^2/c^2-pi^2/d^2),"['sqrt', '(', 'X_0', '^2', '/', 'X_1', '^2', '-', 'pi', '^2', '/', 'X_2', '^2', ')']",3,10000,(((C*X_0)/((C*X_0)*X_2^2+X_1*X_2)+(C*X_0)/X_1)+C*sin(X_1+X_2^2))+C
II.24.17,1,GRAMS-PUCT,RMSE,0.028166455099546978,False,C/C/C+C*(X_1)+(X_0)/X_1-C+C/X_0-(C)*X_2*X_1+C/X_1,"['C', '/', 'C', '/', 'C', '+', 'C', '*', '(', 'X_1', ')', '+', '(', 'X_0', ')', '/', 'X_1', '-', 'C', '+', 'C', '/', 'X_0', '-', '(', 'C', ')', '*', 'X_2', '*', 'X_1', '+', 'C', '/', 'X_1']","[np.float64(-5.0), np.float64(2.568321200418841), np.float64(-3.2830813299779735), np.float64(-0.43997653108332446), np.float64(0.3028082491401163), np.float64(-1.0919755016377337), np.float64(-0.09344143482578336), np.float64(-0.036139199633036335)]",k = sqrt(omega^2/c^2-pi^2/d^2),"['sqrt', '(', 'X_0', '^2', '/', 'X_1', '^2', '-', 'pi', '^2', '/', 'X_2', '^2', ')']",3,10000,(((((C*X_1)*X_2+C*X_1)+C)+C/X_1)+C/X_0)+X_0/X_1
II.24.17,2,GRAMS-PUCT,RMSE,0.038104420201931465,False,X_2/C-X_2*(X_1/C)*C*X_2+C-X_0/X_1*C+C+C,"['X_2', '/', 'C', '-', 'X_2', '*', '(', 'X_1', '/', 'C', ')', '*', 'C', '*', 'X_2', '+', 'C', '-', 'X_0', '/', 'X_1', '*', 'C', '+', 'C', '+', 'C']","[np.float64(5.0), np.float64(-0.5185186381840791), np.float64(-0.0030154197008241974), np.float64(-2.757685813247598), np.float64(-1.0411911189959135), np.float64(3.554757711360457), np.float64(-1.6539415209176327)]",k = sqrt(omega^2/c^2-pi^2/d^2),"['sqrt', '(', 'X_0', '^2', '/', 'X_1', '^2', '-', 'pi', '^2', '/', 'X_2', '^2', ')']",3,10000,(((C*X_0)/X_1+(C*X_1)*X_2^2)+C*X_2)+C
II.24.17,0,GRAMS-UCT,BIC,0.027637827699982437,False,X_0/X_1-(C*X_0/C/(C-X_1/C)/C)-X_0*X_1*((C)/X_2)-C*C+X_0,"['X_0', '/', 'X_1', '-', '(', 'C', '*', 'X_0', '/', 'C', '/', '(', 'C', '-', 'X_1', '/', 'C', ')', '/', 'C', ')', '-', 'X_0', '*', 'X_1', '*', '(', '(', 'C', ')', '/', 'X_2', ')', '-', 'C', '*', 'C', '+', 'X_0']","[np.float64(-4.997612746069437), np.float64(-3.5749652451383205), np.float64(5.0), np.float64(-4.999239234817576), np.float64(0.30326889677896485), np.float64(0.16468808997733525), np.float64(-0.22369326375515686), np.float64(-1.8716973124596492)]",k = sqrt(omega^2/c^2-pi^2/d^2),"['sqrt', '(', 'X_0', '^2', '/', 'X_1', '^2', '-', 'pi', '^2', '/', 'X_2', '^2', ')']",3,10000,(((((C*X_0)*X_1)/X_2+(C*X_0)/(C*X_1+C))+C)+X_0)+X_0/X_1
II.24.17,1,GRAMS-UCT,BIC,0.028340077325209767,False,X_0/X_1/C*C-C-C/C*C/X_2,"['X_0', '/', 'X_1', '/', 'C', '*', 'C', '-', 'C', '-', 'C', '/', 'C', '*', 'C', '/', 'X_2']","[np.float64(0.5677208999922079), np.float64(0.6002620538484565), np.float64(-0.020863244816435016), np.float64(3.4978622238544776), np.float64(4.744148126696651), np.float64(1.6252515361537194)]",k = sqrt(omega^2/c^2-pi^2/d^2),"['sqrt', '(', 'X_0', '^2', '/', 'X_1', '^2', '-', 'pi', '^2', '/', 'X_2', '^2', ')']",3,10000,((C*X_0)/X_1+C)+C/X_2
II.24.17,2,GRAMS-UCT,BIC,0.027289861339126142,False,C/X_1*X_2*X_0/X_2*C*C-((C+(C/X_1+X_2*C-X_2))*X_1)+C/X_2,"['C', '/', 'X_1', '*', 'X_2', '*', 'X_0', '/', 'X_2', '*', 'C', '*', 'C', '-', '(', '(', 'C', '+', '(', 'C', '/', 'X_1', '+', 'X_2', '*', 'C', '-', 'X_2', ')', ')', '*', 'X_1', ')', '+', 'C', '/', 'X_2']","[np.float64(-1.717408494531047), np.float64(-0.354462535370795), np.float64(1.7290418062954114), np.float64(0.11184599076121683), np.float64(0.07286743079365633), np.float64(0.9682423910224219), np.float64(-0.8086301370343023)]",k = sqrt(omega^2/c^2-pi^2/d^2),"['sqrt', '(', 'X_0', '^2', '/', 'X_1', '^2', '-', 'pi', '^2', '/', 'X_2', '^2', ')']",3,10000,(((((C*X_0)/X_1+(C*X_1)*X_2)+C*X_1)+C)+C/X_2)+X_1*X_2
II.24.17,0,GRAMS-UCT,RMSE,0.013729314194029271,False,X_0*C*C/X_1-C+C/C+(X_1/(X_2)*C)*C/X_0-C*X_1+X_1,"['X_0', '*', 'C', '*', 'C', '/', 'X_1', '-', 'C', '+', 'C', '/', 'C', '+', '(', 'X_1', '/', '(', 'X_2', ')', '*', 'C', ')', '*', 'C', '/', 'X_0', '-', 'C', '*', 'X_1', '+', 'X_1']","[np.float64(1.3317100615636455), np.float64(0.7150742891989353), np.float64(-0.014073103523590012), np.float64(-0.5377689293336545), np.float64(-1.588936211183382), np.float64(-3.456268441761124), np.float64(1.1085037122668744), np.float64(0.9860540506919475)]",k = sqrt(omega^2/c^2-pi^2/d^2),"['sqrt', '(', 'X_0', '^2', '/', 'X_1', '^2', '-', 'pi', '^2', '/', 'X_2', '^2', ')']",3,10000,((((C*X_0)/X_1+C*X_1)+(C*X_1)/(X_0*X_2))+C)+X_1
II.24.17,1,GRAMS-UCT,RMSE,0.026876906647709184,False,C/X_2/X_2-C*C/C+C+C*(X_0/X_1)/X_0*X_0-cos(C/X_1/C),"['C', '/', 'X_2', '/', 'X_2', '-', 'C', '*', 'C', '/', 'C', '+', 'C', '+', 'C', '*', '(', 'X_0', '/', 'X_1', ')', '/', 'X_0', '*', 'X_0', '-', 'cos', '(', 'C', '/', 'X_1', '/', 'C', ')']","[np.float64(-1.652305957286963), np.float64(-4.197681485269782), np.float64(-0.2597340086719244), np.float64(-0.7761423779151798), np.float64(-0.5922102129846367), np.float64(1.057214952362035), np.float64(0.032373629538521964), np.float64(2.194370468828143)]",k = sqrt(omega^2/c^2-pi^2/d^2),"['sqrt', '(', 'X_0', '^2', '/', 'X_1', '^2', '-', 'pi', '^2', '/', 'X_2', '^2', ')']",3,10000,(((C*X_0)/X_1+C)+C/X_2^2)+-1*cos(C/X_1)
II.24.17,2,GRAMS-UCT,RMSE,0.02742355433898562,False,X_1*C*C/X_1*C/(X_1/X_0-C)-C/C*C/X_2,"['X_1', '*', 'C', '*', 'C', '/', 'X_1', '*', 'C', '/', '(', 'X_1', '/', 'X_0', '-', 'C', ')', '-', 'C', '/', 'C', '*', 'C', '/', 'X_2']","[np.float64(-2.4776723034070853), np.float64(-3.7473982730812607), np.float64(0.11648795614931075), np.float64(-0.003511743791200881), np.float64(2.553200888540646), np.float64(4.030508612980051), np.float64(1.9602442720080553)]",k = sqrt(omega^2/c^2-pi^2/d^2),"['sqrt', '(', 'X_0', '^2', '/', 'X_1', '^2', '-', 'pi', '^2', '/', 'X_2', '^2', ')']",3,10000,C/(C+X_1/X_0)+C/X_2
II.24.17,0,MC,N/A,0.02850341327407281,False,C/X_1*X_0+C/X_2,"['C', '/', 'X_1', '*', 'X_0', '+', 'C', '/', 'X_2']","[np.float64(1.0598048624479677), np.float64(-1.164025418049114)]",k = sqrt(omega^2/c^2-pi^2/d^2),"['sqrt', '(', 'X_0', '^2', '/', 'X_1', '^2', '-', 'pi', '^2', '/', 'X_2', '^2', ')']",3,10000,(C*X_0)/X_1+C/X_2
II.24.17,1,MC,N/A,0.03574594556379428,False,C-(X_2*C-(X_0/X_1*C-C/C)),"['C', '-', '(', 'X_2', '*', 'C', '-', '(', 'X_0', '/', 'X_1', '*', 'C', '-', 'C', '/', 'C', ')', ')']","[np.float64(-2.489051637789633), np.float64(-0.13965083808251313), np.float64(1.0577622274719758), np.float64(-3.7750737342319094), np.float64(2.2546226786934915)]",k = sqrt(omega^2/c^2-pi^2/d^2),"['sqrt', '(', 'X_0', '^2', '/', 'X_1', '^2', '-', 'pi', '^2', '/', 'X_2', '^2', ')']",3,10000,((C*X_0)/X_1+C*X_2)+C
II.24.17,2,MC,N/A,0.0513256386964383,False,(X_2-C*X_2-C+X_0)/X_1-C,"['(', 'X_2', '-', 'C', '*', 'X_2', '-', 'C', '+', 'X_0', ')', '/', 'X_1', '-', 'C']","[np.float64(0.8140992054064555), np.float64(0.27346793934398195), np.float64(0.39238195494462064)]",k = sqrt(omega^2/c^2-pi^2/d^2),"['sqrt', '(', 'X_0', '^2', '/', 'X_1', '^2', '-', 'pi', '^2', '/', 'X_2', '^2', ')']",3,10000,(((C+(C*X_2)/X_1)+C/X_1)+X_0/X_1)+X_2/X_1
II.27.16,0,GRAMS-PUCT,BIC,5.915593829285605e-07,False,X_2*X_1*(X_2*X_0-C+(C/X_1/X_2)),"['X_2', '*', 'X_1', '*', '(', 'X_2', '*', 'X_0', '-', 'C', '+', '(', 'C', '/', 'X_1', '/', 'X_2', ')', ')']","[np.float64(-1.0795271673197054e-07), np.float64(-7.605167206435794e-07)]",flux = epsilon*c*Ef^2,"['X_0', '*', 'X_1', '*', 'X_2', '^2']",3,10000,((C*X_1)*X_2+C)+(X_0*X_1)*X_2^2
II.27.16,1,GRAMS-PUCT,BIC,3.4881686337593654,False,(X_2*X_0+C*(X_1)*X_2*X_0*X_2+X_2+X_1*C/C+C),"['(', 'X_2', '*', 'X_0', '+', 'C', '*', '(', 'X_1', ')', '*', 'X_2', '*', 'X_0', '*', 'X_2', '+', 'X_2', '+', 'X_1', '*', 'C', '/', 'C', '+', 'C', ')']","[np.float64(0.934555321701463), np.float64(0.0044095798768748), np.float64(2.8510709694337604), np.float64(-5.0)]",flux = epsilon*c*Ef^2,"['X_0', '*', 'X_1', '*', 'X_2', '^2']",3,10000,(((((C*X_0)*X_1)*X_2^2+C*X_1)+C)+X_0*X_2)+X_2
II.27.16,2,GRAMS-PUCT,BIC,0.019661236743517004,False,C*((C)+((C-X_2*X_2*X_1*(X_0*C/C-C*X_1)-X_1)))/X_1*X_1+exp(C*X_2)*X_2,"['C', '*', '(', '(', 'C', ')', '+', '(', '(', 'C', '-', 'X_2', '*', 'X_2', '*', 'X_1', '*', '(', 'X_0', '*', 'C', '/', 'C', '-', 'C', '*', 'X_1', ')', '-', 'X_1', ')', ')', ')', '/', 'X_1', '*', 'X_1', '+', 'exp', '(', 'C', '*', 'X_2', ')', '*', 'X_2']","[np.float64(0.0015115660167155378), np.float64(-3.6791925082255506), np.float64(-4.145240717991417), np.float64(4.23082898787901), np.float64(-0.006393829385272052), np.float64(-0.0807194336671592), np.float64(-2.4949282545922604)]",flux = epsilon*c*Ef^2,"['X_0', '*', 'X_1', '*', 'X_2', '^2']",3,10000,(((((C*X_0)*X_1)*X_2^2+(C*X_1^2)*X_2^2)+C*X_1)+C)+X_2*exp(C*X_2)
II.27.16,0,GRAMS-PUCT,RMSE,6.078084741411336e-07,False,X_0/C*(X_1*X_2*(X_2)+C/X_0),"['X_0', '/', 'C', '*', '(', 'X_1', '*', 'X_2', '*', '(', 'X_2', ')', '+', 'C', '/', 'X_0', ')']","[np.float64(0.9999999933569421), np.float64(-6.924276422663242e-07)]",flux = epsilon*c*Ef^2,"['X_0', '*', 'X_1', '*', 'X_2', '^2']",3,10000,((C*X_0)*X_1)*X_2^2+C
II.27.16,1,GRAMS-PUCT,RMSE,7.134544098502166e-08,True,X_2*C*X_1*X_0/C*X_2,"['X_2', '*', 'C', '*', 'X_1', '*', 'X_0', '/', 'C', '*', 'X_2']","[np.float64(3.9893696520506485), np.float64(3.9893696542163597)]",flux = epsilon*c*Ef^2,"['X_0', '*', 'X_1', '*', 'X_2', '^2']",3,7630,((C*X_0)*X_1)*X_2^2
II.27.16,2,GRAMS-PUCT,RMSE,9.875990988807338e-07,False,(X_1)*X_2*X_0*X_2-C*X_1-C*C,"['(', 'X_1', ')', '*', 'X_2', '*', 'X_0', '*', 'X_2', '-', 'C', '*', 'X_1', '-', 'C', '*', 'C']","[np.float64(2.5364048505331284e-07), np.float64(-6.136479762743095e-08), np.float64(-2.88405715510081)]",flux = epsilon*c*Ef^2,"['X_0', '*', 'X_1', '*', 'X_2', '^2']",3,10000,(C*X_1+C)+(X_0*X_1)*X_2^2
II.27.16,0,GRAMS-UCT,BIC,1.1672237721048744,False,X_2*(X_1)*X_0*X_2+C/(C)+C/(C)/X_1+(X_0),"['X_2', '*', '(', 'X_1', ')', '*', 'X_0', '*', 'X_2', '+', 'C', '/', '(', 'C', ')', '+', 'C', '/', '(', 'C', ')', '/', 'X_1', '+', '(', 'X_0', ')']","[np.float64(-0.2526738790487635), np.float64(0.08847919121261061), np.float64(-1.8781102965350014), np.float64(5.0)]",flux = epsilon*c*Ef^2,"['X_0', '*', 'X_1', '*', 'X_2', '^2']",3,10000,((C+C/X_1)+(X_0*X_1)*X_2^2)+X_0
II.27.16,1,GRAMS-UCT,BIC,1.7690393589986717e-14,True,X_0*X_2/C*C*(X_1*(X_2))*X_0/X_0,"['X_0', '*', 'X_2', '/', 'C', '*', 'C', '*', '(', 'X_1', '*', '(', 'X_2', ')', ')', '*', 'X_0', '/', 'X_0']","[np.float64(-5.0), np.float64(-5.0)]",flux = epsilon*c*Ef^2,"['X_0', '*', 'X_1', '*', 'X_2', '^2']",3,1831,((C*X_0)*X_1)*X_2^2
II.27.16,2,GRAMS-UCT,BIC,9.386320324982082e-08,True,(X_2)*X_0*C*(X_2*X_1),"['(', 'X_2', ')', '*', 'X_0', '*', 'C', '*', '(', 'X_2', '*', 'X_1', ')']",[np.float64(0.9999999992857909)],flux = epsilon*c*Ef^2,"['X_0', '*', 'X_1', '*', 'X_2', '^2']",3,4914,((C*X_0)*X_1)*X_2^2
II.27.16,0,GRAMS-UCT,RMSE,7.206488576530594e-07,False,C*X_0*X_2*X_1*C*X_2,"['C', '*', 'X_0', '*', 'X_2', '*', 'X_1', '*', 'C', '*', 'X_2']","[np.float64(1.1635438088983137), np.float64(0.8594433547486183)]",flux = epsilon*c*Ef^2,"['X_0', '*', 'X_1', '*', 'X_2', '^2']",3,10000,((C*X_0)*X_1)*X_2^2
II.27.16,1,GRAMS-UCT,RMSE,1.6424760844115233e-08,True,X_0*X_1*(X_2*X_2)-C,"['X_0', '*', 'X_1', '*', '(', 'X_2', '*', 'X_2', ')', '-', 'C']",[np.float64(1.6424761053735565e-08)],flux = epsilon*c*Ef^2,"['X_0', '*', 'X_1', '*', 'X_2', '^2']",3,5179,C+(X_0*X_1)*X_2^2
II.27.16,2,GRAMS-UCT,RMSE,9.689188549633943e-08,True,X_0*X_1*X_1/C*C*X_0*(cos(C-C)*X_2/X_0/X_1*X_2),"['X_0', '*', 'X_1', '*', 'X_1', '/', 'C', '*', 'C', '*', 'X_0', '*', '(', 'cos', '(', 'C', '-', 'C', ')', '*', 'X_2', '/', 'X_0', '/', 'X_1', '*', 'X_2', ')']","[np.float64(2.7045164170721616), np.float64(-3.240246833868424), np.float64(4.348327952926906), np.float64(-4.493175576990099)]",flux = epsilon*c*Ef^2,"['X_0', '*', 'X_1', '*', 'X_2', '^2']",3,5646,((C*X_0)*X_1)*X_2^2
II.27.16,0,MC,N/A,1.2995367570509802e-06,False,X_2*C-C+X_1*(X_2*X_2)*X_0*C-C,"['X_2', '*', 'C', '-', 'C', '+', 'X_1', '*', '(', 'X_2', '*', 'X_2', ')', '*', 'X_0', '*', 'C', '-', 'C']","[np.float64(6.97257365050333e-07), np.float64(1.9690280973468082), np.float64(0.9999999819129028), np.float64(-1.969027286746353)]",flux = epsilon*c*Ef^2,"['X_0', '*', 'X_1', '*', 'X_2', '^2']",3,10000,(((C*X_0)*X_1)*X_2^2+C*X_2)+C
II.27.16,1,MC,N/A,3.223790939621759,False,X_0+X_1*X_0*X_2*X_2,"['X_0', '+', 'X_1', '*', 'X_0', '*', 'X_2', '*', 'X_2']",[],flux = epsilon*c*Ef^2,"['X_0', '*', 'X_1', '*', 'X_2', '^2']",3,10000,(X_0*X_1)*X_2^2+X_0
II.27.16,2,MC,N/A,3.651038436812569e-08,True,(X_2/C)*(C*(X_2))/C*X_1*X_0/C,"['(', 'X_2', '/', 'C', ')', '*', '(', 'C', '*', '(', 'X_2', ')', ')', '/', 'C', '*', 'X_1', '*', 'X_0', '/', 'C']","[np.float64(-4.99723186089958), np.float64(-4.999999977232609), np.float64(3.6535668549918485), np.float64(0.27385674585169156)]",flux = epsilon*c*Ef^2,"['X_0', '*', 'X_1', '*', 'X_2', '^2']",3,8617,((C*X_0)*X_1)*X_2^2
II.27.18,0,GRAMS-PUCT,BIC,3.4969808801379277e-09,True,X_0*X_1*X_1+C+X_0/X_0+C*C,"['X_0', '*', 'X_1', '*', 'X_1', '+', 'C', '+', 'X_0', '/', 'X_0', '+', 'C', '*', 'C']","[np.float64(-1.5296671554168424), np.float64(-0.3350167995972274), np.float64(-1.5810167118503138)]",E_den = epsilon*Ef**2,"['X_0', '*', 'X_1', '^2']",2,1715,C+X_0*X_1^2
II.27.18,1,GRAMS-PUCT,BIC,1.3707287712497082e-08,True,X_1*C*X_1*X_0*C,"['X_1', '*', 'C', '*', 'X_1', '*', 'X_0', '*', 'C']","[np.float64(-0.9392759761803655), np.float64(-1.0646498214648463)]",E_den = epsilon*Ef**2,"['X_0', '*', 'X_1', '^2']",2,425,(C*X_0)*X_1^2
II.27.18,2,GRAMS-PUCT,BIC,0.0,True,X_1*X_1*X_0,"['X_1', '*', 'X_1', '*', 'X_0']",[],E_den = epsilon*Ef**2,"['X_0', '*', 'X_1', '^2']",2,644,X_0*X_1^2
II.27.18,0,GRAMS-PUCT,RMSE,2.7527039220472564e-10,True,X_1*X_0*X_1+C/C,"['X_1', '*', 'X_0', '*', 'X_1', '+', 'C', '/', 'C']","[np.float64(-1.14926276599417e-09), np.float64(-4.175025535365129)]",E_den = epsilon*Ef**2,"['X_0', '*', 'X_1', '^2']",2,389,C+X_0*X_1^2
II.27.18,1,GRAMS-PUCT,RMSE,3.7550834907567665e-15,True,(X_1*X_0*X_1),"['(', 'X_1', '*', 'X_0', '*', 'X_1', ')']",[],E_den = epsilon*Ef**2,"['X_0', '*', 'X_1', '^2']",2,1054,X_0*X_1^2
II.27.18,2,GRAMS-PUCT,RMSE,8.298373570148512e-08,True,(X_1/C*X_0-C/X_0*X_0)*X_1+X_1*C,"['(', 'X_1', '/', 'C', '*', 'X_0', '-', 'C', '/', 'X_0', '*', 'X_0', ')', '*', 'X_1', '+', 'X_1', '*', 'C']","[np.float64(1.0000000010862868), np.float64(2.965570024305901), np.float64(2.9655700111531016)]",E_den = epsilon*Ef**2,"['X_0', '*', 'X_1', '^2']",2,253,(C*X_0)*X_1^2+(2*C)*X_1
II.27.18,0,GRAMS-UCT,BIC,5.0087401377347435e-15,True,(C)/C/C*X_0*X_1*(C)*X_1,"['(', 'C', ')', '/', 'C', '/', 'C', '*', 'X_0', '*', 'X_1', '*', '(', 'C', ')', '*', 'X_1']","[np.float64(5.0), np.float64(-5.0), np.float64(-5.0), np.float64(5.0)]",E_den = epsilon*Ef**2,"['X_0', '*', 'X_1', '^2']",2,624,(C*X_0)*X_1^2
II.27.18,1,GRAMS-UCT,BIC,2.2072862601311096e-08,True,C*X_0*X_1*X_1*C/C,"['C', '*', 'X_0', '*', 'X_1', '*', 'X_1', '*', 'C', '/', 'C']","[np.float64(-1.108846949097669), np.float64(-2.744749839315152), np.float64(3.043507483662027)]",E_den = epsilon*Ef**2,"['X_0', '*', 'X_1', '^2']",2,78,(C*X_0)*X_1^2
II.27.18,2,GRAMS-UCT,BIC,3.474061218127654e-09,True,X_1*(X_1)*(X_0)-C*X_1/X_0,"['X_1', '*', '(', 'X_1', ')', '*', '(', 'X_0', ')', '-', 'C', '*', 'X_1', '/', 'X_0']",[np.float64(-2.411114224181165e-09)],E_den = epsilon*Ef**2,"['X_0', '*', 'X_1', '^2']",2,387,(C*X_1)/X_0+X_0*X_1^2
II.27.18,0,GRAMS-UCT,RMSE,3.7550834907567665e-15,True,X_0*X_1*X_1,"['X_0', '*', 'X_1', '*', 'X_1']",[],E_den = epsilon*Ef**2,"['X_0', '*', 'X_1', '^2']",2,120,X_0*X_1^2
II.27.18,1,GRAMS-UCT,RMSE,1.0805908550186752e-08,True,X_0/C*X_1*C*C*X_1/C/C,"['X_0', '/', 'C', '*', 'X_1', '*', 'C', '*', 'C', '*', 'X_1', '/', 'C', '/', 'C']","[np.float64(2.235863723034388), np.float64(4.994989250960427), np.float64(4.999976215290209), np.float64(4.307276674400398), np.float64(2.5933097791809043)]",E_den = epsilon*Ef**2,"['X_0', '*', 'X_1', '^2']",2,503,(C*X_0)*X_1^2
II.27.18,2,GRAMS-UCT,RMSE,0.0,True,X_1*X_1*X_0,"['X_1', '*', 'X_1', '*', 'X_0']",[],E_den = epsilon*Ef**2,"['X_0', '*', 'X_1', '^2']",2,488,X_0*X_1^2
II.27.18,0,MC,N/A,3.7550834907567665e-15,True,X_0*X_1*X_1,"['X_0', '*', 'X_1', '*', 'X_1']",[],E_den = epsilon*Ef**2,"['X_0', '*', 'X_1', '^2']",2,868,X_0*X_1^2
II.27.18,1,MC,N/A,3.3353214991758904e-11,True,X_1*C/(C)*X_0*X_1,"['X_1', '*', 'C', '/', '(', 'C', ')', '*', 'X_0', '*', 'X_1']","[np.float64(-2.4545504124552826), np.float64(-2.454550412457353)]",E_den = epsilon*Ef**2,"['X_0', '*', 'X_1', '^2']",2,78,(C*X_0)*X_1^2
II.27.18,2,MC,N/A,4.3637058587213125e-15,True,X_1*X_0*X_1/C*C,"['X_1', '*', 'X_0', '*', 'X_1', '/', 'C', '*', 'C']","[np.float64(-5.0), np.float64(-5.0)]",E_den = epsilon*Ef**2,"['X_0', '*', 'X_1', '^2']",2,599,(C*X_0)*X_1^2
II.3.24,0,GRAMS-PUCT,BIC,3.675833965516043e-10,True,((C*sqrt(X_0*X_0)/X_1*X_1)*(X_0*C/C/C/X_0+C+C/C)/X_1/X_1),"['(', '(', 'C', '*', 'sqrt', '(', 'X_0', '*', 'X_0', ')', '/', 'X_1', '*', 'X_1', ')', '*', '(', 'X_0', '*', 'C', '/', 'C', '/', 'C', '/', 'X_0', '+', 'C', '+', 'C', '/', 'C', ')', '/', 'X_1', '/', 'X_1', ')']","[np.float64(2.6307564004556308), np.float64(-2.3776640953204784), np.float64(-4.846984595183748), np.float64(4.9399480824812105), np.float64(-0.2635842149384924), np.float64(-0.6666744023671707), np.float64(-3.42707762460228)]",flux = Pwr/(4*pi*r^2),"['X_0', '/', '(', '4', '*', 'pi', '*', 'X_1', '^2', ')']",2,1076,(C*(X_0^2)^0.5)/X_1^2
II.3.24,1,GRAMS-PUCT,BIC,3.940308544178452e-09,True,X_1-X_1+C/X_1/(X_1/X_0),"['X_1', '-', 'X_1', '+', 'C', '/', 'X_1', '/', '(', 'X_1', '/', 'X_0', ')']",[np.float64(0.07957746727026609)],flux = Pwr/(4*pi*r^2),"['X_0', '/', '(', '4', '*', 'pi', '*', 'X_1', '^2', ')']",2,479,(C*X_0)/X_1^2
II.3.24,2,GRAMS-PUCT,BIC,8.217372298174617e-10,True,((X_0/(X_1)/X_1)/X_1/(C-(C)+X_1-X_1)*(C*X_1)),"['(', '(', 'X_0', '/', '(', 'X_1', ')', '/', 'X_1', ')', '/', 'X_1', '/', '(', 'C', '-', '(', 'C', ')', '+', 'X_1', '-', 'X_1', ')', '*', '(', 'C', '*', 'X_1', ')', ')']","[np.float64(-1.7502142751688314), np.float64(5.0), np.float64(-0.5371649783922794)]",flux = Pwr/(4*pi*r^2),"['X_0', '/', '(', '4', '*', 'pi', '*', 'X_1', '^2', ')']",2,1457,(C*X_0)/X_1^2
II.3.24,0,GRAMS-PUCT,RMSE,2.6069221567761385e-09,True,X_1*X_0/X_1/X_1/X_1*sin(C)*C,"['X_1', '*', 'X_0', '/', 'X_1', '/', 'X_1', '/', 'X_1', '*', 'sin', '(', 'C', ')', '*', 'C']","[np.float64(-0.04860070273199633), np.float64(-1.638017564549263)]",flux = Pwr/(4*pi*r^2),"['X_0', '/', '(', '4', '*', 'pi', '*', 'X_1', '^2', ')']",2,4002,(C*X_0)/X_1^2
II.3.24,1,GRAMS-PUCT,RMSE,5.6298409994831465e-09,True,X_0/exp(C+C)/X_1/X_1,"['X_0', '/', 'exp', '(', 'C', '+', 'C', ')', '/', 'X_1', '/', 'X_1']","[np.float64(0.3520866693480236), np.float64(2.178937654389428)]",flux = Pwr/(4*pi*r^2),"['X_0', '/', '(', '4', '*', 'pi', '*', 'X_1', '^2', ')']",2,315,(C*X_0)/X_1^2
II.3.24,2,GRAMS-PUCT,RMSE,2.603013447393697e-09,True,((X_0/X_1/X_1)*C),"['(', '(', 'X_0', '/', 'X_1', '/', 'X_1', ')', '*', 'C', ')']",[np.float64(0.07957746872138291)],flux = Pwr/(4*pi*r^2),"['X_0', '/', '(', '4', '*', 'pi', '*', 'X_1', '^2', ')']",2,759,(C*X_0)/X_1^2
II.3.24,0,GRAMS-UCT,BIC,1.4095202675686702e-09,True,C/X_1*C/X_1*X_0,"['C', '/', 'X_1', '*', 'C', '/', 'X_1', '*', 'X_0']","[np.float64(-0.2907097558984529), np.float64(-0.27373513086789564)]",flux = Pwr/(4*pi*r^2),"['X_0', '/', '(', '4', '*', 'pi', '*', 'X_1', '^2', ')']",2,903,(C*X_0)/X_1^2
II.3.24,1,GRAMS-UCT,BIC,3.5513758634072665e-09,True,C/X_1*X_0*C*C/X_1,"['C', '/', 'X_1', '*', 'X_0', '*', 'C', '*', 'C', '/', 'X_1']","[np.float64(1.1231792874823903), np.float64(-0.02265613082349374), np.float64(-3.127197622135164)]",flux = Pwr/(4*pi*r^2),"['X_0', '/', '(', '4', '*', 'pi', '*', 'X_1', '^2', ')']",2,2327,(C*X_0)/X_1^2
II.3.24,2,GRAMS-UCT,BIC,1.6545655589282484e-09,True,cos(C)/X_1*C/X_1/C*X_0,"['cos', '(', 'C', ')', '/', 'X_1', '*', 'C', '/', 'X_1', '/', 'C', '*', 'X_0']","[np.float64(-1.4205263974930098), np.float64(-2.4007476846806903), np.float64(-4.516403877024456)]",flux = Pwr/(4*pi*r^2),"['X_0', '/', '(', '4', '*', 'pi', '*', 'X_1', '^2', ')']",2,108,(C*X_0)/X_1^2
II.3.24,0,GRAMS-UCT,RMSE,3.440877932150399e-08,True,(X_0/X_1*C)/X_1,"['(', 'X_0', '/', 'X_1', '*', 'C', ')', '/', 'X_1']",[np.float64(0.07957750888337504)],flux = Pwr/(4*pi*r^2),"['X_0', '/', '(', '4', '*', 'pi', '*', 'X_1', '^2', ')']",2,625,(C*X_0)/X_1^2
II.3.24,1,GRAMS-UCT,RMSE,1.2625746791211818e-10,True,X_0/X_1/X_1*C/(C+C),"['X_0', '/', 'X_1', '/', 'X_1', '*', 'C', '/', '(', 'C', '+', 'C', ')']","[np.float64(-0.4238677906786779), np.float64(-3.9467762285209), np.float64(-1.3797035298072575)]",flux = Pwr/(4*pi*r^2),"['X_0', '/', '(', '4', '*', 'pi', '*', 'X_1', '^2', ')']",2,852,(C*X_0)/X_1^2
II.3.24,2,GRAMS-UCT,RMSE,1.3210148376462614e-08,True,C/C*X_0/X_1*C/X_1,"['C', '/', 'C', '*', 'X_0', '/', 'X_1', '*', 'C', '/', 'X_1']","[np.float64(3.5625306219049877), np.float64(4.758210561470704), np.float64(0.10628576636794707)]",flux = Pwr/(4*pi*r^2),"['X_0', '/', '(', '4', '*', 'pi', '*', 'X_1', '^2', ')']",2,1271,(C*X_0)/X_1^2
II.3.24,0,MC,N/A,5.612937600290368e-09,True,X_0*(C)/X_1/(X_1*C/C)/C,"['X_0', '*', '(', 'C', ')', '/', 'X_1', '/', '(', 'X_1', '*', 'C', '/', 'C', ')', '/', 'C']","[np.float64(-0.4653817534251972), np.float64(-3.7768186353018725), np.float64(2.097730777058084), np.float64(3.2482007970538485)]",flux = Pwr/(4*pi*r^2),"['X_0', '/', '(', '4', '*', 'pi', '*', 'X_1', '^2', ')']",2,8736,(C*X_0)/X_1^2
II.3.24,1,MC,N/A,1.1091317419064234e-08,True,X_0/(X_1/C/C*X_1),"['X_0', '/', '(', 'X_1', '/', 'C', '/', 'C', '*', 'X_1', ')']","[np.float64(0.021548163186196217), np.float64(3.6930043096011076)]",flux = Pwr/(4*pi*r^2),"['X_0', '/', '(', '4', '*', 'pi', '*', 'X_1', '^2', ')']",2,358,(C*X_0)/X_1^2
II.3.24,2,MC,N/A,4.523716584066414e-09,True,C/X_1*X_0/X_1,"['C', '/', 'X_1', '*', 'X_0', '/', 'X_1']",[np.float64(0.07957746663720221)],flux = Pwr/(4*pi*r^2),"['X_0', '/', '(', '4', '*', 'pi', '*', 'X_1', '^2', ')']",2,821,(C*X_0)/X_1^2
II.34.11,0,GRAMS-PUCT,BIC,1.075436744795799,False,(X_0/X_2-X_0)*X_1*(C/X_3*C),"['(', 'X_0', '/', 'X_2', '-', 'X_0', ')', '*', 'X_1', '*', '(', 'C', '/', 'X_3', '*', 'C', ')']","[np.float64(-1.7841982441710573), np.float64(1.416643750371752)]",omega = g_*q*B/(2*m),"['X_0', '*', 'X_1', '*', 'X_2', '/', '(', '2', '*', 'X_3', ')']",4,10000,((C*X_0)*X_1)/(X_2*X_3)+((C*X_0)*X_1)/X_3
II.34.11,1,GRAMS-PUCT,BIC,1.7169832626640373,False,X_2*X_1*(C/C*exp(C/X_1)+X_3*C+C+C*X_0*C),"['X_2', '*', 'X_1', '*', '(', 'C', '/', 'C', '*', 'exp', '(', 'C', '/', 'X_1', ')', '+', 'X_3', '*', 'C', '+', 'C', '+', 'C', '*', 'X_0', '*', 'C', ')']","[np.float64(0.058553537212559785), np.float64(2.825390379636148), np.float64(-2.67908089767449), np.float64(-0.23432028262486854), np.float64(0.6937272695116355), np.float64(1.4702275325171354), np.float64(0.13748054167068263)]",omega = g_*q*B/(2*m),"['X_0', '*', 'X_1', '*', 'X_2', '/', '(', '2', '*', 'X_3', ')']",4,10000,((((C*X_0)*X_1)*X_2+((C*X_1)*X_2)*X_3)+((C*X_1)*X_2)*exp(C/X_1))+(C*X_1)*X_2
II.34.11,2,GRAMS-PUCT,BIC,9.770962246609354e-07,False,(C-X_0*(C*X_2/X_3)*X_1+C-C*(X_2)),"['(', 'C', '-', 'X_0', '*', '(', 'C', '*', 'X_2', '/', 'X_3', ')', '*', 'X_1', '+', 'C', '-', 'C', '*', '(', 'X_2', ')', ')']","[np.float64(0.5175818022135587), np.float64(-0.49999996544303305), np.float64(-0.5175807994190886), np.float64(4.322097088642059e-07)]",omega = g_*q*B/(2*m),"['X_0', '*', 'X_1', '*', 'X_2', '/', '(', '2', '*', 'X_3', ')']",4,10000,((((C*X_0)*X_1)*X_2)/X_3+C*X_2)+C
II.34.11,0,GRAMS-PUCT,RMSE,1.7795469286734118,False,(C-(X_0/C*X_1)*C*C-C+sin(C)+X_2/X_3)*(sqrt(X_2*sqrt(C*X_2*X_0/((X_0*X_2*X_1-X_0*C)*X_2))/X_3)),"['(', 'C', '-', '(', 'X_0', '/', 'C', '*', 'X_1', ')', '*', 'C', '*', 'C', '-', 'C', '+', 'sin', '(', 'C', ')', '+', 'X_2', '/', 'X_3', ')', '*', '(', 'sqrt', '(', 'X_2', '*', 'sqrt', '(', 'C', '*', 'X_2', '*', 'X_0', '/', '(', '(', 'X_0', '*', 'X_2', '*', 'X_1', '-', 'X_0', '*', 'C', ')', '*', 'X_2', ')', ')', '/', 'X_3', ')', ')']","[np.float64(-2.10653774232802), np.float64(4.999817155595286), np.float64(1.5789613804301565), np.float64(-2.828193078098469), np.float64(-0.7745346281431813), np.float64(-1.9559227204995853), np.float64(5.0), np.float64(-5.0)]",omega = g_*q*B/(2*m),"['X_0', '*', 'X_1', '*', 'X_2', '/', '(', '2', '*', 'X_3', ')']",4,10000,(((C*X_0)*X_1)*((X_2*((C*X_0)/(C*X_0+(X_0*X_1)*X_2))^0.5)/X_3)^0.5+C*((X_2*((C*X_0)/(C*X_0+(X_0*X_1)*X_2))^0.5)/X_3)^0.5)+(X_2*((X_2*((C*X_0)/(C*X_0+(X_0*X_1)*X_2))^0.5)/X_3)^0.5)/X_3
II.34.11,1,GRAMS-PUCT,RMSE,1.9178168762263954,False,(X_2-C)-X_1*C/X_3*X_0,"['(', 'X_2', '-', 'C', ')', '-', 'X_1', '*', 'C', '/', 'X_3', '*', 'X_0']","[np.float64(3.0362448282604175), np.float64(-1.5066154307803326)]",omega = g_*q*B/(2*m),"['X_0', '*', 'X_1', '*', 'X_2', '/', '(', '2', '*', 'X_3', ')']",4,10000,(((C*X_0)*X_1)/X_3+C)+X_2
II.34.11,2,GRAMS-PUCT,RMSE,2.4535679225168978e-08,True,X_2*X_0/C*X_1/(((X_3)-X_3)*C/C-X_3)*(C),"['X_2', '*', 'X_0', '/', 'C', '*', 'X_1', '/', '(', '(', '(', 'X_3', ')', '-', 'X_3', ')', '*', 'C', '/', 'C', '-', 'X_3', ')', '*', '(', 'C', ')']","[np.float64(-2.9571623710933848), np.float64(0.5336050876376), np.float64(-3.2212639152776203), np.float64(1.4785811806697446)]",omega = g_*q*B/(2*m),"['X_0', '*', 'X_1', '*', 'X_2', '/', '(', '2', '*', 'X_3', ')']",4,627,(((C*X_0)*X_1)*X_2)/X_3
II.34.11,0,GRAMS-UCT,BIC,1.3894331574275064e-10,True,X_1*C/(X_3)*C*X_2*C*X_0/C,"['X_1', '*', 'C', '/', '(', 'X_3', ')', '*', 'C', '*', 'X_2', '*', 'C', '*', 'X_0', '/', 'C']","[np.float64(2.04264505498187), np.float64(1.2625345408139133), np.float64(0.9369546319247889), np.float64(4.832643220801326)]",omega = g_*q*B/(2*m),"['X_0', '*', 'X_1', '*', 'X_2', '/', '(', '2', '*', 'X_3', ')']",4,4054,(((C*X_0)*X_1)*X_2)/X_3
II.34.11,1,GRAMS-UCT,BIC,5.169299597795143e-07,False,X_0*C*X_2*((C+C*(X_0)/((X_1)/X_0)*C/X_2/C-C)/C/X_3)*(X_1),"['X_0', '*', 'C', '*', 'X_2', '*', '(', '(', 'C', '+', 'C', '*', '(', 'X_0', ')', '/', '(', '(', 'X_1', ')', '/', 'X_0', ')', '*', 'C', '/', 'X_2', '/', 'C', '-', 'C', ')', '/', 'C', '/', 'X_3', ')', '*', '(', 'X_1', ')']","[np.float64(-0.3890313973667013), np.float64(2.6452059927270684), np.float64(2.493929466968876e-07), np.float64(3.023091539601101), np.float64(-3.8076408248421134), np.float64(-2.0901803382089557), np.float64(-3.684427933776695)]",omega = g_*q*B/(2*m),"['X_0', '*', 'X_1', '*', 'X_2', '/', '(', '2', '*', 'X_3', ')']",4,10000,(C*X_0^3)/X_3+(((C*X_0)*X_1)*X_2)/X_3
II.34.11,2,GRAMS-UCT,BIC,1.257129922390201e-08,True,X_1*X_2/X_3*X_0*C/C,"['X_1', '*', 'X_2', '/', 'X_3', '*', 'X_0', '*', 'C', '/', 'C']","[np.float64(-2.5000000042249835), np.float64(-5.0)]",omega = g_*q*B/(2*m),"['X_0', '*', 'X_1', '*', 'X_2', '/', '(', '2', '*', 'X_3', ')']",4,3171,(((C*X_0)*X_1)*X_2)/X_3
II.34.11,0,GRAMS-UCT,RMSE,1.688809898545142,False,C*C+C*X_0-(X_2/X_2)*C-(X_1*(X_2))*C/X_3/C,"['C', '*', 'C', '+', 'C', '*', 'X_0', '-', '(', 'X_2', '/', 'X_2', ')', '*', 'C', '-', '(', 'X_1', '*', '(', 'X_2', ')', ')', '*', 'C', '/', 'X_3', '/', 'C']","[np.float64(-1.5683490235033573), np.float64(4.364637844113483), np.float64(1.8185369104465945), np.float64(-1.3354450727728395), np.float64(-4.999987984198982), np.float64(3.2859045802110787)]",omega = g_*q*B/(2*m),"['X_0', '*', 'X_1', '*', 'X_2', '/', '(', '2', '*', 'X_3', ')']",4,10000,(C*X_0+((C*X_1)*X_2)/X_3)+C
II.34.11,1,GRAMS-UCT,RMSE,1.019407680811727,False,(sqrt(X_1)*C-C-(sin(C*X_1*X_1/C))+X_1*C)*X_2/X_1/X_3*X_0+C*(X_1)+C,"['(', 'sqrt', '(', 'X_1', ')', '*', 'C', '-', 'C', '-', '(', 'sin', '(', 'C', '*', 'X_1', '*', 'X_1', '/', 'C', ')', ')', '+', 'X_1', '*', 'C', ')', '*', 'X_2', '/', 'X_1', '/', 'X_3', '*', 'X_0', '+', 'C', '*', '(', 'X_1', ')', '+', 'C']","[np.float64(-5.0), np.float64(0.14551733582087395), np.float64(1.8968428812863598), np.float64(-2.1804352396514535), np.float64(4.552419717294098), np.float64(0.042911737469361194), np.float64(-0.12439578059497072)]",omega = g_*q*B/(2*m),"['X_0', '*', 'X_1', '*', 'X_2', '/', '(', '2', '*', 'X_3', ')']",4,10000,((((((C*X_0)*X_2)/(X_1*X_3)+((C*X_0)*X_2)/(X_1^0.5*X_3))+((C*X_0)*X_2)/X_3)+C*X_1)+C)+-1*(((X_0*X_2)*sin(C*X_1^2))/(X_1*X_3))
II.34.11,2,GRAMS-UCT,RMSE,2.5619154618079547e-08,True,X_3*C/(X_3)*X_2/X_3*X_1*X_0,"['X_3', '*', 'C', '/', '(', 'X_3', ')', '*', 'X_2', '/', 'X_3', '*', 'X_1', '*', 'X_0']",[np.float64(0.49999999827797426)],omega = g_*q*B/(2*m),"['X_0', '*', 'X_1', '*', 'X_2', '/', '(', '2', '*', 'X_3', ')']",4,3485,(((C*X_0)*X_1)*X_2)/X_3
II.34.11,0,MC,N/A,2.041616884787411,False,(C/X_1*C/X_2/C+C)*X_0/exp(X_3*C+X_3)/C*C*(X_1),"['(', 'C', '/', 'X_1', '*', 'C', '/', 'X_2', '/', 'C', '+', 'C', ')', '*', 'X_0', '/', 'exp', '(', 'X_3', '*', 'C', '+', 'X_3', ')', '/', 'C', '*', 'C', '*', '(', 'X_1', ')']","[np.float64(4.999735382861722), np.float64(4.038235227513714), np.float64(-1.6450938865537261), np.float64(4.999818913154422), np.float64(-0.5520136861443253), np.float64(4.937759279253109), np.float64(2.7865328954541253)]",omega = g_*q*B/(2*m),"['X_0', '*', 'X_1', '*', 'X_2', '/', '(', '2', '*', 'X_3', ')']",4,10000,(((C*X_0)*X_1)*exp(-1*X_3))*exp(C*X_3)+(((C*X_0)*exp(-1*X_3))*exp(C*X_3))/X_2
II.34.11,1,MC,N/A,3.069769038533128e-06,False,(X_2*((C*(X_0)-X_0*X_1*C-C))/C*X_1)*C/X_3,"['(', 'X_2', '*', '(', '(', 'C', '*', '(', 'X_0', ')', '-', 'X_0', '*', 'X_1', '*', 'C', '-', 'C', ')', ')', '/', 'C', '*', 'X_1', ')', '*', 'C', '/', 'X_3']","[np.float64(-4.489708561568668), np.float64(-2.998840437014144e-07), np.float64(1.2159791279696194e-05), np.float64(-4.9685691029854215), np.float64(0.5533282483049519)]",omega = g_*q*B/(2*m),"['X_0', '*', 'X_1', '*', 'X_2', '/', '(', '2', '*', 'X_3', ')']",4,10000,((((C*X_0)*X_1^2)*X_2)/X_3+(((C*X_0)*X_1)*X_2)/X_3)+((C*X_1)*X_2)/X_3
II.34.11,2,MC,N/A,0.2955907403474298,False,C*X_2-(cos(X_1/C/C/X_2*C)/C*X_0+C*X_2/X_3)*(C)*(X_0)*X_1+C/X_1,"['C', '*', 'X_2', '-', '(', 'cos', '(', 'X_1', '/', 'C', '/', 'C', '/', 'X_2', '*', 'C', ')', '/', 'C', '*', 'X_0', '+', 'C', '*', 'X_2', '/', 'X_3', ')', '*', '(', 'C', ')', '*', '(', 'X_0', ')', '*', 'X_1', '+', 'C', '/', 'X_1']","[np.float64(-0.03281111046609656), np.float64(-3.8410734260978163), np.float64(-2.05591282501065), np.float64(-4.003504322702842), np.float64(5.0), np.float64(5.0), np.float64(-0.09476512317061571), np.float64(-0.07943506517484385)]",omega = g_*q*B/(2*m),"['X_0', '*', 'X_1', '*', 'X_2', '/', '(', '2', '*', 'X_3', ')']",4,10000,((((C*X_0^2)*X_1)*cos((C*X_1)/X_2)+(((C*X_0)*X_1)*X_2)/X_3)+C*X_2)+C/X_1
II.34.2,0,GRAMS-PUCT,BIC,3.1695307490846356e-07,False,C-X_1*C*X_0*X_2,"['C', '-', 'X_1', '*', 'C', '*', 'X_0', '*', 'X_2']","[np.float64(7.090246897536066e-08), np.float64(-0.49999998883649116)]",mom = q*v*r/2,"['X_0', '*', 'X_1', '*', 'X_2', '/', '2']",3,10000,((C*X_0)*X_1)*X_2+C
II.34.2,1,GRAMS-PUCT,BIC,5.3830633696016465e-09,True,C*X_0*X_1*X_2/C/C,"['C', '*', 'X_0', '*', 'X_1', '*', 'X_2', '/', 'C', '/', 'C']","[np.float64(4.999897006714553), np.float64(-3.1601921754938234), np.float64(-3.1642993404652944)]",mom = q*v*r/2,"['X_0', '*', 'X_1', '*', 'X_2', '/', '2']",3,110,((C*X_0)*X_1)*X_2
II.34.2,2,GRAMS-PUCT,BIC,4.6945717751265974e-08,True,X_1*X_2*X_0/C*C,"['X_1', '*', 'X_2', '*', 'X_0', '/', 'C', '*', 'C']","[np.float64(-5.0), np.float64(-2.500000007041446)]",mom = q*v*r/2,"['X_0', '*', 'X_1', '*', 'X_2', '/', '2']",3,1433,((C*X_0)*X_1)*X_2
II.34.2,0,GRAMS-PUCT,RMSE,2.277847447472526e-08,True,X_1/C*X_0*X_2,"['X_1', '/', 'C', '*', 'X_0', '*', 'X_2']",[np.float64(1.9999999972667428)],mom = q*v*r/2,"['X_0', '*', 'X_1', '*', 'X_2', '/', '2']",3,5944,((C*X_0)*X_1)*X_2
II.34.2,1,GRAMS-PUCT,RMSE,1.0399198118547234e-08,True,((C)*X_0*X_2/C*X_1),"['(', '(', 'C', ')', '*', 'X_0', '*', 'X_2', '/', 'C', '*', 'X_1', ')']","[np.float64(-1.5629899018064692), np.float64(-3.1259798016625915)]",mom = q*v*r/2,"['X_0', '*', 'X_1', '*', 'X_2', '/', '2']",3,476,((C*X_0)*X_1)*X_2
II.34.2,2,GRAMS-PUCT,RMSE,2.826479878871524e-07,False,X_2*C*X_0*X_1,"['X_2', '*', 'C', '*', 'X_0', '*', 'X_1']",[np.float64(0.49999999152105595)],mom = q*v*r/2,"['X_0', '*', 'X_1', '*', 'X_2', '/', '2']",3,10000,((C*X_0)*X_1)*X_2
II.34.2,0,GRAMS-UCT,BIC,1.2904483601651257e-09,True,(C*X_0*X_2)*X_1/C,"['(', 'C', '*', 'X_0', '*', 'X_2', ')', '*', 'X_1', '/', 'C']","[np.float64(2.472959427720687), np.float64(4.945918855824299)]",mom = q*v*r/2,"['X_0', '*', 'X_1', '*', 'X_2', '/', '2']",3,113,((C*X_0)*X_1)*X_2
II.34.2,1,GRAMS-UCT,BIC,1.1146224833120497e-08,True,X_1*C*X_0/C*X_2,"['X_1', '*', 'C', '*', 'X_0', '/', 'C', '*', 'X_2']","[np.float64(2.499999998328164), np.float64(5.0)]",mom = q*v*r/2,"['X_0', '*', 'X_1', '*', 'X_2', '/', '2']",3,4147,((C*X_0)*X_1)*X_2
II.34.2,2,GRAMS-UCT,BIC,4.837327945258506e-09,True,X_2/C/C/C*C*X_1*X_0,"['X_2', '/', 'C', '/', 'C', '/', 'C', '*', 'C', '*', 'X_1', '*', 'X_0']","[np.float64(-1.1033931221217097), np.float64(-2.806898961270558), np.float64(-3.2263724638961846), np.float64(-4.996220062418034)]",mom = q*v*r/2,"['X_0', '*', 'X_1', '*', 'X_2', '/', '2']",3,2731,((C*X_0)*X_1)*X_2
II.34.2,0,GRAMS-UCT,RMSE,6.781088666019161e-09,True,(X_1*C*X_0)*C*X_2/C,"['(', 'X_1', '*', 'C', '*', 'X_0', ')', '*', 'C', '*', 'X_2', '/', 'C']","[np.float64(-1.2462142912833933), np.float64(-1.6714638857125863), np.float64(4.166004361783291)]",mom = q*v*r/2,"['X_0', '*', 'X_1', '*', 'X_2', '/', '2']",3,575,((C*X_0)*X_1)*X_2
II.34.2,1,GRAMS-UCT,RMSE,1.3145461783125462e-07,False,X_2*X_1*X_0*C,"['X_2', '*', 'X_1', '*', 'X_0', '*', 'C']",[np.float64(0.49999999605659196)],mom = q*v*r/2,"['X_0', '*', 'X_1', '*', 'X_2', '/', '2']",3,10000,((C*X_0)*X_1)*X_2
II.34.2,2,GRAMS-UCT,RMSE,5.146724403354558e-10,True,C/(C*C/X_0)*X_2*X_1*C,"['C', '/', '(', 'C', '*', 'C', '/', 'X_0', ')', '*', 'X_2', '*', 'X_1', '*', 'C']","[np.float64(-3.574812061227692), np.float64(-5.0), np.float64(5.0), np.float64(3.496687318463709)]",mom = q*v*r/2,"['X_0', '*', 'X_1', '*', 'X_2', '/', '2']",3,867,((C*X_0)*X_1)*X_2
II.34.2,0,MC,N/A,6.438261150067311e-08,True,X_2*(X_0*C*X_1*X_1)/X_1,"['X_2', '*', '(', 'X_0', '*', 'C', '*', 'X_1', '*', 'X_1', ')', '/', 'X_1']",[np.float64(0.49999999806863454)],mom = q*v*r/2,"['X_0', '*', 'X_1', '*', 'X_2', '/', '2']",3,1510,((C*X_0)*X_1)*X_2
II.34.2,1,MC,N/A,2.655364753124373e-09,True,C*(C*X_2/C+X_2/(C))*X_0*X_1,"['C', '*', '(', 'C', '*', 'X_2', '/', 'C', '+', 'X_2', '/', '(', 'C', ')', ')', '*', 'X_0', '*', 'X_1']","[np.float64(2.343623637410027), np.float64(2.9028574993825105), np.float64(-2.3423554252193237), np.float64(0.6884042851463628)]",mom = q*v*r/2,"['X_0', '*', 'X_1', '*', 'X_2', '/', '2']",3,1957,((C*X_0)*X_1)*X_2
II.34.2,2,MC,N/A,4.992366679091925e-09,True,X_2*X_0*X_1/C*C,"['X_2', '*', 'X_0', '*', 'X_1', '/', 'C', '*', 'C']","[np.float64(-5.0), np.float64(-2.5000000007488112)]",mom = q*v*r/2,"['X_0', '*', 'X_1', '*', 'X_2', '/', '2']",3,599,((C*X_0)*X_1)*X_2
II.34.29a,0,GRAMS-PUCT,BIC,5.524541098482121e-07,False,X_0*(X_1)/(X_2-C)*C,"['X_0', '*', '(', 'X_1', ')', '/', '(', 'X_2', '-', 'C', ')', '*', 'C']","[np.float64(-4.8752644222028225e-06), np.float64(0.07957778422526032)]",E_n = q*h/(4*pi*m),"['X_0', '*', 'X_1', '/', '(', '4', '*', 'pi', '*', 'X_2', ')']",3,10000,((C*X_0)*X_1)/(C+X_2)
II.34.29a,1,GRAMS-PUCT,BIC,7.103208442558822e-09,True,X_1*C/X_2*X_0,"['X_1', '*', 'C', '/', 'X_2', '*', 'X_0']",[np.float64(0.07957746998598811)],E_n = q*h/(4*pi*m),"['X_0', '*', 'X_1', '/', '(', '4', '*', 'pi', '*', 'X_2', ')']",3,4132,((C*X_0)*X_1)/X_2
II.34.29a,2,GRAMS-PUCT,BIC,5.5756097215496585e-08,True,(C/X_2*X_1*(C)*C*(C*X_0)),"['(', 'C', '/', 'X_2', '*', 'X_1', '*', '(', 'C', ')', '*', 'C', '*', '(', 'C', '*', 'X_0', ')', ')']","[np.float64(1.1170827909243466), np.float64(-0.018999874806703107), np.float64(4.344862617834129), np.float64(-0.8629349388556339)]",E_n = q*h/(4*pi*m),"['X_0', '*', 'X_1', '/', '(', '4', '*', 'pi', '*', 'X_2', ')']",3,2275,((C*X_0)*X_1)/X_2
II.34.29a,0,GRAMS-PUCT,RMSE,7.693079997155788e-09,True,C*X_0/X_2*X_1,"['C', '*', 'X_0', '/', 'X_2', '*', 'X_1']",[np.float64(0.07957746985644443)],E_n = q*h/(4*pi*m),"['X_0', '*', 'X_1', '/', '(', '4', '*', 'pi', '*', 'X_2', ')']",3,1705,((C*X_0)*X_1)/X_2
II.34.29a,1,GRAMS-PUCT,RMSE,3.6503478195587304e-07,False,C*C*(C*X_0*(X_0/X_1)*C)*X_1-C/C*X_0*X_1/X_2,"['C', '*', 'C', '*', '(', 'C', '*', 'X_0', '*', '(', 'X_0', '/', 'X_1', ')', '*', 'C', ')', '*', 'X_1', '-', 'C', '/', 'C', '*', 'X_0', '*', 'X_1', '/', 'X_2']","[np.float64(-0.8401408018938116), np.float64(-1.4395978891554875), np.float64(-2.481942477300774), np.float64(1.6661960685278617e-08), np.float64(0.2960805515264142), np.float64(-3.720653274494369)]",E_n = q*h/(4*pi*m),"['X_0', '*', 'X_1', '/', '(', '4', '*', 'pi', '*', 'X_2', ')']",3,10000,C*X_0^2+((C*X_0)*X_1)/X_2
II.34.29a,2,GRAMS-PUCT,RMSE,2.916042622078416e-08,True,X_1*X_0*C/X_2,"['X_1', '*', 'X_0', '*', 'C', '/', 'X_2']",[np.float64(0.07957746514192812)],E_n = q*h/(4*pi*m),"['X_0', '*', 'X_1', '/', '(', '4', '*', 'pi', '*', 'X_2', ')']",3,3023,((C*X_0)*X_1)/X_2
II.34.29a,0,GRAMS-UCT,BIC,1.0468936277169629e-08,True,X_1*(C)/X_2/C*X_0/C/C*C,"['X_1', '*', '(', 'C', ')', '/', 'X_2', '/', 'C', '*', 'X_0', '/', 'C', '/', 'C', '*', 'C']","[np.float64(-0.8412962629994926), np.float64(-4.233825591651719), np.float64(-1.8185601863768182), np.float64(2.602384854387917), np.float64(-1.895279887905759)]",E_n = q*h/(4*pi*m),"['X_0', '*', 'X_1', '/', '(', '4', '*', 'pi', '*', 'X_2', ')']",3,2636,((C*X_0)*X_1)/X_2
II.34.29a,1,GRAMS-UCT,BIC,8.132400116877007e-09,True,C*C/(X_2)*X_1*X_0,"['C', '*', 'C', '/', '(', 'X_2', ')', '*', 'X_1', '*', 'X_0']","[np.float64(0.2067744074498974), np.float64(0.38485163972357617)]",E_n = q*h/(4*pi*m),"['X_0', '*', 'X_1', '/', '(', '4', '*', 'pi', '*', 'X_2', ')']",3,4353,((C*X_0)*X_1)/X_2
II.34.29a,2,GRAMS-UCT,BIC,4.331462367080536e-09,True,X_1/X_2*C*X_0/C,"['X_1', '/', 'X_2', '*', 'C', '*', 'X_0', '/', 'C']","[np.float64(-0.11189792412812634), np.float64(-1.4061507687627421)]",E_n = q*h/(4*pi*m),"['X_0', '*', 'X_1', '/', '(', '4', '*', 'pi', '*', 'X_2', ')']",3,1243,((C*X_0)*X_1)/X_2
II.34.29a,0,GRAMS-UCT,RMSE,2.481433830891016e-09,True,C/C/X_2*X_0*C*X_1,"['C', '/', 'C', '/', 'X_2', '*', 'X_0', '*', 'C', '*', 'X_1']","[np.float64(0.5734798329480629), np.float64(-4.993908155049211), np.float64(-0.6929669780889327)]",E_n = q*h/(4*pi*m),"['X_0', '*', 'X_1', '/', '(', '4', '*', 'pi', '*', 'X_2', ')']",3,3894,((C*X_0)*X_1)/X_2
II.34.29a,1,GRAMS-UCT,RMSE,1.6577820880097374e-10,True,X_0/C/X_2/C*X_1*C/C,"['X_0', '/', 'C', '/', 'X_2', '/', 'C', '*', 'X_1', '*', 'C', '/', 'C']","[np.float64(1.3490231318590507), np.float64(3.789483409843036), np.float64(-1.8089456650142706), np.float64(-4.446681046798364)]",E_n = q*h/(4*pi*m),"['X_0', '*', 'X_1', '/', '(', '4', '*', 'pi', '*', 'X_2', ')']",3,3871,((C*X_0)*X_1)/X_2
II.34.29a,2,GRAMS-UCT,RMSE,2.3809404997438775e-10,True,X_0*X_1*X_0/(X_2*X_0)/C/C,"['X_0', '*', 'X_1', '*', 'X_0', '/', '(', 'X_2', '*', 'X_0', ')', '/', 'C', '/', 'C']","[np.float64(3.9956135541907147), np.float64(3.1450415400964165)]",E_n = q*h/(4*pi*m),"['X_0', '*', 'X_1', '/', '(', '4', '*', 'pi', '*', 'X_2', ')']",3,1954,((C*X_0)*X_1)/X_2
II.34.29a,0,MC,N/A,1.5080632465123843e-09,True,C*X_0*(X_1/X_2/C),"['C', '*', 'X_0', '*', '(', 'X_1', '/', 'X_2', '/', 'C', ')']","[np.float64(-0.2721474925315251), np.float64(-3.4199062386864942)]",E_n = q*h/(4*pi*m),"['X_0', '*', 'X_1', '/', '(', '4', '*', 'pi', '*', 'X_2', ')']",3,2113,((C*X_0)*X_1)/X_2
II.34.29a,1,MC,N/A,4.179872361057917e-09,True,C*X_0*X_1/X_2,"['C', '*', 'X_0', '*', 'X_1', '/', 'X_2']",[np.float64(0.07957747246390354)],E_n = q*h/(4*pi*m),"['X_0', '*', 'X_1', '/', '(', '4', '*', 'pi', '*', 'X_2', ')']",3,682,((C*X_0)*X_1)/X_2
II.34.29a,2,MC,N/A,9.032674977336349e-07,False,C/X_2*(X_0)*X_1/(X_2+C+C/X_0)*X_2,"['C', '/', 'X_2', '*', '(', 'X_0', ')', '*', 'X_1', '/', '(', 'X_2', '+', 'C', '+', 'C', '/', 'X_0', ')', '*', 'X_2']","[np.float64(0.07957694084555889), np.float64(-1.2005304826982323e-05), np.float64(8.867930832924967e-06)]",E_n = q*h/(4*pi*m),"['X_0', '*', 'X_1', '/', '(', '4', '*', 'pi', '*', 'X_2', ')']",3,10000,((C*X_0)*X_1)/((C+C/X_0)+X_2)
II.34.29b,0,GRAMS-PUCT,BIC,108.15948523567508,False,(sqrt((X_2/X_2*X_0)/(sqrt(X_3)))/X_2-C+(X_0)*(C+X_3-(sin(X_3*C)/(C)-X_4*X_3)*C/C/X_1)),"['(', 'sqrt', '(', '(', 'X_2', '/', 'X_2', '*', 'X_0', ')', '/', '(', 'sqrt', '(', 'X_3', ')', ')', ')', '/', 'X_2', '-', 'C', '+', '(', 'X_0', ')', '*', '(', 'C', '+', 'X_3', '-', '(', 'sin', '(', 'X_3', '*', 'C', ')', '/', '(', 'C', ')', '-', 'X_4', '*', 'X_3', ')', '*', 'C', '/', 'C', '/', 'X_1', ')', ')']","[np.float64(0.6870995518436743), np.float64(-2.7000195889695204), np.float64(4.747016436232921), np.float64(-3.9255275382806243), np.float64(-1.2301308554497872), np.float64(-0.06608416557669072)]",E_n = g_*mom*B*Jz/(h/(2*pi)),"['X_0', '*', 'X_3', '*', 'X_4', '*', 'X_2', '/', '(', 'X_1', '/', '(', '2', '*', 'pi', ')', ')']",5,10000,((((C*X_0+(((C*X_0)*X_3)*X_4)/X_1)+((C*X_0)*sin(C*X_3))/X_1)+C)+X_0*X_3)+(X_0/X_3^0.5)^0.5/X_2
II.34.29b,1,GRAMS-PUCT,BIC,117.17868508743766,False,(X_0+C/C*C-C*(X_3*X_2+X_4)/X_1*X_4*X_2),"['(', 'X_0', '+', 'C', '/', 'C', '*', 'C', '-', 'C', '*', '(', 'X_3', '*', 'X_2', '+', 'X_4', ')', '/', 'X_1', '*', 'X_4', '*', 'X_2', ')']","[np.float64(3.5650363718079077), np.float64(0.18127583784126147), np.float64(1.599445203384207), np.float64(-3.4468437197278012)]",E_n = g_*mom*B*Jz/(h/(2*pi)),"['X_0', '*', 'X_3', '*', 'X_4', '*', 'X_2', '/', '(', 'X_1', '/', '(', '2', '*', 'pi', ')', ')']",5,10000,((C+(((C*X_2^2)*X_3)*X_4)/X_1)+((C*X_2)*X_4^2)/X_1)+X_0
II.34.29b,2,GRAMS-PUCT,BIC,139.93096033698302,False,X_0*(X_4*X_0/exp(C-(C)/X_4/C-C)-C*X_2+C*C)*X_3,"['X_0', '*', '(', 'X_4', '*', 'X_0', '/', 'exp', '(', 'C', '-', '(', 'C', ')', '/', 'X_4', '/', 'C', '-', 'C', ')', '-', 'C', '*', 'X_2', '+', 'C', '*', 'C', ')', '*', 'X_3']","[np.float64(-5.0), np.float64(4.999931621409756), np.float64(-1.155236791443002), np.float64(-3.870201364469244), np.float64(-5.0), np.float64(0.9974130114589235), np.float64(-1.9966743829424844)]",E_n = g_*mom*B*Jz/(h/(2*pi)),"['X_0', '*', 'X_3', '*', 'X_4', '*', 'X_2', '/', '(', 'X_1', '/', '(', '2', '*', 'pi', ')', ')']",5,10000,((((C*X_0^2)*X_3)*X_4)*exp(C/X_4)+((C*X_0)*X_2)*X_3)+(C*X_0)*X_3
II.34.29b,0,GRAMS-PUCT,RMSE,117.52519267045886,False,(X_2/C/C/X_1*(X_3/C)*X_4/(((X_2+C))+C)-C-X_1-(X_0)+X_1*X_2),"['(', 'X_2', '/', 'C', '/', 'C', '/', 'X_1', '*', '(', 'X_3', '/', 'C', ')', '*', 'X_4', '/', '(', '(', '(', 'X_2', '+', 'C', ')', ')', '+', 'C', ')', '-', 'C', '-', 'X_1', '-', '(', 'X_0', ')', '+', 'X_1', '*', 'X_2', ')']","[np.float64(-2.36338031175881), np.float64(4.2522909582486745), np.float64(-0.0008828889541952457), np.float64(2.670947984763639), np.float64(-0.05334504256040919), np.float64(-3.8434745254286278)]",E_n = g_*mom*B*Jz/(h/(2*pi)),"['X_0', '*', 'X_3', '*', 'X_4', '*', 'X_2', '/', '(', 'X_1', '/', '(', '2', '*', 'pi', ')', ')']",5,10000,((((((C*X_2)*X_3)*X_4)/(C*X_1+X_1*X_2)+C)+-1*X_0)+X_1*X_2)+-1*X_1
II.34.29b,1,GRAMS-PUCT,RMSE,105.77105555870905,False,X_2/X_3-X_4/(C-C/C)*X_3-X_0/X_1*(C+(X_0*C-X_4)-C)*(X_2)*X_3/C,"['X_2', '/', 'X_3', '-', 'X_4', '/', '(', 'C', '-', 'C', '/', 'C', ')', '*', 'X_3', '-', 'X_0', '/', 'X_1', '*', '(', 'C', '+', '(', 'X_0', '*', 'C', '-', 'X_4', ')', '-', 'C', ')', '*', '(', 'X_2', ')', '*', 'X_3', '/', 'C']","[np.float64(4.77861202340134), np.float64(-4.9766202248611), np.float64(-1.0194074558816344), np.float64(4.996029966668029), np.float64(4.994237340472549), np.float64(-4.996027726017727), np.float64(-1.9391043577563842)]",E_n = g_*mom*B*Jz/(h/(2*pi)),"['X_0', '*', 'X_3', '*', 'X_4', '*', 'X_2', '/', '(', 'X_1', '/', '(', '2', '*', 'pi', ')', ')']",5,10000,((((((C*X_0^2)*X_2)*X_3)/X_1+((((C*X_0)*X_2)*X_3)*X_4)/X_1)+(((C*X_0)*X_2)*X_3)/X_1)+(C*X_3)*X_4)+X_2/X_3
II.34.29b,2,GRAMS-PUCT,RMSE,108.2584260753069,False,(X_4-X_2*(C*X_0*X_4/X_1*C+C/X_1)+sin(X_3)+exp(C)/C-X_4*X_1*C)*C,"['(', 'X_4', '-', 'X_2', '*', '(', 'C', '*', 'X_0', '*', 'X_4', '/', 'X_1', '*', 'C', '+', 'C', '/', 'X_1', ')', '+', 'sin', '(', 'X_3', ')', '+', 'exp', '(', 'C', ')', '/', 'C', '-', 'X_4', '*', 'X_1', '*', 'C', ')', '*', 'C']","[np.float64(-4.939923451314655), np.float64(4.22234582714178), np.float64(-3.524295879313348), np.float64(-4.176131050582974), np.float64(-2.3547145944440375), np.float64(0.059907419247282614), np.float64(0.8836829728215908)]",E_n = g_*mom*B*Jz/(h/(2*pi)),"['X_0', '*', 'X_3', '*', 'X_4', '*', 'X_2', '/', '(', 'X_1', '/', '(', '2', '*', 'pi', ')', ')']",5,10000,(((((((C*X_0)*X_2)*X_4)/X_1+(C*X_1)*X_4)+C*X_4)+C*sin(X_3))+C)+(C*X_2)/X_1
II.34.29b,0,GRAMS-UCT,BIC,67.8289856114328,False,C+X_4*(C/X_3+X_3)*(C+X_2)/(C*X_1)*X_0*X_0,"['C', '+', 'X_4', '*', '(', 'C', '/', 'X_3', '+', 'X_3', ')', '*', '(', 'C', '+', 'X_2', ')', '/', '(', 'C', '*', 'X_1', ')', '*', 'X_0', '*', 'X_0']","[np.float64(5.0), np.float64(-0.042639408932286155), np.float64(-0.0025579515314442334), np.float64(0.6426008829028547)]",E_n = g_*mom*B*Jz/(h/(2*pi)),"['X_0', '*', 'X_3', '*', 'X_4', '*', 'X_2', '/', '(', 'X_1', '/', '(', '2', '*', 'pi', ')', ')']",5,10000,((((((C*X_0^2)*X_2)*X_4)/(X_1*X_3)+((C*X_0^2)*X_4)/(X_1*X_3))+((((C*X_0^2)*X_2)*X_3)*X_4)/X_1)+(((C*X_0^2)*X_3)*X_4)/X_1)+C
II.34.29b,1,GRAMS-UCT,BIC,105.75434001843878,False,(sqrt(X_4*X_2*X_0*X_2)/X_1+C/X_3)/C*C-X_3-(X_1-C-C)*X_4,"['(', 'sqrt', '(', 'X_4', '*', 'X_2', '*', 'X_0', '*', 'X_2', ')', '/', 'X_1', '+', 'C', '/', 'X_3', ')', '/', 'C', '*', 'C', '-', 'X_3', '-', '(', 'X_1', '-', 'C', '-', 'C', ')', '*', 'X_4']","[np.float64(-3.017625493524201), np.float64(-0.06395189984512856), np.float64(-4.934526216594699), np.float64(4.984918016538791), np.float64(4.984918016538791)]",E_n = g_*mom*B*Jz/(h/(2*pi)),"['X_0', '*', 'X_3', '*', 'X_4', '*', 'X_2', '/', '(', 'X_1', '/', '(', '2', '*', 'pi', ')', ')']",5,10000,(((C*X_4+C/X_3)+(C*((X_0*X_2^2)*X_4)^0.5)/X_1)+-1*(X_1*X_4))+-1*X_3
II.34.29b,2,GRAMS-UCT,BIC,74.27265817012429,False,X_0/C*X_2*C/X_1*exp(((X_3+C-X_4/C/C)*C+X_3))*X_0,"['X_0', '/', 'C', '*', 'X_2', '*', 'C', '/', 'X_1', '*', 'exp', '(', '(', '(', 'X_3', '+', 'C', '-', 'X_4', '/', 'C', '/', 'C', ')', '*', 'C', '+', 'X_3', ')', ')', '*', 'X_0']","[np.float64(-3.6320467157679235), np.float64(-2.608251599862076), np.float64(-1.349551174949583), np.float64(-1.5166749896612108), np.float64(-1.3907857872847704), np.float64(-0.6770036965827012)]",E_n = g_*mom*B*Jz/(h/(2*pi)),"['X_0', '*', 'X_3', '*', 'X_4', '*', 'X_2', '/', '(', 'X_1', '/', '(', '2', '*', 'pi', ')', ')']",5,10000,(((((C*X_0^2)*X_2)*exp(X_3))*exp(C*X_3))*exp(C*X_4))/X_1
II.34.29b,0,GRAMS-UCT,RMSE,1.0955400641702901e-07,False,(X_0)/X_1*X_2*(C*X_3)*((C*X_4/C)),"['(', 'X_0', ')', '/', 'X_1', '*', 'X_2', '*', '(', 'C', '*', 'X_3', ')', '*', '(', '(', 'C', '*', 'X_4', '/', 'C', ')', ')']","[np.float64(2.4859894015391846), np.float64(4.485059282434662), np.float64(1.7745473501422377)]",E_n = g_*mom*B*Jz/(h/(2*pi)),"['X_0', '*', 'X_3', '*', 'X_4', '*', 'X_2', '/', '(', 'X_1', '/', '(', '2', '*', 'pi', ')', ')']",5,10000,((((C*X_0)*X_2)*X_3)*X_4)/X_1
II.34.29b,1,GRAMS-UCT,RMSE,107.73692343847041,False,X_0*X_2*X_4*C*(C)/X_1+C/X_4+X_1,"['X_0', '*', 'X_2', '*', 'X_4', '*', 'C', '*', '(', 'C', ')', '/', 'X_1', '+', 'C', '/', 'X_4', '+', 'X_1']","[np.float64(-4.285776632004323), np.float64(-4.395678302927269), np.float64(-0.49083357036601266)]",E_n = g_*mom*B*Jz/(h/(2*pi)),"['X_0', '*', 'X_3', '*', 'X_4', '*', 'X_2', '/', '(', 'X_1', '/', '(', '2', '*', 'pi', ')', ')']",5,10000,((((C*X_0)*X_2)*X_4)/X_1+C/X_4)+X_1
II.34.29b,2,GRAMS-UCT,RMSE,13.345980054257453,False,X_0/C/C*X_3*(C+X_3+C*C*X_2/X_0)*(X_4*X_0*C/X_1),"['X_0', '/', 'C', '/', 'C', '*', 'X_3', '*', '(', 'C', '+', 'X_3', '+', 'C', '*', 'C', '*', 'X_2', '/', 'X_0', ')', '*', '(', 'X_4', '*', 'X_0', '*', 'C', '/', 'X_1', ')']","[np.float64(-4.2697331577794), np.float64(-4.6299282794547105), np.float64(-4.014458723947823), np.float64(5.0), np.float64(-5.0), np.float64(-4.911177129812596)]",E_n = g_*mom*B*Jz/(h/(2*pi)),"['X_0', '*', 'X_3', '*', 'X_4', '*', 'X_2', '/', '(', 'X_1', '/', '(', '2', '*', 'pi', ')', ')']",5,10000,((((C*X_0^2)*X_3^2)*X_4)/X_1+(((C*X_0^2)*X_3)*X_4)/X_1)+((((C*X_0)*X_2)*X_3)*X_4)/X_1
II.34.29b,0,MC,N/A,65.92866821054838,False,X_3+(C+X_2-X_1)*C*((X_4-X_0*sin(C))-(X_3)*X_0*X_4-X_2)/X_1*X_1,"['X_3', '+', '(', 'C', '+', 'X_2', '-', 'X_1', ')', '*', 'C', '*', '(', '(', 'X_4', '-', 'X_0', '*', 'sin', '(', 'C', ')', ')', '-', '(', 'X_3', ')', '*', 'X_0', '*', 'X_4', '-', 'X_2', ')', '/', 'X_1', '*', 'X_1']","[np.float64(2.8456474654899866), np.float64(-2.747101012374665), np.float64(-2.571382819266433)]",E_n = g_*mom*B*Jz/(h/(2*pi)),"['X_0', '*', 'X_3', '*', 'X_4', '*', 'X_2', '/', '(', 'X_1', '/', '(', '2', '*', 'pi', ')', ')']",5,10000,((((((((((((((C*X_0)*X_1)*X_3)*X_4+(C*X_0)*X_1)+(((C*X_0)*X_2)*X_3)*X_4)+(C*X_0)*X_2)+((C*X_0)*X_3)*X_4)+C*X_0)+(C*X_1)*X_2)+(C*X_1)*X_4)+C*X_2^2)+(C*X_2)*X_4)+C*X_2)+C*X_4)+X_3
II.34.29b,1,MC,N/A,139.87217432494293,False,C*(X_2*X_3)*X_0+(X_3)/C*C/X_1-C*C+(X_0),"['C', '*', '(', 'X_2', '*', 'X_3', ')', '*', 'X_0', '+', '(', 'X_3', ')', '/', 'C', '*', 'C', '/', 'X_1', '-', 'C', '*', 'C', '+', '(', 'X_0', ')']","[np.float64(5.0), np.float64(-0.05524214343845285), np.float64(-5.0), np.float64(5.0), np.float64(4.999895665522685)]",E_n = g_*mom*B*Jz/(h/(2*pi)),"['X_0', '*', 'X_3', '*', 'X_4', '*', 'X_2', '/', '(', 'X_1', '/', '(', '2', '*', 'pi', ')', ')']",5,10000,((((C*X_0)*X_2)*X_3+C)+(C*X_3)/X_1)+X_0
II.34.29b,2,MC,N/A,124.9951897867313,False,((X_0*C)/X_1*X_4/X_1*X_2*X_3)/C*X_3,"['(', '(', 'X_0', '*', 'C', ')', '/', 'X_1', '*', 'X_4', '/', 'X_1', '*', 'X_2', '*', 'X_3', ')', '/', 'C', '*', 'X_3']","[np.float64(-3.635078731324806), np.float64(-1.5725926564819082)]",E_n = g_*mom*B*Jz/(h/(2*pi)),"['X_0', '*', 'X_3', '*', 'X_4', '*', 'X_2', '/', '(', 'X_1', '/', '(', '2', '*', 'pi', ')', ')']",5,10000,((((C*X_0)*X_2)*X_3^2)*X_4)/X_1^2
II.34.2a,0,GRAMS-PUCT,BIC,9.870727458947238e-09,True,(X_1*X_0*C*C/X_2),"['(', 'X_1', '*', 'X_0', '*', 'C', '*', 'C', '/', 'X_2', ')']","[np.float64(0.47192079325351144), np.float64(0.33724926562574414)]",l = q*v/(2*pi*r),"['X_0', '*', 'X_1', '/', '(', '2', '*', 'pi', '*', 'X_2', ')']",3,7141,((C*X_0)*X_1)/X_2
II.34.2a,1,GRAMS-PUCT,BIC,4.815425347233275e-10,True,X_1*X_0/X_2*C/C,"['X_1', '*', 'X_0', '/', 'X_2', '*', 'C', '/', 'C']","[np.float64(-0.7867674821781524), np.float64(-4.943405880955407)]",l = q*v/(2*pi*r),"['X_0', '*', 'X_1', '/', '(', '2', '*', 'pi', '*', 'X_2', ')']",3,1679,((C*X_0)*X_1)/X_2
II.34.2a,2,GRAMS-PUCT,BIC,8.092620049700515e-09,True,X_1/X_2/C*X_0*C,"['X_1', '/', 'X_2', '/', 'C', '*', 'X_0', '*', 'C']","[np.float64(-4.999873197525862), np.float64(-0.7957545429650948)]",l = q*v/(2*pi*r),"['X_0', '*', 'X_1', '/', '(', '2', '*', 'pi', '*', 'X_2', ')']",3,2309,((C*X_0)*X_1)/X_2
II.34.2a,0,GRAMS-PUCT,RMSE,4.1588229150348095e-08,True,((X_0*X_1/X_2*X_1)/X_1*C),"['(', '(', 'X_0', '*', 'X_1', '/', 'X_2', '*', 'X_1', ')', '/', 'X_1', '*', 'C', ')']",[np.float64(0.15915493410229525)],l = q*v/(2*pi*r),"['X_0', '*', 'X_1', '/', '(', '2', '*', 'pi', '*', 'X_2', ')']",3,4893,((C*X_0)*X_1)/X_2
II.34.2a,1,GRAMS-PUCT,RMSE,1.1526949129023031e-08,True,X_0*(X_1*C*C/X_2),"['X_0', '*', '(', 'X_1', '*', 'C', '*', 'C', '/', 'X_2', ')']","[np.float64(0.7193672868286712), np.float64(0.22124294990100962)]",l = q*v/(2*pi*r),"['X_0', '*', 'X_1', '/', '(', '2', '*', 'pi', '*', 'X_2', ')']",3,2008,((C*X_0)*X_1)/X_2
II.34.2a,2,GRAMS-PUCT,RMSE,9.233390299281841e-09,True,C*X_1/X_2*X_0,"['C', '*', 'X_1', '/', 'X_2', '*', 'X_0']",[np.float64(0.15915494109603046)],l = q*v/(2*pi*r),"['X_0', '*', 'X_1', '/', '(', '2', '*', 'pi', '*', 'X_2', ')']",3,4446,((C*X_0)*X_1)/X_2
II.34.2a,0,GRAMS-UCT,BIC,1.682157006771389e-08,True,(X_0/X_2*C)*C*X_1*C*C,"['(', 'X_0', '/', 'X_2', '*', 'C', ')', '*', 'C', '*', 'X_1', '*', 'C', '*', 'C']","[np.float64(-0.4564155888652793), np.float64(0.30166854561619316), np.float64(2.8953566744480375), np.float64(-0.39923404713422417)]",l = q*v/(2*pi*r),"['X_0', '*', 'X_1', '/', '(', '2', '*', 'pi', '*', 'X_2', ')']",3,1248,((C*X_0)*X_1)/X_2
II.34.2a,1,GRAMS-UCT,BIC,9.08690099024633e-10,True,C*X_1/X_2*C*C/C*X_0,"['C', '*', 'X_1', '/', 'X_2', '*', 'C', '*', 'C', '/', 'C', '*', 'X_0']","[np.float64(0.9224942749370387), np.float64(-1.0043711249312177), np.float64(-0.7405311346503216), np.float64(4.311030430985252)]",l = q*v/(2*pi*r),"['X_0', '*', 'X_1', '/', '(', '2', '*', 'pi', '*', 'X_2', ')']",3,232,((C*X_0)*X_1)/X_2
II.34.2a,2,GRAMS-UCT,BIC,4.9214581153683535e-09,True,X_1/X_2*C*X_0*(C/C),"['X_1', '/', 'X_2', '*', 'C', '*', 'X_0', '*', '(', 'C', '/', 'C', ')']","[np.float64(-1.1689519582589278), np.float64(0.6807591322775775), np.float64(-5.0)]",l = q*v/(2*pi*r),"['X_0', '*', 'X_1', '/', '(', '2', '*', 'pi', '*', 'X_2', ')']",3,942,((C*X_0)*X_1)/X_2
II.34.2a,0,GRAMS-UCT,RMSE,1.2279329291951431e-08,True,X_0*(C*C-C)*X_1/C/X_2,"['X_0', '*', '(', 'C', '*', 'C', '-', 'C', ')', '*', 'X_1', '/', 'C', '/', 'X_2']","[np.float64(-2.6483864881555945), np.float64(-1.5762063713837122), np.float64(4.004659833041195), np.float64(1.0665318798632453)]",l = q*v/(2*pi*r),"['X_0', '*', 'X_1', '/', '(', '2', '*', 'pi', '*', 'X_2', ')']",3,1145,((C*X_0)*X_1)/X_2
II.34.2a,1,GRAMS-UCT,RMSE,8.540160131018443e-10,True,X_1*X_0/C/X_2/C*C/C,"['X_1', '*', 'X_0', '/', 'C', '/', 'X_2', '/', 'C', '*', 'C', '/', 'C']","[np.float64(3.8514501738714277), np.float64(2.829266648918354), np.float64(5.0), np.float64(2.8830469126009053)]",l = q*v/(2*pi*r),"['X_0', '*', 'X_1', '/', '(', '2', '*', 'pi', '*', 'X_2', ')']",3,2521,((C*X_0)*X_1)/X_2
II.34.2a,2,GRAMS-UCT,RMSE,2.5027914338102287e-08,True,X_1*C*X_0/X_2*C*exp(C+C),"['X_1', '*', 'C', '*', 'X_0', '/', 'X_2', '*', 'C', '*', 'exp', '(', 'C', '+', 'C', ')']","[np.float64(-4.999991169580644), np.float64(-4.99999300483226), np.float64(-1.990377094254291), np.float64(-3.066372665895122)]",l = q*v/(2*pi*r),"['X_0', '*', 'X_1', '/', '(', '2', '*', 'pi', '*', 'X_2', ')']",3,162,((C*X_0)*X_1)/X_2
II.34.2a,0,MC,N/A,6.244159143937628e-08,True,C*X_1/X_2*(X_0*C+C),"['C', '*', 'X_1', '/', 'X_2', '*', '(', 'X_0', '*', 'C', '+', 'C', ')']","[np.float64(0.03873951201409212), np.float64(4.108336132189142), np.float64(1.5914319799008653e-06)]",l = q*v/(2*pi*r),"['X_0', '*', 'X_1', '/', '(', '2', '*', 'pi', '*', 'X_2', ')']",3,1363,((C*X_0)*X_1)/X_2+(C*X_1)/X_2
II.34.2a,1,MC,N/A,2.9360716221443112e-08,True,C*X_0*X_1/X_2,"['C', '*', 'X_0', '*', 'X_1', '/', 'X_2']",[np.float64(0.15915493674536166)],l = q*v/(2*pi*r),"['X_0', '*', 'X_1', '/', '(', '2', '*', 'pi', '*', 'X_2', ')']",3,682,((C*X_0)*X_1)/X_2
II.34.2a,2,MC,N/A,1.004049686570666e-06,False,C/X_2*(X_0)*X_1/(X_2+C+C/X_0)*X_2,"['C', '/', 'X_2', '*', '(', 'X_0', ')', '*', 'X_1', '/', '(', 'X_2', '+', 'C', '+', 'C', '/', 'X_0', ')', '*', 'X_2']","[np.float64(0.15915469468488802), np.float64(3.2718184211896807e-06), np.float64(-1.648082862634177e-05)]",l = q*v/(2*pi*r),"['X_0', '*', 'X_1', '/', '(', '2', '*', 'pi', '*', 'X_2', ')']",3,10000,((C*X_0)*X_1)/((C+C/X_0)+X_2)
II.35.18,0,GRAMS-PUCT,BIC,0.13639249676364557,False,(X_0*C-((X_2*C)+X_0/X_4)*C/C-X_3/C*(C)+(X_1))/C*X_0,"['(', 'X_0', '*', 'C', '-', '(', '(', 'X_2', '*', 'C', ')', '+', 'X_0', '/', 'X_4', ')', '*', 'C', '/', 'C', '-', 'X_3', '/', 'C', '*', '(', 'C', ')', '+', '(', 'X_1', ')', ')', '/', 'C', '*', 'X_0']","[np.float64(-0.48281723459401366), np.float64(0.6647271891936961), np.float64(-3.1861180884098683), np.float64(4.555980468358387), np.float64(4.906621466097543), np.float64(2.906234357378546), np.float64(5.0)]",n = n_0/(exp(mom*B/(kb*T))+exp(-mom*B/(kb*T))),"['X_0', '/', '(', 'exp', '(', 'X_3', '*', 'X_4', '/', '(', 'X_1', '*', 'X_2', ')', ')', '+', 'exp', '(', 'u-', 'X_3', '*', 'X_4', '/', '(', 'X_1', '*', 'X_2', ')', ')', ')']",5,10000,(((C*X_0^2+(C*X_0^2)/X_4)+(C*X_0)*X_1)+(C*X_0)*X_2)+(C*X_0)*X_3
II.35.18,1,GRAMS-PUCT,BIC,0.1600231121014086,False,((C*exp(X_0+X_3/exp(X_0+C)-X_2/(C*C))+X_3*C-X_4*(C+C/X_2)-(C))),"['(', '(', 'C', '*', 'exp', '(', 'X_0', '+', 'X_3', '/', 'exp', '(', 'X_0', '+', 'C', ')', '-', 'X_2', '/', '(', 'C', '*', 'C', ')', ')', '+', 'X_3', '*', 'C', '-', 'X_4', '*', '(', 'C', '+', 'C', '/', 'X_2', ')', '-', '(', 'C', ')', ')', ')']","[np.float64(0.02707912601178837), np.float64(2.688453611845774), np.float64(-2.4133699949031864), np.float64(3.1108356559834447), np.float64(-0.21424036577171554), np.float64(0.050450860822695814), np.float64(0.2901943691848687), np.float64(-1.1362327978104816)]",n = n_0/(exp(mom*B/(kb*T))+exp(-mom*B/(kb*T))),"['X_0', '/', '(', 'exp', '(', 'X_3', '*', 'X_4', '/', '(', 'X_1', '*', 'X_2', ')', ')', '+', 'exp', '(', 'u-', 'X_3', '*', 'X_4', '/', '(', 'X_1', '*', 'X_2', ')', ')', ')']",5,10000,(((C*X_3+C*X_4)+((C*exp(X_0))*exp(C*X_2))*exp((C*X_3)*exp(-1*X_0)))+C)+(C*X_4)/X_2
II.35.18,2,GRAMS-PUCT,BIC,0.16832868308250698,False,X_4*C+C/C-C*X_4+(X_3*C*X_2+X_4-X_0*(X_3*C-X_3-C*X_1)),"['X_4', '*', 'C', '+', 'C', '/', 'C', '-', 'C', '*', 'X_4', '+', '(', 'X_3', '*', 'C', '*', 'X_2', '+', 'X_4', '-', 'X_0', '*', '(', 'X_3', '*', 'C', '-', 'X_3', '-', 'C', '*', 'X_1', ')', ')']","[np.float64(-0.5993238827191851), np.float64(-2.586517324670843), np.float64(-5.0), np.float64(0.6143334347036621), np.float64(0.04368833347923229), np.float64(1.0855185887069534), np.float64(0.1701775595708846)]",n = n_0/(exp(mom*B/(kb*T))+exp(-mom*B/(kb*T))),"['X_0', '/', '(', 'exp', '(', 'X_3', '*', 'X_4', '/', '(', 'X_1', '*', 'X_2', ')', ')', '+', 'exp', '(', 'u-', 'X_3', '*', 'X_4', '/', '(', 'X_1', '*', 'X_2', ')', ')', ')']",5,10000,((((((C*X_0)*X_1+(C*X_0)*X_3)+(C*X_2)*X_3)+C*X_4)+C)+X_0*X_3)+X_4
II.35.18,0,GRAMS-PUCT,RMSE,0.1056515985375169,False,exp((C*X_2+(C)-C/X_1*X_3*C*C*(X_3*X_4-X_1/X_0)-X_0/C)),"['exp', '(', '(', 'C', '*', 'X_2', '+', '(', 'C', ')', '-', 'C', '/', 'X_1', '*', 'X_3', '*', 'C', '*', 'C', '*', '(', 'X_3', '*', 'X_4', '-', 'X_1', '/', 'X_0', ')', '-', 'X_0', '/', 'C', ')', ')']","[np.float64(0.29792088573442993), np.float64(-1.8472207323758272), np.float64(1.5847085308950437), np.float64(0.12085163236434111), np.float64(0.6731480332130984), np.float64(-1.8215432945474428)]",n = n_0/(exp(mom*B/(kb*T))+exp(-mom*B/(kb*T))),"['X_0', '/', '(', 'exp', '(', 'X_3', '*', 'X_4', '/', '(', 'X_1', '*', 'X_2', ')', ')', '+', 'exp', '(', 'u-', 'X_3', '*', 'X_4', '/', '(', 'X_1', '*', 'X_2', ')', ')', ')']",5,10000,(((C*exp(C*X_0))*exp(C*X_2))*exp((C*X_3)/X_0))*exp(((C*X_3^2)*X_4)/X_1)
II.35.18,1,GRAMS-PUCT,RMSE,0.16262725827353464,False,(X_2+X_1*X_0+(X_0)+X_3*C*X_0)/(C)*sin(C)/((C))-C,"['(', 'X_2', '+', 'X_1', '*', 'X_0', '+', '(', 'X_0', ')', '+', 'X_3', '*', 'C', '*', 'X_0', ')', '/', '(', 'C', ')', '*', 'sin', '(', 'C', ')', '/', '(', '(', 'C', ')', ')', '-', 'C']","[np.float64(-0.604076704250844), np.float64(-4.317896035715263), np.float64(3.505004623360557), np.float64(0.554935743234309), np.float64(0.22573681117555938)]",n = n_0/(exp(mom*B/(kb*T))+exp(-mom*B/(kb*T))),"['X_0', '/', '(', 'exp', '(', 'X_3', '*', 'X_4', '/', '(', 'X_1', '*', 'X_2', ')', ')', '+', 'exp', '(', 'u-', 'X_3', '*', 'X_4', '/', '(', 'X_1', '*', 'X_2', ')', ')', ')']",5,10000,((((C*X_0)*X_1+(C*X_0)*X_3)+C*X_0)+C*X_2)+C
II.35.18,2,GRAMS-PUCT,RMSE,0.13306858021968337,False,(X_0/X_3-(X_4+C-X_0/X_1)+X_2)*C*X_1,"['(', 'X_0', '/', 'X_3', '-', '(', 'X_4', '+', 'C', '-', 'X_0', '/', 'X_1', ')', '+', 'X_2', ')', '*', 'C', '*', 'X_1']","[np.float64(-0.5490718376623327), np.float64(0.11450426253954593)]",n = n_0/(exp(mom*B/(kb*T))+exp(-mom*B/(kb*T))),"['X_0', '/', '(', 'exp', '(', 'X_3', '*', 'X_4', '/', '(', 'X_1', '*', 'X_2', ')', ')', '+', 'exp', '(', 'u-', 'X_3', '*', 'X_4', '/', '(', 'X_1', '*', 'X_2', ')', ')', ')']",5,10000,(((((C*X_0)*X_1)/X_3+C*X_0)+(C*X_1)*X_2)+(C*X_1)*X_4)+C*X_1
II.35.18,0,GRAMS-UCT,BIC,0.1343105247322604,False,(C/((X_0)/C)+X_4/(C-X_2*X_1*X_1)+C+C/X_3),"['(', 'C', '/', '(', '(', 'X_0', ')', '/', 'C', ')', '+', 'X_4', '/', '(', 'C', '-', 'X_2', '*', 'X_1', '*', 'X_1', ')', '+', 'C', '+', 'C', '/', 'X_3', ')']","[np.float64(4.433023464643622), np.float64(-0.2126539236475406), np.float64(-1.1784686897207133), np.float64(1.0296292613816538), np.float64(0.6695244363209986)]",n = n_0/(exp(mom*B/(kb*T))+exp(-mom*B/(kb*T))),"['X_0', '/', '(', 'exp', '(', 'X_3', '*', 'X_4', '/', '(', 'X_1', '*', 'X_2', ')', ')', '+', 'exp', '(', 'u-', 'X_3', '*', 'X_4', '/', '(', 'X_1', '*', 'X_2', ')', ')', ')']",5,10000,((C+C/X_3)+C/X_0)+X_4/(C-X_1^2*X_2)
II.35.18,1,GRAMS-UCT,BIC,0.10591251777785704,False,X_4*C*C*X_3*C*(C)+((X_0+X_1+X_2-C)*(X_1))*C/X_1,"['X_4', '*', 'C', '*', 'C', '*', 'X_3', '*', 'C', '*', '(', 'C', ')', '+', '(', '(', 'X_0', '+', 'X_1', '+', 'X_2', '-', 'C', ')', '*', '(', 'X_1', ')', ')', '*', 'C', '/', 'X_1']","[np.float64(-0.6389600242178957), np.float64(-0.5389237805057374), np.float64(-0.6298138040235978), np.float64(0.4772940694866679), np.float64(1.8576435039154937), np.float64(0.2453180666713385)]",n = n_0/(exp(mom*B/(kb*T))+exp(-mom*B/(kb*T))),"['X_0', '/', '(', 'exp', '(', 'X_3', '*', 'X_4', '/', '(', 'X_1', '*', 'X_2', ')', ')', '+', 'exp', '(', 'u-', 'X_3', '*', 'X_4', '/', '(', 'X_1', '*', 'X_2', ')', ')', ')']",5,10000,(((C*X_0+C*X_1)+C*X_2)+(C*X_3)*X_4)+C
II.35.18,2,GRAMS-UCT,BIC,0.1176479933160332,False,X_1*C-C*X_4*X_3*X_2+C+C*X_2/C+X_1-C*X_0,"['X_1', '*', 'C', '-', 'C', '*', 'X_4', '*', 'X_3', '*', 'X_2', '+', 'C', '+', 'C', '*', 'X_2', '/', 'C', '+', 'X_1', '-', 'C', '*', 'X_0']","[np.float64(-0.7842092280001207), np.float64(0.04599205568370332), np.float64(-0.86747307766424), np.float64(2.0030841416321428), np.float64(4.99999828116494), np.float64(-0.3022928889764082)]",n = n_0/(exp(mom*B/(kb*T))+exp(-mom*B/(kb*T))),"['X_0', '/', '(', 'exp', '(', 'X_3', '*', 'X_4', '/', '(', 'X_1', '*', 'X_2', ')', ')', '+', 'exp', '(', 'u-', 'X_3', '*', 'X_4', '/', '(', 'X_1', '*', 'X_2', ')', ')', ')']",5,10000,((((C*X_0+C*X_1)+((C*X_2)*X_3)*X_4)+C*X_2)+C)+X_1
II.35.18,0,GRAMS-UCT,RMSE,0.11007293163753343,False,C*X_4/X_1+sin(C)/X_2-X_0*X_0*C/X_3-C+C,"['C', '*', 'X_4', '/', 'X_1', '+', 'sin', '(', 'C', ')', '/', 'X_2', '-', 'X_0', '*', 'X_0', '*', 'C', '/', 'X_3', '-', 'C', '+', 'C']","[np.float64(-0.36126123849246045), np.float64(-1.560922944419732), np.float64(-0.1354413460732257), np.float64(0.8235839546264891), np.float64(2.047937063039219)]",n = n_0/(exp(mom*B/(kb*T))+exp(-mom*B/(kb*T))),"['X_0', '/', '(', 'exp', '(', 'X_3', '*', 'X_4', '/', '(', 'X_1', '*', 'X_2', ')', ')', '+', 'exp', '(', 'u-', 'X_3', '*', 'X_4', '/', '(', 'X_1', '*', 'X_2', ')', ')', ')']",5,10000,(((C*X_0^2)/X_3+C)+C/X_2)+(C*X_4)/X_1
II.35.18,1,GRAMS-UCT,RMSE,0.10560529237075052,False,C+(C)*exp(C/X_2)*cos(C)/X_4-C*X_0*C-((X_1)/X_1+((X_0*X_3/(X_1*C)-X_4)*C)),"['C', '+', '(', 'C', ')', '*', 'exp', '(', 'C', '/', 'X_2', ')', '*', 'cos', '(', 'C', ')', '/', 'X_4', '-', 'C', '*', 'X_0', '*', 'C', '-', '(', '(', 'X_1', ')', '/', 'X_1', '+', '(', '(', 'X_0', '*', 'X_3', '/', '(', 'X_1', '*', 'C', ')', '-', 'X_4', ')', '*', 'C', ')', ')']","[np.float64(1.8922227570429315), np.float64(0.16004926065904415), np.float64(2.212821820693072), np.float64(3.948981708010782), np.float64(0.12798746747114945), np.float64(-3.878366769337601), np.float64(-1.8573386620840093), np.float64(-0.3335635962154221)]",n = n_0/(exp(mom*B/(kb*T))+exp(-mom*B/(kb*T))),"['X_0', '/', '(', 'exp', '(', 'X_3', '*', 'X_4', '/', '(', 'X_1', '*', 'X_2', ')', ')', '+', 'exp', '(', 'u-', 'X_3', '*', 'X_4', '/', '(', 'X_1', '*', 'X_2', ')', ')', ')']",5,10000,(((C*X_0+((C*X_0)*X_3)/X_1)+C*X_4)+C)+(C*exp(C/X_2))/X_4
II.35.18,2,GRAMS-UCT,RMSE,0.11457902147028813,False,X_0*C+(C+C*X_1)-C/(X_3)*X_4+(C*C*X_2*X_3)-C/X_3-X_2*((C))-X_2,"['X_0', '*', 'C', '+', '(', 'C', '+', 'C', '*', 'X_1', ')', '-', 'C', '/', '(', 'X_3', ')', '*', 'X_4', '+', '(', 'C', '*', 'C', '*', 'X_2', '*', 'X_3', ')', '-', 'C', '/', 'X_3', '-', 'X_2', '*', '(', '(', 'C', ')', ')', '-', 'X_2']","[np.float64(0.30345905237654475), np.float64(-1.194481804872559), np.float64(0.21586744826659413), np.float64(0.3262928457013215), np.float64(-3.7780124816514027), np.float64(0.0033239828036648773), np.float64(-1.239727155963789), np.float64(-1.242416429323342)]",n = n_0/(exp(mom*B/(kb*T))+exp(-mom*B/(kb*T))),"['X_0', '/', '(', 'exp', '(', 'X_3', '*', 'X_4', '/', '(', 'X_1', '*', 'X_2', ')', ')', '+', 'exp', '(', 'u-', 'X_3', '*', 'X_4', '/', '(', 'X_1', '*', 'X_2', ')', ')', ')']",5,10000,((((((C*X_0+C*X_1)+(C*X_2)*X_3)+C*X_2)+C)+(C*X_4)/X_3)+C/X_3)+-1*X_2
II.35.18,0,MC,N/A,0.1681025800954944,False,C-C/X_0+X_3/X_2*C/X_1*(X_4/C/X_4),"['C', '-', 'C', '/', 'X_0', '+', 'X_3', '/', 'X_2', '*', 'C', '/', 'X_1', '*', '(', 'X_4', '/', 'C', '/', 'X_4', ')']","[np.float64(1.4963508160872518), np.float64(0.9466952660533733), np.float64(-2.9593420941432154), np.float64(4.7607012901157555)]",n = n_0/(exp(mom*B/(kb*T))+exp(-mom*B/(kb*T))),"['X_0', '/', '(', 'exp', '(', 'X_3', '*', 'X_4', '/', '(', 'X_1', '*', 'X_2', ')', ')', '+', 'exp', '(', 'u-', 'X_3', '*', 'X_4', '/', '(', 'X_1', '*', 'X_2', ')', ')', ')']",5,10000,((C*X_3)/(X_1*X_2)+C)+C/X_0
II.35.18,1,MC,N/A,0.14225058261216392,False,X_3+C-(X_4/X_2/X_3/X_1+C/X_0+sqrt(C/X_2/C)*X_3+C*X_3*C)-(C),"['X_3', '+', 'C', '-', '(', 'X_4', '/', 'X_2', '/', 'X_3', '/', 'X_1', '+', 'C', '/', 'X_0', '+', 'sqrt', '(', 'C', '/', 'X_2', '/', 'C', ')', '*', 'X_3', '+', 'C', '*', 'X_3', '*', 'C', ')', '-', '(', 'C', ')']","[np.float64(-1.3185408804630827), np.float64(0.9525940846882913), np.float64(-0.10379817640856018), np.float64(-4.999996761902107), np.float64(-4.999643460070173), np.float64(-0.257774817316205), np.float64(-3.5616859485646035)]",n = n_0/(exp(mom*B/(kb*T))+exp(-mom*B/(kb*T))),"['X_0', '/', '(', 'exp', '(', 'X_3', '*', 'X_4', '/', '(', 'X_1', '*', 'X_2', ')', ')', '+', 'exp', '(', 'u-', 'X_3', '*', 'X_4', '/', '(', 'X_1', '*', 'X_2', ')', ')', ')']",5,10000,((((C*X_3+C)+C/X_0)+-1*(X_3*(C/X_2)^0.5))+X_3)+-1*(X_4/((X_1*X_2)*X_3))
II.35.18,2,MC,N/A,0.15954679525496698,False,((C-(sin(C/C*X_3/X_0)*X_0+X_2))-X_0*C+C*X_1*X_2+X_2)/C,"['(', '(', 'C', '-', '(', 'sin', '(', 'C', '/', 'C', '*', 'X_3', '/', 'X_0', ')', '*', 'X_0', '+', 'X_2', ')', ')', '-', 'X_0', '*', 'C', '+', 'C', '*', 'X_1', '*', 'X_2', '+', 'X_2', ')', '/', 'C']","[np.float64(0.04606151838389053), np.float64(2.2315802076760263), np.float64(-3.658563967957397), np.float64(0.7807819883782271), np.float64(-0.22529825908425427), np.float64(-2.1879768143252614)]",n = n_0/(exp(mom*B/(kb*T))+exp(-mom*B/(kb*T))),"['X_0', '/', '(', 'exp', '(', 'X_3', '*', 'X_4', '/', '(', 'X_1', '*', 'X_2', ')', ')', '+', 'exp', '(', 'u-', 'X_3', '*', 'X_4', '/', '(', 'X_1', '*', 'X_2', ')', ')', ')']",5,10000,(((C*X_0)*sin((C*X_3)/X_0)+C*X_0)+(C*X_1)*X_2)+C
II.35.21,0,GRAMS-PUCT,BIC,1.8237554987225633,False,X_2/C-X_0-C-C/X_1-C-(X_3+((X_1-X_2)*(X_4)-X_0*(X_1))*X_1*C-X_0),"['X_2', '/', 'C', '-', 'X_0', '-', 'C', '-', 'C', '/', 'X_1', '-', 'C', '-', '(', 'X_3', '+', '(', '(', 'X_1', '-', 'X_2', ')', '*', '(', 'X_4', ')', '-', 'X_0', '*', '(', 'X_1', ')', ')', '*', 'X_1', '*', 'C', '-', 'X_0', ')']","[np.float64(-1.2108848686543563), np.float64(-4.999995638528028), np.float64(5.0), np.float64(-3.9386138957184866), np.float64(0.1969753448634908)]",M = n_rho*mom*tanh(mom*B/(kb*T)),"['X_0', '*', 'X_1', '*', 'tanh', '(', 'X_1', '*', 'X_2', '/', '(', 'X_3', '*', 'X_4', ')', ')']",5,10000,((((((C*X_0)*X_1^2+(C*X_1^2)*X_4)+((C*X_1)*X_2)*X_4)+C*X_2)+C)+C/X_1)+-1*X_3
II.35.21,1,GRAMS-PUCT,BIC,1.7397455180722914,False,C/(X_2/X_3)*C+X_1*X_0+(C),"['C', '/', '(', 'X_2', '/', 'X_3', ')', '*', 'C', '+', 'X_1', '*', 'X_0', '+', '(', 'C', ')']","[np.float64(-0.9307118905869709), np.float64(2.0208218503415374), np.float64(0.03693697544468077)]",M = n_rho*mom*tanh(mom*B/(kb*T)),"['X_0', '*', 'X_1', '*', 'tanh', '(', 'X_1', '*', 'X_2', '/', '(', 'X_3', '*', 'X_4', ')', ')']",5,10000,(C+(C*X_3)/X_2)+X_0*X_1
II.35.21,2,GRAMS-PUCT,BIC,1.438930039147662,False,C*X_2+C+(X_1*(X_0-X_3*C-X_3+C)-X_4),"['C', '*', 'X_2', '+', 'C', '+', '(', 'X_1', '*', '(', 'X_0', '-', 'X_3', '*', 'C', '-', 'X_3', '+', 'C', ')', '-', 'X_4', ')']","[np.float64(0.9298123034722692), np.float64(-2.046065195624063), np.float64(-0.7291893728208554), np.float64(0.8226816507270972)]",M = n_rho*mom*tanh(mom*B/(kb*T)),"['X_0', '*', 'X_1', '*', 'tanh', '(', 'X_1', '*', 'X_2', '/', '(', 'X_3', '*', 'X_4', ')', ')']",5,10000,((((((C*X_1)*X_3+C*X_1)+C*X_2)+C)+X_0*X_1)+-1*(X_1*X_3))+-1*X_4
II.35.21,0,GRAMS-PUCT,RMSE,1.7765541964691782,False,(X_4-X_2-C-(C*(C*exp(X_1/C)-C/C)))/C*C*X_0+X_2/X_0/X_4*X_4,"['(', 'X_4', '-', 'X_2', '-', 'C', '-', '(', 'C', '*', '(', 'C', '*', 'exp', '(', 'X_1', '/', 'C', ')', '-', 'C', '/', 'C', ')', ')', ')', '/', 'C', '*', 'C', '*', 'X_0', '+', 'X_2', '/', 'X_0', '/', 'X_4', '*', 'X_4']","[np.float64(-4.737449313855971), np.float64(-4.648424659945499), np.float64(-1.8549005278371342), np.float64(4.663213197260034), np.float64(-5.0), np.float64(4.772256770223375), np.float64(1.7680900932557932), np.float64(-0.477512200807901)]",M = n_rho*mom*tanh(mom*B/(kb*T)),"['X_0', '*', 'X_1', '*', 'tanh', '(', 'X_1', '*', 'X_2', '/', '(', 'X_3', '*', 'X_4', ')', ')']",5,10000,((((C*X_0)*X_2+(C*X_0)*X_4)+(C*X_0)*exp(C*X_1))+(2*C)*X_0)+X_2/X_0
II.35.21,1,GRAMS-PUCT,RMSE,1.3464988157768494,False,X_1/X_1+X_1+C/C*(sqrt(X_4*X_3))+X_1*(X_0)*((C)+X_4*C)-X_4/X_2,"['X_1', '/', 'X_1', '+', 'X_1', '+', 'C', '/', 'C', '*', '(', 'sqrt', '(', 'X_4', '*', 'X_3', ')', ')', '+', 'X_1', '*', '(', 'X_0', ')', '*', '(', '(', 'C', ')', '+', 'X_4', '*', 'C', ')', '-', 'X_4', '/', 'X_2']","[np.float64(-2.0714973440372897), np.float64(2.092107430648916), np.float64(0.7907692884201265), np.float64(-0.0128472295502978)]",M = n_rho*mom*tanh(mom*B/(kb*T)),"['X_0', '*', 'X_1', '*', 'tanh', '(', 'X_1', '*', 'X_2', '/', '(', 'X_3', '*', 'X_4', ')', ')']",5,10000,((((((C*X_0)*X_1)*X_4+(C*X_0)*X_1)+C*(X_3*X_4)^0.5)+X_1)+1)+-1*(X_4/X_2)
II.35.21,2,GRAMS-PUCT,RMSE,1.5883386931388508,False,X_4*C+C-X_0*(C/X_3-C-(X_1)+C),"['X_4', '*', 'C', '+', 'C', '-', 'X_0', '*', '(', 'C', '/', 'X_3', '-', 'C', '-', '(', 'X_1', ')', '+', 'C', ')']","[np.float64(-0.8564687984946772), np.float64(2.509764924504865), np.float64(-1.5968393978291646), np.float64(-0.5728407918168836), np.float64(0.793985569028016)]",M = n_rho*mom*tanh(mom*B/(kb*T)),"['X_0', '*', 'X_1', '*', 'tanh', '(', 'X_1', '*', 'X_2', '/', '(', 'X_3', '*', 'X_4', ')', ')']",5,10000,(((C*X_0+(C*X_0)/X_3)+C*X_4)+C)+X_0*X_1
II.35.21,0,GRAMS-UCT,BIC,1.3242087547024348,False,C+X_3*X_2*C+(C*(X_1)/C*X_0-X_4)-X_3+X_3*C,"['C', '+', 'X_3', '*', 'X_2', '*', 'C', '+', '(', 'C', '*', '(', 'X_1', ')', '/', 'C', '*', 'X_0', '-', 'X_4', ')', '-', 'X_3', '+', 'X_3', '*', 'C']","[np.float64(4.329942293509372), np.float64(0.2928364038226072), np.float64(4.341186932508601), np.float64(4.889049811777977), np.float64(-0.7297375366783068)]",M = n_rho*mom*tanh(mom*B/(kb*T)),"['X_0', '*', 'X_1', '*', 'tanh', '(', 'X_1', '*', 'X_2', '/', '(', 'X_3', '*', 'X_4', ')', ')']",5,10000,(((((C*X_0)*X_1+(C*X_2)*X_3)+C*X_3)+C)+-1*X_3)+-1*X_4
II.35.21,1,GRAMS-UCT,BIC,1.7020511951811899,False,X_1/X_3*C-X_1/C*X_0-X_4,"['X_1', '/', 'X_3', '*', 'C', '-', 'X_1', '/', 'C', '*', 'X_0', '-', 'X_4']","[np.float64(1.7032406180622262), np.float64(-1.1912152870652304)]",M = n_rho*mom*tanh(mom*B/(kb*T)),"['X_0', '*', 'X_1', '*', 'tanh', '(', 'X_1', '*', 'X_2', '/', '(', 'X_3', '*', 'X_4', ')', ')']",5,10000,((C*X_0)*X_1+(C*X_1)/X_3)+-1*X_4
II.35.21,2,GRAMS-UCT,BIC,1.5958680008154735,False,X_2+C/sin(X_1)-X_4+((X_1+C))+X_0/(C)/C/C+X_1*X_0*C,"['X_2', '+', 'C', '/', 'sin', '(', 'X_1', ')', '-', 'X_4', '+', '(', '(', 'X_1', '+', 'C', ')', ')', '+', 'X_0', '/', '(', 'C', ')', '/', 'C', '/', 'C', '+', 'X_1', '*', 'X_0', '*', 'C']","[np.float64(-0.0005302422364103248), np.float64(-2.8310179956624064), np.float64(-4.979236838603709), np.float64(-3.73419871736444), np.float64(4.524922611226786), np.float64(0.7286145795072223)]",M = n_rho*mom*tanh(mom*B/(kb*T)),"['X_0', '*', 'X_1', '*', 'tanh', '(', 'X_1', '*', 'X_2', '/', '(', 'X_3', '*', 'X_4', ')', ')']",5,10000,((((((C*X_0)*X_1+C*X_0)+C)+C/sin(X_1))+X_1)+X_2)+-1*X_4
II.35.21,0,GRAMS-UCT,RMSE,1.3991185078719726,False,(cos(((C)+C/X_4)/C/X_0)/C-X_4)+sin(X_4)*C+C/C/X_3*X_2*C+X_1*(X_0),"['(', 'cos', '(', '(', '(', 'C', ')', '+', 'C', '/', 'X_4', ')', '/', 'C', '/', 'X_0', ')', '/', 'C', '-', 'X_4', ')', '+', 'sin', '(', 'X_4', ')', '*', 'C', '+', 'C', '/', 'C', '/', 'X_3', '*', 'X_2', '*', 'C', '+', 'X_1', '*', '(', 'X_0', ')']","[np.float64(-3.561846039420468), np.float64(5.0), np.float64(-0.7428078307297511), np.float64(-0.4829041032133528), np.float64(0.46249222305022053), np.float64(-2.8661073323089314), np.float64(4.995194764169664), np.float64(-2.733830541890905)]",M = n_rho*mom*tanh(mom*B/(kb*T)),"['X_0', '*', 'X_1', '*', 'tanh', '(', 'X_1', '*', 'X_2', '/', '(', 'X_3', '*', 'X_4', ')', ')']",5,10000,((((C*X_2)/X_3+C*sin(X_4))+C*cos(C/(X_0*X_4)+C/X_0))+X_0*X_1)+-1*X_4
II.35.21,1,GRAMS-UCT,RMSE,1.2696531770239494,False,(X_4)*X_0/C/(X_2)-(C*X_2*(((sin(X_3/(C*X_2)*C))))-X_0)/C*X_1,"['(', 'X_4', ')', '*', 'X_0', '/', 'C', '/', '(', 'X_2', ')', '-', '(', 'C', '*', 'X_2', '*', '(', '(', '(', 'sin', '(', 'X_3', '/', '(', 'C', '*', 'X_2', ')', '*', 'C', ')', ')', ')', ')', '-', 'X_0', ')', '/', 'C', '*', 'X_1']","[np.float64(-1.7526029703075225), np.float64(0.09624894066707793), np.float64(-1.6245822083188963), np.float64(4.594490204054523), np.float64(1.0484929604090856)]",M = n_rho*mom*tanh(mom*B/(kb*T)),"['X_0', '*', 'X_1', '*', 'tanh', '(', 'X_1', '*', 'X_2', '/', '(', 'X_3', '*', 'X_4', ')', ')']",5,10000,((C*X_0)*X_1+((C*X_0)*X_4)/X_2)+((C*X_1)*X_2)*sin((C*X_3)/X_2)
II.35.21,2,GRAMS-UCT,RMSE,1.2401779862069087,False,((X_0)*X_1)/C-X_3-C/X_4+C*X_4*C/C-X_0*X_0/X_0-X_4/X_4/X_2*X_1-C,"['(', '(', 'X_0', ')', '*', 'X_1', ')', '/', 'C', '-', 'X_3', '-', 'C', '/', 'X_4', '+', 'C', '*', 'X_4', '*', 'C', '/', 'C', '-', 'X_0', '*', 'X_0', '/', 'X_0', '-', 'X_4', '/', 'X_4', '/', 'X_2', '*', 'X_1', '-', 'C']","[np.float64(0.9015767244836491), np.float64(-1.7466853515764693), np.float64(2.7852619795136246), np.float64(-0.9855412275547784), np.float64(4.801351229175601), np.float64(-5.0)]",M = n_rho*mom*tanh(mom*B/(kb*T)),"['X_0', '*', 'X_1', '*', 'tanh', '(', 'X_1', '*', 'X_2', '/', '(', 'X_3', '*', 'X_4', ')', ')']",5,10000,((((((C*X_0)*X_1+C*X_4)+C)+C/X_4)+-1*X_0)+-1*(X_1/X_2))+-1*X_3
II.35.21,0,MC,N/A,1.6562009655529841,False,C-exp((X_1*C*C))*X_0/C+((C/X_0/X_3-X_3*C+X_2)),"['C', '-', 'exp', '(', '(', 'X_1', '*', 'C', '*', 'C', ')', ')', '*', 'X_0', '/', 'C', '+', '(', '(', 'C', '/', 'X_0', '/', 'X_3', '-', 'X_3', '*', 'C', '+', 'X_2', ')', ')']","[np.float64(-0.6312894419241277), np.float64(-0.11077397894278684), np.float64(-3.7370158906565467), np.float64(-1.6355720896828052), np.float64(-0.5074599504698093), np.float64(0.8770445289545409)]",M = n_rho*mom*tanh(mom*B/(kb*T)),"['X_0', '*', 'X_1', '*', 'tanh', '(', 'X_1', '*', 'X_2', '/', '(', 'X_3', '*', 'X_4', ')', ')']",5,10000,((((C*X_0)*exp(C*X_1)+C*X_3)+C)+C/(X_0*X_3))+X_2
II.35.21,1,MC,N/A,1.84182344769515,False,X_0*(X_4/C*C/C+X_1-C),"['X_0', '*', '(', 'X_4', '/', 'C', '*', 'C', '/', 'C', '+', 'X_1', '-', 'C', ')']","[np.float64(4.789098611001439), np.float64(-4.692541968986968), np.float64(3.442973770973142), np.float64(-0.11222783887632573)]",M = n_rho*mom*tanh(mom*B/(kb*T)),"['X_0', '*', 'X_1', '*', 'tanh', '(', 'X_1', '*', 'X_2', '/', '(', 'X_3', '*', 'X_4', ')', ')']",5,10000,((C*X_0)*X_4+C*X_0)+X_0*X_1
II.35.21,2,MC,N/A,1.9254686620337822,False,C+C*(X_1*C*X_0-X_2),"['C', '+', 'C', '*', '(', 'X_1', '*', 'C', '*', 'X_0', '-', 'X_2', ')']","[np.float64(-4.051004702322682), np.float64(-0.9457578969378505), np.float64(-0.9364007137212621)]",M = n_rho*mom*tanh(mom*B/(kb*T)),"['X_0', '*', 'X_1', '*', 'tanh', '(', 'X_1', '*', 'X_2', '/', '(', 'X_3', '*', 'X_4', ')', ')']",5,10000,((C*X_0)*X_1+C*X_2)+C
II.36.38,0,GRAMS-PUCT,BIC,0.6738760091424238,False,C+(X_6/(X_2*X_6*sqrt(X_6/X_0)/C*X_3*C)*X_4)/sqrt(C)+C/C-C,"['C', '+', '(', 'X_6', '/', '(', 'X_2', '*', 'X_6', '*', 'sqrt', '(', 'X_6', '/', 'X_0', ')', '/', 'C', '*', 'X_3', '*', 'C', ')', '*', 'X_4', ')', '/', 'sqrt', '(', 'C', ')', '+', 'C', '/', 'C', '-', 'C']","[np.float64(2.4689891604592837), np.float64(4.785022443851416), np.float64(1.406074413207206), np.float64(2.132347926434558), np.float64(2.2885875827264486), np.float64(-1.950026364721767), np.float64(1.0871556970935798)]",f = mom*H/(kb*T)+(mom*alpha)/(epsilon*c**2*kb*T)*M,"['(', 'X_0', '*', 'X_1', ')', '/', '(', 'X_2', '*', 'X_3', ')', '+', '(', '(', 'X_0', '*', 'X_4', ')', '/', '(', 'X_5', '*', 'X_6', '^2', '*', 'X_2', '*', 'X_3', ')', ')', '*', 'X_7']",8,10000,(C*X_4)/((X_2*X_3)*(X_6/X_0)^0.5)+C
II.36.38,1,GRAMS-PUCT,BIC,0.5956600244091067,False,X_1+(X_0/X_3)*C-C+X_3*C/X_1+C+C*X_2/C,"['X_1', '+', '(', 'X_0', '/', 'X_3', ')', '*', 'C', '-', 'C', '+', 'X_3', '*', 'C', '/', 'X_1', '+', 'C', '+', 'C', '*', 'X_2', '/', 'C']","[np.float64(1.7098021046367573), np.float64(3.5286114471921968), np.float64(0.4614841606290472), np.float64(2.5777519139847045), np.float64(-4.296797365282554), np.float64(4.822485143472117)]",f = mom*H/(kb*T)+(mom*alpha)/(epsilon*c**2*kb*T)*M,"['(', 'X_0', '*', 'X_1', ')', '/', '(', 'X_2', '*', 'X_3', ')', '+', '(', '(', 'X_0', '*', 'X_4', ')', '/', '(', 'X_5', '*', 'X_6', '^2', '*', 'X_2', '*', 'X_3', ')', ')', '*', 'X_7']",8,10000,((((C*X_0)/X_3+C*X_2)+C)+(C*X_3)/X_1)+X_1
II.36.38,2,GRAMS-PUCT,BIC,0.6801345265159867,False,(X_0/X_3*C*X_1*sin(X_2)/cos(C)),"['(', 'X_0', '/', 'X_3', '*', 'C', '*', 'X_1', '*', 'sin', '(', 'X_2', ')', '/', 'cos', '(', 'C', ')', ')']","[np.float64(-0.9284793176807334), np.float64(-3.0598948458379844)]",f = mom*H/(kb*T)+(mom*alpha)/(epsilon*c**2*kb*T)*M,"['(', 'X_0', '*', 'X_1', ')', '/', '(', 'X_2', '*', 'X_3', ')', '+', '(', '(', 'X_0', '*', 'X_4', ')', '/', '(', 'X_5', '*', 'X_6', '^2', '*', 'X_2', '*', 'X_3', ')', ')', '*', 'X_7']",8,10000,(((C*X_0)*X_1)*sin(X_2))/X_3
II.36.38,0,GRAMS-PUCT,RMSE,0.6360983840955164,False,(C+C*X_0*C/sqrt(X_3-C+C)/X_2/C),"['(', 'C', '+', 'C', '*', 'X_0', '*', 'C', '/', 'sqrt', '(', 'X_3', '-', 'C', '+', 'C', ')', '/', 'X_2', '/', 'C', ')']","[np.float64(-0.02988817829269834), np.float64(-1.947828792599854), np.float64(-2.122399858200673), np.float64(0.04350587689700578), np.float64(-0.6670476628760549), np.float64(2.632891757776297)]",f = mom*H/(kb*T)+(mom*alpha)/(epsilon*c**2*kb*T)*M,"['(', 'X_0', '*', 'X_1', ')', '/', '(', 'X_2', '*', 'X_3', ')', '+', '(', '(', 'X_0', '*', 'X_4', ')', '/', '(', 'X_5', '*', 'X_6', '^2', '*', 'X_2', '*', 'X_3', ')', ')', '*', 'X_7']",8,10000,(C*X_0)/(X_2*(C+X_3)^0.5)+C
II.36.38,1,GRAMS-PUCT,RMSE,0.6726419564375875,False,((X_2+X_0+C-X_6/X_3+(C)*C-X_6)/X_6/C+X_5+X_7)*X_0*C+C,"['(', '(', 'X_2', '+', 'X_0', '+', 'C', '-', 'X_6', '/', 'X_3', '+', '(', 'C', ')', '*', 'C', '-', 'X_6', ')', '/', 'X_6', '/', 'C', '+', 'X_5', '+', 'X_7', ')', '*', 'X_0', '*', 'C', '+', 'C']","[np.float64(-2.904260918057805), np.float64(4.131544457245762), np.float64(-0.5818358616324039), np.float64(0.029411262556512774), np.float64(-0.024168639767616823), np.float64(-1.7325029615415741)]",f = mom*H/(kb*T)+(mom*alpha)/(epsilon*c**2*kb*T)*M,"['(', 'X_0', '*', 'X_1', ')', '/', '(', 'X_2', '*', 'X_3', ')', '+', '(', '(', 'X_0', '*', 'X_4', ')', '/', '(', 'X_5', '*', 'X_6', '^2', '*', 'X_2', '*', 'X_3', ')', ')', '*', 'X_7']",8,10000,(((((((C*X_0^2)/X_6+((C*X_0)*X_2)/X_6)+(C*X_0)*X_5)+(C*X_0)*X_7)+C*X_0)+(C*X_0)/X_6)+(C*X_0)/X_3)+C
II.36.38,2,GRAMS-PUCT,RMSE,0.6136872835845487,False,(X_3*C+X_0-X_2+C/X_3/cos(X_1/C*C)+C)+C,"['(', 'X_3', '*', 'C', '+', 'X_0', '-', 'X_2', '+', 'C', '/', 'X_3', '/', 'cos', '(', 'X_1', '/', 'C', '*', 'C', ')', '+', 'C', ')', '+', 'C']","[np.float64(0.09089474585949425), np.float64(2.4445117426954486), np.float64(-4.948973328571174), np.float64(1.7018078548497901), np.float64(-2.173401024919745), np.float64(1.8192265821369018)]",f = mom*H/(kb*T)+(mom*alpha)/(epsilon*c**2*kb*T)*M,"['(', 'X_0', '*', 'X_1', ')', '/', '(', 'X_2', '*', 'X_3', ')', '+', '(', '(', 'X_0', '*', 'X_4', ')', '/', '(', 'X_5', '*', 'X_6', '^2', '*', 'X_2', '*', 'X_3', ')', ')', '*', 'X_7']",8,10000,(((C*X_3+C)+C/(X_3*cos(C*X_1)))+X_0)+-1*X_2
II.36.38,0,GRAMS-UCT,BIC,0.48764939986465256,False,C/exp(C*X_2/C/(C)+X_1*C)*X_0/X_3,"['C', '/', 'exp', '(', 'C', '*', 'X_2', '/', 'C', '/', '(', 'C', ')', '+', 'X_1', '*', 'C', ')', '*', 'X_0', '/', 'X_3']","[np.float64(2.067502634676717), np.float64(-2.6181112565707134), np.float64(-2.2714587396990686), np.float64(2.0198487587082856), np.float64(-0.37261401597044674)]",f = mom*H/(kb*T)+(mom*alpha)/(epsilon*c**2*kb*T)*M,"['(', 'X_0', '*', 'X_1', ')', '/', '(', 'X_2', '*', 'X_3', ')', '+', '(', '(', 'X_0', '*', 'X_4', ')', '/', '(', 'X_5', '*', 'X_6', '^2', '*', 'X_2', '*', 'X_3', ')', ')', '*', 'X_7']",8,10000,(((C*X_0)*exp(C*X_1))*exp(C*X_2))/X_3
II.36.38,1,GRAMS-UCT,BIC,0.5767080119021758,False,C+C*X_2/X_5*X_7*X_4*C-C/X_2*C-(X_2+X_1)*X_0/(X_3*C)+C,"['C', '+', 'C', '*', 'X_2', '/', 'X_5', '*', 'X_7', '*', 'X_4', '*', 'C', '-', 'C', '/', 'X_2', '*', 'C', '-', '(', 'X_2', '+', 'X_1', ')', '*', 'X_0', '/', '(', 'X_3', '*', 'C', ')', '+', 'C']","[np.float64(-2.5006596327255237), np.float64(-0.8208521428499946), np.float64(-0.09913732366694496), np.float64(1.9468441407674983), np.float64(-2.5098666373513066), np.float64(-2.6883685940149715), np.float64(-0.5230454770991234)]",f = mom*H/(kb*T)+(mom*alpha)/(epsilon*c**2*kb*T)*M,"['(', 'X_0', '*', 'X_1', ')', '/', '(', 'X_2', '*', 'X_3', ')', '+', '(', '(', 'X_0', '*', 'X_4', ')', '/', '(', 'X_5', '*', 'X_6', '^2', '*', 'X_2', '*', 'X_3', ')', ')', '*', 'X_7']",8,10000,(((((C*X_0)*X_1)/X_3+((C*X_0)*X_2)/X_3)+(((C*X_2)*X_4)*X_7)/X_5)+C)+C/X_2
II.36.38,2,GRAMS-UCT,BIC,0.6240399117696926,False,C-X_3+X_0+X_1/(X_2/X_7*X_7)-C/X_7,"['C', '-', 'X_3', '+', 'X_0', '+', 'X_1', '/', '(', 'X_2', '/', 'X_7', '*', 'X_7', ')', '-', 'C', '/', 'X_7']","[np.float64(0.9082239367819943), np.float64(0.6446876782102594)]",f = mom*H/(kb*T)+(mom*alpha)/(epsilon*c**2*kb*T)*M,"['(', 'X_0', '*', 'X_1', ')', '/', '(', 'X_2', '*', 'X_3', ')', '+', '(', '(', 'X_0', '*', 'X_4', ')', '/', '(', 'X_5', '*', 'X_6', '^2', '*', 'X_2', '*', 'X_3', ')', ')', '*', 'X_7']",8,10000,(((C+C/X_7)+X_0)+X_1/X_2)+-1*X_3
II.36.38,0,GRAMS-UCT,RMSE,0.4953523130010544,False,C*X_0/(C)/(X_2)/X_3*X_1,"['C', '*', 'X_0', '/', '(', 'C', ')', '/', '(', 'X_2', ')', '/', 'X_3', '*', 'X_1']","[np.float64(-5.0), np.float64(-3.716785818593764)]",f = mom*H/(kb*T)+(mom*alpha)/(epsilon*c**2*kb*T)*M,"['(', 'X_0', '*', 'X_1', ')', '/', '(', 'X_2', '*', 'X_3', ')', '+', '(', '(', 'X_0', '*', 'X_4', ')', '/', '(', 'X_5', '*', 'X_6', '^2', '*', 'X_2', '*', 'X_3', ')', ')', '*', 'X_7']",8,10000,((C*X_0)*X_1)/(X_2*X_3)
II.36.38,1,GRAMS-UCT,RMSE,0.6181420381247449,False,C/X_3*X_1*X_7/C/X_2/C-C+cos(C-C/X_0*X_4)*X_0+X_5-X_5,"['C', '/', 'X_3', '*', 'X_1', '*', 'X_7', '/', 'C', '/', 'X_2', '/', 'C', '-', 'C', '+', 'cos', '(', 'C', '-', 'C', '/', 'X_0', '*', 'X_4', ')', '*', 'X_0', '+', 'X_5', '-', 'X_5']","[np.float64(2.3355210484283666), np.float64(0.5105311153285409), np.float64(4.485971454345743), np.float64(1.4068283289762413), np.float64(-0.8205074668320572), np.float64(-0.44657829986545583)]",f = mom*H/(kb*T)+(mom*alpha)/(epsilon*c**2*kb*T)*M,"['(', 'X_0', '*', 'X_1', ')', '/', '(', 'X_2', '*', 'X_3', ')', '+', '(', '(', 'X_0', '*', 'X_4', ')', '/', '(', 'X_5', '*', 'X_6', '^2', '*', 'X_2', '*', 'X_3', ')', ')', '*', 'X_7']",8,10000,(((C*X_1)*X_7)/(X_2*X_3)+C)+X_0*cos(C+(C*X_4)/X_0)
II.36.38,2,GRAMS-UCT,RMSE,0.5439466657637213,False,(C/(X_2)-X_4*C+X_1/X_4/C+X_6+X_0+C*X_1)-X_3-X_6*C,"['(', 'C', '/', '(', 'X_2', ')', '-', 'X_4', '*', 'C', '+', 'X_1', '/', 'X_4', '/', 'C', '+', 'X_6', '+', 'X_0', '+', 'C', '*', 'X_1', ')', '-', 'X_3', '-', 'X_6', '*', 'C']","[np.float64(2.9036285190887288), np.float64(0.042126735516650915), np.float64(-2.6110288079132506), np.float64(0.7823719386349304), np.float64(1.497726207147506)]",f = mom*H/(kb*T)+(mom*alpha)/(epsilon*c**2*kb*T)*M,"['(', 'X_0', '*', 'X_1', ')', '/', '(', 'X_2', '*', 'X_3', ')', '+', '(', '(', 'X_0', '*', 'X_4', ')', '/', '(', 'X_5', '*', 'X_6', '^2', '*', 'X_2', '*', 'X_3', ')', ')', '*', 'X_7']",8,10000,((((((C*X_1+(C*X_1)/X_4)+C*X_4)+C*X_6)+C/X_2)+X_0)+-1*X_3)+X_6
II.36.38,0,MC,N/A,0.6127763007752542,False,(C-C-X_1+X_2-C)*C*X_0+C/C-X_3,"['(', 'C', '-', 'C', '-', 'X_1', '+', 'X_2', '-', 'C', ')', '*', 'C', '*', 'X_0', '+', 'C', '/', 'C', '-', 'X_3']","[np.float64(-1.636594092414651), np.float64(0.043473046658689736), np.float64(0.5230933850803067), np.float64(-0.3742059294455151), np.float64(-3.047087210527745), np.float64(-1.5206494959275074)]",f = mom*H/(kb*T)+(mom*alpha)/(epsilon*c**2*kb*T)*M,"['(', 'X_0', '*', 'X_1', ')', '/', '(', 'X_2', '*', 'X_3', ')', '+', '(', '(', 'X_0', '*', 'X_4', ')', '/', '(', 'X_5', '*', 'X_6', '^2', '*', 'X_2', '*', 'X_3', ')', ')', '*', 'X_7']",8,10000,((((C*X_0)*X_1+(C*X_0)*X_2)+C*X_0)+C)+-1*X_3
II.36.38,1,MC,N/A,0.5841395196623498,False,X_6*(X_2*sqrt(sin((sqrt(C))))*C-C+C)+exp(C)/((X_2/(X_0)+C)-(C*(X_3))),"['X_6', '*', '(', 'X_2', '*', 'sqrt', '(', 'sin', '(', '(', 'sqrt', '(', 'C', ')', ')', ')', ')', '*', 'C', '-', 'C', '+', 'C', ')', '+', 'exp', '(', 'C', ')', '/', '(', '(', 'X_2', '/', '(', 'X_0', ')', '+', 'C', ')', '-', '(', 'C', '*', '(', 'X_3', ')', ')', ')']","[np.float64(4.103056740483625), np.float64(0.04592677136617101), np.float64(0.9275200976402304), np.float64(0.38577300387815755), np.float64(1.3012436002373), np.float64(-0.3598004887587232), np.float64(-0.4404441966732316)]",f = mom*H/(kb*T)+(mom*alpha)/(epsilon*c**2*kb*T)*M,"['(', 'X_0', '*', 'X_1', ')', '/', '(', 'X_2', '*', 'X_3', ')', '+', '(', '(', 'X_0', '*', 'X_4', ')', '/', '(', 'X_5', '*', 'X_6', '^2', '*', 'X_2', '*', 'X_3', ')', ')', '*', 'X_7']",8,10000,((C*X_2)*X_6+C*X_6)+C/((C*X_3+C)+X_2/X_0)
II.36.38,2,MC,N/A,0.6240023738883225,False,X_0/sqrt(cos(C)*exp(X_2+C*X_1/C)*X_1/X_1)*X_4/X_3,"['X_0', '/', 'sqrt', '(', 'cos', '(', 'C', ')', '*', 'exp', '(', 'X_2', '+', 'C', '*', 'X_1', '/', 'C', ')', '*', 'X_1', '/', 'X_1', ')', '*', 'X_4', '/', 'X_3']","[np.float64(0.040907197172973676), np.float64(3.10160164333408), np.float64(-5.0)]",f = mom*H/(kb*T)+(mom*alpha)/(epsilon*c**2*kb*T)*M,"['(', 'X_0', '*', 'X_1', ')', '/', '(', 'X_2', '*', 'X_3', ')', '+', '(', '(', 'X_0', '*', 'X_4', ')', '/', '(', 'X_5', '*', 'X_6', '^2', '*', 'X_2', '*', 'X_3', ')', ')', '*', 'X_7']",8,10000,(X_0*X_4)/(X_3*((C*exp(X_2))*exp(C*X_1))^0.5)
II.37.1,0,GRAMS-PUCT,BIC,2.4492012525182703,False,X_1/sin(C/X_2*C)*(X_1/cos(C)/X_1+X_0*C),"['X_1', '/', 'sin', '(', 'C', '/', 'X_2', '*', 'C', ')', '*', '(', 'X_1', '/', 'cos', '(', 'C', ')', '/', 'X_1', '+', 'X_0', '*', 'C', ')']","[np.float64(-0.5005374543498546), np.float64(3.9109770814204103), np.float64(-1.9304812565183477e-05), np.float64(-2.6543364664140445)]",E_n = mom*(1+chi)*B,"['X_0', '*', '(', '1', '+', 'X_2', ')', '*', 'X_1']",3,10000,((C*X_0)*X_1)/sin(C/X_2)+(C*X_1)/sin(C/X_2)
II.37.1,1,GRAMS-PUCT,BIC,2.577760808993782,False,C*exp(X_2*cos(X_0)*C+(C*X_2+C-(C/X_2)+X_1)/C/C)*X_0,"['C', '*', 'exp', '(', 'X_2', '*', 'cos', '(', 'X_0', ')', '*', 'C', '+', '(', 'C', '*', 'X_2', '+', 'C', '-', '(', 'C', '/', 'X_2', ')', '+', 'X_1', ')', '/', 'C', '/', 'C', ')', '*', 'X_0']","[np.float64(2.3931250830310926), np.float64(-8.672756741603706e-05), np.float64(0.5265353419924111), np.float64(0.852301017486484), np.float64(1.9120452905515084), np.float64(-0.8886254310540439), np.float64(-3.4932040373910325)]",E_n = mom*(1+chi)*B,"['X_0', '*', '(', '1', '+', 'X_2', ')', '*', 'X_1']",3,10000,((((C*X_0)*exp(C*X_1))*exp(C/X_2))*exp(C*X_2))*exp((C*X_2)*cos(X_0))
II.37.1,2,GRAMS-PUCT,BIC,1.3576585823456895,False,C*(X_0/sin(C/X_2)/C)*C*X_1,"['C', '*', '(', 'X_0', '/', 'sin', '(', 'C', '/', 'X_2', ')', '/', 'C', ')', '*', 'C', '*', 'X_1']","[np.float64(-1.4624899391202548), np.float64(1.8925421701059921), np.float64(0.6108859089657946), np.float64(-0.9592364339426686)]",E_n = mom*(1+chi)*B,"['X_0', '*', '(', '1', '+', 'X_2', ')', '*', 'X_1']",3,10000,((C*X_0)*X_1)/sin(C/X_2)
II.37.1,0,GRAMS-PUCT,RMSE,1.860872895907647,False,X_2*X_1*X_0*C+(C-X_2)*C-X_1/C/C,"['X_2', '*', 'X_1', '*', 'X_0', '*', 'C', '+', '(', 'C', '-', 'X_2', ')', '*', 'C', '-', 'X_1', '/', 'C', '/', 'C']","[np.float64(1.293814632688146), np.float64(3.4496031900514468), np.float64(2.626599780520065), np.float64(5.0), np.float64(5.0)]",E_n = mom*(1+chi)*B,"['X_0', '*', '(', '1', '+', 'X_2', ')', '*', 'X_1']",3,10000,((((C*X_0)*X_1)*X_2+C*X_1)+C*X_2)+C
II.37.1,1,GRAMS-PUCT,RMSE,0.9273680706506965,False,(((X_1*X_0-C-C)*(X_2-C)-X_1)),"['(', '(', '(', 'X_1', '*', 'X_0', '-', 'C', '-', 'C', ')', '*', '(', 'X_2', '-', 'C', ')', '-', 'X_1', ')', ')']","[np.float64(2.3109451893157575), np.float64(-2.600318937650835), np.float64(-1.1891515686514047)]",E_n = mom*(1+chi)*B,"['X_0', '*', '(', '1', '+', 'X_2', ')', '*', 'X_1']",3,10000,((((C*X_0)*X_1+C*X_2)+C)+(X_0*X_1)*X_2)+-1*X_1
II.37.1,2,GRAMS-PUCT,RMSE,2.309036773525745,False,(exp(X_0/C/X_2/C)+C/(X_0+X_0)+X_1*X_2*X_0*C),"['(', 'exp', '(', 'X_0', '/', 'C', '/', 'X_2', '/', 'C', ')', '+', 'C', '/', '(', 'X_0', '+', 'X_0', ')', '+', 'X_1', '*', 'X_2', '*', 'X_0', '*', 'C', ')']","[np.float64(-0.5798784702599595), np.float64(-2.6879866173743427), np.float64(0.4495375854631193), np.float64(1.2311401567305944)]",E_n = mom*(1+chi)*B,"['X_0', '*', '(', '1', '+', 'X_2', ')', '*', 'X_1']",3,10000,(((C*X_0)*X_1)*X_2+C/X_0)+exp((C*X_0)/X_2)
II.37.1,0,GRAMS-UCT,BIC,4.761473070736375e-11,True,(X_1/X_0)/C*(X_0/C)*X_1/X_1*X_0+X_0*X_1*(X_2),"['(', 'X_1', '/', 'X_0', ')', '/', 'C', '*', '(', 'X_0', '/', 'C', ')', '*', 'X_1', '/', 'X_1', '*', 'X_0', '+', 'X_0', '*', 'X_1', '*', '(', 'X_2', ')']","[np.float64(-0.6041565819494705), np.float64(-1.6552000423099784)]",E_n = mom*(1+chi)*B,"['X_0', '*', '(', '1', '+', 'X_2', ')', '*', 'X_1']",3,3959,(C*X_0)*X_1+(X_0*X_1)*X_2
II.37.1,1,GRAMS-UCT,BIC,9.631278646536303e-07,False,C/C/(C/((X_1))/(X_2+X_2-C))*X_0,"['C', '/', 'C', '/', '(', 'C', '/', '(', '(', 'X_1', ')', ')', '/', '(', 'X_2', '+', 'X_2', '-', 'C', ')', ')', '*', 'X_0']","[np.float64(4.1454900738583), np.float64(2.9100824175027826), np.float64(2.8490532883712616), np.float64(-1.9999999144056608)]",E_n = mom*(1+chi)*B,"['X_0', '*', '(', '1', '+', 'X_2', ')', '*', 'X_1']",3,10000,((C*X_0)*X_1)*X_2+(C*X_0)*X_1
II.37.1,2,GRAMS-UCT,BIC,0.3410703886609063,False,(C*X_1-X_1*X_2)*C*X_0+X_2/(X_0)/X_2,"['(', 'C', '*', 'X_1', '-', 'X_1', '*', 'X_2', ')', '*', 'C', '*', 'X_0', '+', 'X_2', '/', '(', 'X_0', ')', '/', 'X_2']","[np.float64(-0.9721108640577438), np.float64(-0.9999159809836192)]",E_n = mom*(1+chi)*B,"['X_0', '*', '(', '1', '+', 'X_2', ')', '*', 'X_1']",3,10000,(((C*X_0)*X_1)*X_2+(C*X_0)*X_1)+1/X_0
II.37.1,0,GRAMS-UCT,RMSE,1.4547199500174802e-06,False,X_1*X_0/((C/C))*((C)+C/X_1*X_1-(X_2)*exp(C)),"['X_1', '*', 'X_0', '/', '(', '(', 'C', '/', 'C', ')', ')', '*', '(', '(', 'C', ')', '+', 'C', '/', 'X_1', '*', 'X_1', '-', '(', 'X_2', ')', '*', 'exp', '(', 'C', ')', ')']","[np.float64(0.1535054262579937), np.float64(-0.1484081053447669), np.float64(-3.1715561077523233), np.float64(2.1372096969276524), np.float64(0.033770071297358394)]",E_n = mom*(1+chi)*B,"['X_0', '*', '(', '1', '+', 'X_2', ')', '*', 'X_1']",3,10000,((C*X_0)*X_1)*X_2+(C*X_0)*X_1
II.37.1,1,GRAMS-UCT,RMSE,9.472458855338137e-07,False,X_0*(C+X_2-C)*C*X_1*(C),"['X_0', '*', '(', 'C', '+', 'X_2', '-', 'C', ')', '*', 'C', '*', 'X_1', '*', '(', 'C', ')']","[np.float64(0.18438018727840716), np.float64(-0.815619695860162), np.float64(-1.5733085479905895), np.float64(-0.6356032372830868)]",E_n = mom*(1+chi)*B,"['X_0', '*', '(', '1', '+', 'X_2', ')', '*', 'X_1']",3,10000,((C*X_0)*X_1)*X_2+(C*X_0)*X_1
II.37.1,2,GRAMS-UCT,RMSE,0.45207925520043046,False,(X_0)+C-(C)-X_0-C-(X_1*((X_2)*(C*X_0)+X_2/X_1-X_0-C)*C/X_1)*X_1,"['(', 'X_0', ')', '+', 'C', '-', '(', 'C', ')', '-', 'X_0', '-', 'C', '-', '(', 'X_1', '*', '(', '(', 'X_2', ')', '*', '(', 'C', '*', 'X_0', ')', '+', 'X_2', '/', 'X_1', '-', 'X_0', '-', 'C', ')', '*', 'C', '/', 'X_1', ')', '*', 'X_1']","[np.float64(-1.8239350437373851), np.float64(0.8675525537022393), np.float64(-5.0), np.float64(-1.3768433576879655), np.float64(0.05813810953793259), np.float64(0.7771612594893917)]",E_n = mom*(1+chi)*B,"['X_0', '*', '(', '1', '+', 'X_2', ')', '*', 'X_1']",3,10000,(((((C*X_0)*X_1)*X_2+(C*X_0)*X_1)+C*X_1)+C*X_2)+C
II.37.1,0,MC,N/A,1.922784026594266,False,C*X_0*X_2*(X_2*C*X_1-X_1)/C+C,"['C', '*', 'X_0', '*', 'X_2', '*', '(', 'X_2', '*', 'C', '*', 'X_1', '-', 'X_1', ')', '/', 'C', '+', 'C']","[np.float64(-4.459652926400668), np.float64(0.051494441676135254), np.float64(2.9687686478357174), np.float64(3.2296391186136137)]",E_n = mom*(1+chi)*B,"['X_0', '*', '(', '1', '+', 'X_2', ')', '*', 'X_1']",3,10000,(((C*X_0)*X_1)*X_2^2+((C*X_0)*X_1)*X_2)+C
II.37.1,1,MC,N/A,1.0743545721412902e-06,False,C+X_1/C*X_0+X_1*X_0*X_2+C/X_0,"['C', '+', 'X_1', '/', 'C', '*', 'X_0', '+', 'X_1', '*', 'X_0', '*', 'X_2', '+', 'C', '/', 'X_0']","[np.float64(-4.555031798568768e-06), np.float64(0.9999997981793531), np.float64(5.294918704727464e-06)]",E_n = mom*(1+chi)*B,"['X_0', '*', '(', '1', '+', 'X_2', ')', '*', 'X_1']",3,10000,(((C*X_0)*X_1+C)+C/X_0)+(X_0*X_1)*X_2
II.37.1,2,MC,N/A,2.4143479566550874,False,X_0*(C/C/C-X_2+(X_0)*(C/C))-(X_0*sqrt(C*X_1*X_2*C))/C,"['X_0', '*', '(', 'C', '/', 'C', '/', 'C', '-', 'X_2', '+', '(', 'X_0', ')', '*', '(', 'C', '/', 'C', ')', ')', '-', '(', 'X_0', '*', 'sqrt', '(', 'C', '*', 'X_1', '*', 'X_2', '*', 'C', ')', ')', '/', 'C']","[np.float64(1.617138912768398), np.float64(-4.097141926673116), np.float64(0.05203934999952873), np.float64(-0.002352702093996085), np.float64(1.0982285475993228), np.float64(-3.0398493266526936), np.float64(-3.8821882172390483), np.float64(-0.4377486333282318)]",E_n = mom*(1+chi)*B,"['X_0', '*', '(', '1', '+', 'X_2', ')', '*', 'X_1']",3,10000,((C*X_0^2+(C*X_0)*((C*X_1)*X_2)^0.5)+C*X_0)+-1*(X_0*X_2)
II.38.14,0,GRAMS-PUCT,BIC,8.407872182296494e-07,False,C*(X_0/((C*((X_0)/C*(C)-C+X_1)))),"['C', '*', '(', 'X_0', '/', '(', '(', 'C', '*', '(', '(', 'X_0', ')', '/', 'C', '*', '(', 'C', ')', '-', 'C', '+', 'X_1', ')', ')', ')', ')']","[np.float64(-1.3913585174274141), np.float64(-2.7827079170299456), np.float64(-1.8038544023006844), np.float64(1.3291468075698058e-06), np.float64(-1.000016388937161)]",mu_S = Y/(2*(1+sigma)),"['X_0', '/', '(', '2', '*', '(', '1', '+', 'X_1', ')', ')']",2,10000,(C*X_0)/((C*X_0+C)+X_1)
II.38.14,1,GRAMS-PUCT,BIC,6.93256970161539e-07,False,X_0/(X_1+C*C/C)/C,"['X_0', '/', '(', 'X_1', '+', 'C', '*', 'C', '/', 'C', ')', '/', 'C']","[np.float64(-1.2067667549406949), np.float64(1.45079606757483), np.float64(-1.7507817538895183), np.float64(2.000006331011819)]",mu_S = Y/(2*(1+sigma)),"['X_0', '/', '(', '2', '*', '(', '1', '+', 'X_1', ')', ')']",2,10000,(C*X_0)/(C+X_1)
II.38.14,2,GRAMS-PUCT,BIC,5.454318439245559e-07,False,C*X_0/(C-X_1),"['C', '*', 'X_0', '/', '(', 'C', '-', 'X_1', ')']","[np.float64(-0.4999979684932879), np.float64(-0.9999876571559553)]",mu_S = Y/(2*(1+sigma)),"['X_0', '/', '(', '2', '*', '(', '1', '+', 'X_1', ')', ')']",2,10000,(C*X_0)/(C-X_1)
II.38.14,0,GRAMS-PUCT,RMSE,6.054169931159218e-07,False,X_0*(C/((X_1*cos((C/(C)))+C))),"['X_0', '*', '(', 'C', '/', '(', '(', 'X_1', '*', 'cos', '(', '(', 'C', '/', '(', 'C', ')', ')', ')', '+', 'C', ')', ')', ')']","[np.float64(0.4975187102958239), np.float64(0.2783606526072288), np.float64(-2.7922396902209385), np.float64(0.9950385516019047)]",mu_S = Y/(2*(1+sigma)),"['X_0', '/', '(', '2', '*', '(', '1', '+', 'X_1', ')', ')']",2,10000,(C*X_0)/(C*X_1+C)
II.38.14,1,GRAMS-PUCT,RMSE,8.350791091497406e-07,False,sin(C)*C/(X_1*C-C)*X_0,"['sin', '(', 'C', ')', '*', 'C', '/', '(', 'X_1', '*', 'C', '-', 'C', ')', '*', 'X_0']","[np.float64(0.24313362469850583), np.float64(3.9158188831040563), np.float64(1.8854183855574675), np.float64(-1.885446061332499)]",mu_S = Y/(2*(1+sigma)),"['X_0', '/', '(', '2', '*', '(', '1', '+', 'X_1', ')', ')']",2,10000,(C*X_0)/(C*X_1+C)
II.38.14,2,GRAMS-PUCT,RMSE,8.40119177651997e-07,False,X_0/(((X_1+C)/C*C/C))-C+C*C,"['X_0', '/', '(', '(', '(', 'X_1', '+', 'C', ')', '/', 'C', '*', 'C', '/', 'C', ')', ')', '-', 'C', '+', 'C', '*', 'C']","[np.float64(0.9999997281219065), np.float64(0.4263647647188261), np.float64(-3.518605463102966), np.float64(-4.126300471614688), np.float64(-1.4822124851454572), np.float64(0.6444387983814784), np.float64(-2.3000069850202243)]",mu_S = Y/(2*(1+sigma)),"['X_0', '/', '(', '2', '*', '(', '1', '+', 'X_1', ')', ')']",2,10000,(C*X_0)/(C+X_1)+C
II.38.14,0,GRAMS-UCT,BIC,0.003607145139727948,False,C-X_0/C*exp(X_1*C*C)-X_0*C,"['C', '-', 'X_0', '/', 'C', '*', 'exp', '(', 'X_1', '*', 'C', '*', 'C', ')', '-', 'X_0', '*', 'C']","[np.float64(0.00017883606055457766), np.float64(-3.1604304225057342), np.float64(0.5458408480162998), np.float64(-1.052152316403276), np.float64(-0.06752696578012823)]",mu_S = Y/(2*(1+sigma)),"['X_0', '/', '(', '2', '*', '(', '1', '+', 'X_1', ')', ')']",2,10000,((C*X_0)*exp(C*X_1)+C*X_0)+C
II.38.14,1,GRAMS-UCT,BIC,8.614671070188591e-07,False,X_0/C/(X_1*C+C)*C,"['X_0', '/', 'C', '/', '(', 'X_1', '*', 'C', '+', 'C', ')', '*', 'C']","[np.float64(-4.206926563080555), np.float64(2.028630890089285), np.float64(2.028655644531287), np.float64(-4.267161654027006)]",mu_S = Y/(2*(1+sigma)),"['X_0', '/', '(', '2', '*', '(', '1', '+', 'X_1', ')', ')']",2,10000,(C*X_0)/(C*X_1+C)
II.38.14,2,GRAMS-UCT,BIC,1.0816537453731987e-06,False,X_0*C/(X_1*C/X_0/C-X_1*C+C*X_1-C),"['X_0', '*', 'C', '/', '(', 'X_1', '*', 'C', '/', 'X_0', '/', 'C', '-', 'X_1', '*', 'C', '+', 'C', '*', 'X_1', '-', 'C', ')']","[np.float64(-2.4999476999233177), np.float64(2.1520860580252466e-05), np.float64(-1.5924439642718686), np.float64(2.0584930457398922), np.float64(-2.9413716827497858), np.float64(4.999969184327312)]",mu_S = Y/(2*(1+sigma)),"['X_0', '/', '(', '2', '*', '(', '1', '+', 'X_1', ')', ')']",2,10000,(C*X_0)/((C*X_1+C)+(C*X_1)/X_0)
II.38.14,0,GRAMS-UCT,RMSE,6.883962591580061e-07,False,C/(X_1-C*X_1+sin(C))*C*X_0,"['C', '/', '(', 'X_1', '-', 'C', '*', 'X_1', '+', 'sin', '(', 'C', ')', ')', '*', 'C', '*', 'X_0']","[np.float64(-0.1285229619341995), np.float64(1.9948387442824336), np.float64(-1.672380494449157), np.float64(3.870289343444772)]",mu_S = Y/(2*(1+sigma)),"['X_0', '/', '(', '2', '*', '(', '1', '+', 'X_1', ')', ')']",2,10000,(C*X_0)/((C*X_1+C)+X_1)
II.38.14,1,GRAMS-UCT,RMSE,6.690315083962939e-07,False,((X_1/C))*X_0/X_1/(C+X_1),"['(', '(', 'X_1', '/', 'C', ')', ')', '*', 'X_0', '/', 'X_1', '/', '(', 'C', '+', 'X_1', ')']","[np.float64(1.9999900559520216), np.float64(1.00001258525898)]",mu_S = Y/(2*(1+sigma)),"['X_0', '/', '(', '2', '*', '(', '1', '+', 'X_1', ')', ')']",2,10000,(C*X_0)/(C+X_1)
II.38.14,2,GRAMS-UCT,RMSE,1.1682311863362523e-06,False,C/((C*X_0*X_1+X_1*(X_1+C)/(C+C*C-X_0))/X_1),"['C', '/', '(', '(', 'C', '*', 'X_0', '*', 'X_1', '+', 'X_1', '*', '(', 'X_1', '+', 'C', ')', '/', '(', 'C', '+', 'C', '*', 'C', '-', 'X_0', ')', ')', '/', 'X_1', ')']","[np.float64(-0.5000067807905834), np.float64(-1.2126130316981735e-06), np.float64(1.0000019066324095), np.float64(2.146055468735182), np.float64(4.700676149579192), np.float64(-0.45653645622133193)]",mu_S = Y/(2*(1+sigma)),"['X_0', '/', '(', '2', '*', '(', '1', '+', 'X_1', ')', ')']",2,10000,(C*X_1)/(((C*X_0)*X_1+(C*X_1)/(C-X_0))+X_1^2/(C-X_0))
II.38.14,0,MC,N/A,0.0017574161807697075,False,X_0*cos(C-C*(C)/(X_1)/X_1*sin(X_1-X_1*C+C))*X_1/C,"['X_0', '*', 'cos', '(', 'C', '-', 'C', '*', '(', 'C', ')', '/', '(', 'X_1', ')', '/', 'X_1', '*', 'sin', '(', 'X_1', '-', 'X_1', '*', 'C', '+', 'C', ')', ')', '*', 'X_1', '/', 'C']","[np.float64(1.5558595519974094), np.float64(-0.5712729750777746), np.float64(3.638897705679735), np.float64(1.1166733608012014), np.float64(2.8296444239538947), np.float64(-3.0355080061985924)]",mu_S = Y/(2*(1+sigma)),"['X_0', '/', '(', '2', '*', '(', '1', '+', 'X_1', ')', ')']",2,10000,((C*X_0)*X_1)*cos(C+(C*sin((C*X_1+C)+X_1))/X_1^2)
II.38.14,1,MC,N/A,0.01564886411444553,False,(X_1/X_0)*(C/X_0)/C+C*(X_1)-(C*(X_1*C+X_0+X_0/C/X_1)),"['(', 'X_1', '/', 'X_0', ')', '*', '(', 'C', '/', 'X_0', ')', '/', 'C', '+', 'C', '*', '(', 'X_1', ')', '-', '(', 'C', '*', '(', 'X_1', '*', 'C', '+', 'X_0', '+', 'X_0', '/', 'C', '/', 'X_1', ')', ')']","[np.float64(0.051647201583333774), np.float64(2.6623948959921377), np.float64(-0.017289666284917203), np.float64(-0.06695983487149015), np.float64(0.014703937310914347), np.float64(0.3270634015513874)]",mu_S = Y/(2*(1+sigma)),"['X_0', '/', '(', '2', '*', '(', '1', '+', 'X_1', ')', ')']",2,10000,((C*X_0+(C*X_0)/X_1)+(2*C)*X_1)+(C*X_1)/X_0^2
II.38.14,2,MC,N/A,7.724247757062187e-07,False,(C*X_0/C/X_0)+C+X_1/X_1+X_0/(C-X_1/C),"['(', 'C', '*', 'X_0', '/', 'C', '/', 'X_0', ')', '+', 'C', '+', 'X_1', '/', 'X_1', '+', 'X_0', '/', '(', 'C', '-', 'X_1', '/', 'C', ')']","[np.float64(-3.694038719434763), np.float64(3.7258513814073986), np.float64(-0.008536895728620453), np.float64(2.000010564046589), np.float64(-0.49999896216644923)]",mu_S = Y/(2*(1+sigma)),"['X_0', '/', '(', '2', '*', '(', '1', '+', 'X_1', ')', ')']",2,10000,C+X_0/(C*X_1+C)
II.38.3,0,GRAMS-PUCT,BIC,0.16924235864094359,False,X_3*(X_1*C*X_0/((X_2))+C),"['X_3', '*', '(', 'X_1', '*', 'C', '*', 'X_0', '/', '(', '(', 'X_2', ')', ')', '+', 'C', ')']","[np.float64(0.9881663355990513), np.float64(0.08397830854877232)]",F = Y*A*x/d,"['X_0', '*', 'X_1', '*', 'X_3', '/', 'X_2']",4,10000,(((C*X_0)*X_1)*X_3)/X_2+C*X_3
II.38.3,1,GRAMS-PUCT,BIC,2.4040149636406025,False,(C-(exp(X_3/X_1)*C+(X_1+(X_3*X_1/(X_2)*X_1+C+X_0)*X_0/C))),"['(', 'C', '-', '(', 'exp', '(', 'X_3', '/', 'X_1', ')', '*', 'C', '+', '(', 'X_1', '+', '(', 'X_3', '*', 'X_1', '/', '(', 'X_2', ')', '*', 'X_1', '+', 'C', '+', 'X_0', ')', '*', 'X_0', '/', 'C', ')', ')', ')']","[np.float64(4.497894812924831), np.float64(-0.04127648759366426), np.float64(-2.717365842466889), np.float64(-4.327420878719106)]",F = Y*A*x/d,"['X_0', '*', 'X_1', '*', 'X_3', '/', 'X_2']",4,10000,((((C*X_0^2+(((C*X_0)*X_1^2)*X_3)/X_2)+C*X_0)+C*exp(X_3/X_1))+C)+-1*X_1
II.38.3,2,GRAMS-PUCT,BIC,2.5758907898732724,False,(X_2+C*X_2+C)*X_1*X_0*X_3-sin(X_3+X_2/X_3)*C,"['(', 'X_2', '+', 'C', '*', 'X_2', '+', 'C', ')', '*', 'X_1', '*', 'X_0', '*', 'X_3', '-', 'sin', '(', 'X_3', '+', 'X_2', '/', 'X_3', ')', '*', 'C']","[np.float64(-1.1567995183600897), np.float64(0.8770321386735721), np.float64(-0.2722855460948729)]",F = Y*A*x/d,"['X_0', '*', 'X_1', '*', 'X_3', '/', 'X_2']",4,10000,(((((C*X_0)*X_1)*X_2)*X_3+((C*X_0)*X_1)*X_3)+C*sin(X_2/X_3+X_3))+((X_0*X_1)*X_2)*X_3
II.38.3,0,GRAMS-PUCT,RMSE,3.4651941581678485,False,X_2-(C+C-X_3)/C-X_1/X_2*(C*X_0),"['X_2', '-', '(', 'C', '+', 'C', '-', 'X_3', ')', '/', 'C', '-', 'X_1', '/', 'X_2', '*', '(', 'C', '*', 'X_0', ')']","[np.float64(3.8547991988295176), np.float64(0.12978592057734278), np.float64(0.2737541319596888), np.float64(-3.180205128489767)]",F = Y*A*x/d,"['X_0', '*', 'X_1', '*', 'X_3', '/', 'X_2']",4,10000,((((C*X_0)*X_1)/X_2+C*X_3)+C)+X_2
II.38.3,1,GRAMS-PUCT,RMSE,4.568388265931089,False,(X_2*C+X_0+X_3/X_2*X_1*C),"['(', 'X_2', '*', 'C', '+', 'X_0', '+', 'X_3', '/', 'X_2', '*', 'X_1', '*', 'C', ')']","[np.float64(-0.6432237166870859), np.float64(2.7356082412853553)]",F = Y*A*x/d,"['X_0', '*', 'X_1', '*', 'X_3', '/', 'X_2']",4,10000,(((C*X_1)*X_3)/X_2+C*X_2)+X_0
II.38.3,2,GRAMS-PUCT,RMSE,1.043475567640396e-06,False,C+C-X_1/(C*C*X_2/C/X_3/X_0*C)/C,"['C', '+', 'C', '-', 'X_1', '/', '(', 'C', '*', 'C', '*', 'X_2', '/', 'C', '/', 'X_3', '/', 'X_0', '*', 'C', ')', '/', 'C']","[np.float64(-0.6983275301498852), np.float64(0.698326633945425), np.float64(-4.999380720081964), np.float64(4.999198769391225), np.float64(-4.9999999979832825), np.float64(-0.2562317422983562), np.float64(0.7807652295133515)]",F = Y*A*x/d,"['X_0', '*', 'X_1', '*', 'X_3', '/', 'X_2']",4,10000,(((C*X_0)*X_1)*X_3)/X_2+C
II.38.3,0,GRAMS-UCT,BIC,6.340040094540227e-07,False,X_0*X_3/C/X_2*X_1+C-C,"['X_0', '*', 'X_3', '/', 'C', '/', 'X_2', '*', 'X_1', '+', 'C', '-', 'C']","[np.float64(1.000000043577882), np.float64(1.051288943346829), np.float64(1.0512880151889505)]",F = Y*A*x/d,"['X_0', '*', 'X_1', '*', 'X_3', '/', 'X_2']",4,10000,(((C*X_0)*X_1)*X_3)/X_2+C
II.38.3,1,GRAMS-UCT,BIC,3.5902162706913764e-08,True,X_0*X_3/(C*C*C)*C*X_1/(X_2),"['X_0', '*', 'X_3', '/', '(', 'C', '*', 'C', '*', 'C', ')', '*', 'C', '*', 'X_1', '/', '(', 'X_2', ')']","[np.float64(2.196211544644852), np.float64(-0.7902858831348771), np.float64(2.8807900678453806), np.float64(-5.0)]",F = Y*A*x/d,"['X_0', '*', 'X_1', '*', 'X_3', '/', 'X_2']",4,4249,(((C*X_0)*X_1)*X_3)/X_2
II.38.3,2,GRAMS-UCT,BIC,1.256434701853589,False,X_2-X_0-X_1/(C*C*X_2/C/X_3/X_0*C)-X_3+C*(C)-X_1+X_3+X_1,"['X_2', '-', 'X_0', '-', 'X_1', '/', '(', 'C', '*', 'C', '*', 'X_2', '/', 'C', '/', 'X_3', '/', 'X_0', '*', 'C', ')', '-', 'X_3', '+', 'C', '*', '(', 'C', ')', '-', 'X_1', '+', 'X_3', '+', 'X_1']","[np.float64(3.1063345202395998), np.float64(2.0022922576845725), np.float64(1.7472975092797969), np.float64(-0.25493650937877055), np.float64(0.4224084645652786), np.float64(-2.6222230219505294)]",F = Y*A*x/d,"['X_0', '*', 'X_1', '*', 'X_3', '/', 'X_2']",4,10000,(((((C*X_0)*X_1)*X_3)/X_2+C)+-1*X_0)+X_2
II.38.3,0,GRAMS-UCT,RMSE,1.1020603717196014,False,X_0/X_2*X_1*(X_1/X_1+X_2/C/C/X_1-X_3+C-X_1/C)*C-C/X_3+cos(X_0/X_2*X_1*X_2)+X_2/C,"['X_0', '/', 'X_2', '*', 'X_1', '*', '(', 'X_1', '/', 'X_1', '+', 'X_2', '/', 'C', '/', 'C', '/', 'X_1', '-', 'X_3', '+', 'C', '-', 'X_1', '/', 'C', ')', '*', 'C', '-', 'C', '/', 'X_3', '+', 'cos', '(', 'X_0', '/', 'X_2', '*', 'X_1', '*', 'X_2', ')', '+', 'X_2', '/', 'C']","[np.float64(-5.0), np.float64(5.0), np.float64(0.00345971087797754), np.float64(4.909354604893401), np.float64(-1.0397573651719791), np.float64(-2.899870845510445), np.float64(-4.975837163651735)]",F = Y*A*x/d,"['X_0', '*', 'X_1', '*', 'X_3', '/', 'X_2']",4,10000,(((((((C*X_0)*X_1^2)/X_2+(((C*X_0)*X_1)*X_3)/X_2)+((C*X_0)*X_1)/X_2)+C*X_0)+C*X_2)+C/X_3)+cos(X_0*X_1)
II.38.3,1,GRAMS-UCT,RMSE,0.8255578557613351,False,(X_3*(X_0*X_1)/X_2+sin(C-X_0/C*C)-X_3)-C*X_0*exp(X_0)/X_2*exp(C)-X_0+C*X_3*C/C,"['(', 'X_3', '*', '(', 'X_0', '*', 'X_1', ')', '/', 'X_2', '+', 'sin', '(', 'C', '-', 'X_0', '/', 'C', '*', 'C', ')', '-', 'X_3', ')', '-', 'C', '*', 'X_0', '*', 'exp', '(', 'X_0', ')', '/', 'X_2', '*', 'exp', '(', 'C', ')', '-', 'X_0', '+', 'C', '*', 'X_3', '*', 'C', '/', 'C']","[np.float64(4.063224382866143), np.float64(4.619660972031616), np.float64(2.9813459481645785), np.float64(-0.9812124799871907), np.float64(-4.623479583667039), np.float64(-2.4842153557683906), np.float64(2.9387703776162435), np.float64(-4.7920806550202455)]",F = Y*A*x/d,"['X_0', '*', 'X_1', '*', 'X_3', '/', 'X_2']",4,10000,((((((C*X_0)*exp(X_0))/X_2+C*X_3)+((X_0*X_1)*X_3)/X_2)+-1*X_0)+-1*X_3)+sin(C*X_0+C)
II.38.3,2,GRAMS-UCT,RMSE,1.4796346250965987e-08,True,X_1*X_0/(C+C)/X_2*X_3*C,"['X_1', '*', 'X_0', '/', '(', 'C', '+', 'C', ')', '/', 'X_2', '*', 'X_3', '*', 'C']","[np.float64(2.6811580115914095), np.float64(2.3093599805585425), np.float64(4.990517997130485)]",F = Y*A*x/d,"['X_0', '*', 'X_1', '*', 'X_3', '/', 'X_2']",4,8100,(((C*X_0)*X_1)*X_3)/X_2
II.38.3,0,MC,N/A,1.708712135378752e-15,True,X_1*X_3/X_2*X_0,"['X_1', '*', 'X_3', '/', 'X_2', '*', 'X_0']",[],F = Y*A*x/d,"['X_0', '*', 'X_1', '*', 'X_3', '/', 'X_2']",4,9486,((X_0*X_1)*X_3)/X_2
II.38.3,1,MC,N/A,0.0,True,X_3*(X_0*X_1)/X_2,"['X_3', '*', '(', 'X_0', '*', 'X_1', ')', '/', 'X_2']",[],F = Y*A*x/d,"['X_0', '*', 'X_1', '*', 'X_3', '/', 'X_2']",4,6959,((X_0*X_1)*X_3)/X_2
II.38.3,2,MC,N/A,1.2347867149011216e-06,False,(C/C*X_1+X_3*C*((C-X_1)*C/X_2)*X_0)+C,"['(', 'C', '/', 'C', '*', 'X_1', '+', 'X_3', '*', 'C', '*', '(', '(', 'C', '-', 'X_1', ')', '*', 'C', '/', 'X_2', ')', '*', 'X_0', ')', '+', 'C']","[np.float64(-1.0586006999297066e-06), np.float64(4.885738540763744), np.float64(0.28568884640707654), np.float64(9.256055386872809e-08), np.float64(-3.5003115191864205), np.float64(4.3934644561194927e-07)]",F = Y*A*x/d,"['X_0', '*', 'X_1', '*', 'X_3', '/', 'X_2']",4,10000,(((((C*X_0)*X_1)*X_3)/X_2+((C*X_0)*X_3)/X_2)+C*X_1)+C
II.4.23,0,GRAMS-PUCT,BIC,2.3253312916940477e-10,True,X_0/(X_1)/(X_2/C*C),"['X_0', '/', '(', 'X_1', ')', '/', '(', 'X_2', '/', 'C', '*', 'C', ')']","[np.float64(-0.3978872614614381), np.float64(-4.999998767761957)]",Volt = q/(4*pi*epsilon*r),"['X_0', '/', '(', '4', '*', 'pi', '*', 'X_1', '*', 'X_2', ')']",3,6059,(C*X_0)/(X_1*X_2)
II.4.23,1,GRAMS-PUCT,BIC,7.981137645398479e-09,True,C/X_1/X_2*X_0,"['C', '/', 'X_1', '/', 'X_2', '*', 'X_0']",[np.float64(0.0795774592578588)],Volt = q/(4*pi*epsilon*r),"['X_0', '/', '(', '4', '*', 'pi', '*', 'X_1', '*', 'X_2', ')']",3,2182,(C*X_0)/(X_1*X_2)
II.4.23,2,GRAMS-PUCT,BIC,1.7067028944378738e-09,True,C/X_2*X_0/X_1,"['C', '/', 'X_2', '*', 'X_0', '/', 'X_1']",[np.float64(0.07957747417365788)],Volt = q/(4*pi*epsilon*r),"['X_0', '/', '(', '4', '*', 'pi', '*', 'X_1', '*', 'X_2', ')']",3,5281,(C*X_0)/(X_1*X_2)
II.4.23,0,GRAMS-PUCT,RMSE,9.97295316951786e-07,False,C*C*X_0+C+X_0/X_2*C*C/X_1,"['C', '*', 'C', '*', 'X_0', '+', 'C', '+', 'X_0', '/', 'X_2', '*', 'C', '*', 'C', '/', 'X_1']","[np.float64(2.3059730416615504e-07), np.float64(1.3741586353435293), np.float64(-1.1524138049081983e-07), np.float64(-0.03349331433929141), np.float64(-2.375926035737648)]",Volt = q/(4*pi*epsilon*r),"['X_0', '/', '(', '4', '*', 'pi', '*', 'X_1', '*', 'X_2', ')']",3,10000,(C*X_0+(C*X_0)/(X_1*X_2))+C
II.4.23,1,GRAMS-PUCT,RMSE,5.513085439214774e-07,False,(X_0/X_1*C*(X_0/X_2+C)/X_0/C),"['(', 'X_0', '/', 'X_1', '*', 'C', '*', '(', 'X_0', '/', 'X_2', '+', 'C', ')', '/', 'X_0', '/', 'C', ')']","[np.float64(-0.39089033803482554), np.float64(2.5457508435216045e-05), np.float64(-4.912121831840172)]",Volt = q/(4*pi*epsilon*r),"['X_0', '/', '(', '4', '*', 'pi', '*', 'X_1', '*', 'X_2', ')']",3,10000,(C*X_0)/(X_1*X_2)+C/X_1
II.4.23,2,GRAMS-PUCT,RMSE,4.453611760339257e-09,True,X_0/(X_2/C*X_1)*(sin(C)),"['X_0', '/', '(', 'X_2', '/', 'C', '*', 'X_1', ')', '*', '(', 'sin', '(', 'C', ')', ')']","[np.float64(-4.894218739043722), np.float64(-3.125332454429232)]",Volt = q/(4*pi*epsilon*r),"['X_0', '/', '(', '4', '*', 'pi', '*', 'X_1', '*', 'X_2', ')']",3,4448,(C*X_0)/(X_1*X_2)
II.4.23,0,GRAMS-UCT,BIC,1.038066750205422e-09,True,C*X_0/X_1/X_2*X_2/C/X_2,"['C', '*', 'X_0', '/', 'X_1', '/', 'X_2', '*', 'X_2', '/', 'C', '/', 'X_2']","[np.float64(-0.3323305155079609), np.float64(-4.176188340458644)]",Volt = q/(4*pi*epsilon*r),"['X_0', '/', '(', '4', '*', 'pi', '*', 'X_1', '*', 'X_2', ')']",3,2764,(C*X_0)/(X_1*X_2)
II.4.23,1,GRAMS-UCT,BIC,5.433740180669643e-10,True,X_0/X_1*C/(X_2/C*(C))*C,"['X_0', '/', 'X_1', '*', 'C', '/', '(', 'X_2', '/', 'C', '*', '(', 'C', ')', ')', '*', 'C']","[np.float64(4.6487654163909), np.float64(-0.15165941573784714), np.float64(-4.999999999825538), np.float64(0.5643559845072069)]",Volt = q/(4*pi*epsilon*r),"['X_0', '/', '(', '4', '*', 'pi', '*', 'X_1', '*', 'X_2', ')']",3,361,(C*X_0)/(X_1*X_2)
II.4.23,2,GRAMS-UCT,BIC,1.6152341254545058e-08,True,(C/X_2)*C*C/X_1*X_0,"['(', 'C', '/', 'X_2', ')', '*', 'C', '*', 'C', '/', 'X_1', '*', 'X_0']","[np.float64(2.849415002504164), np.float64(-4.877018077425657), np.float64(-0.005726380468264973)]",Volt = q/(4*pi*epsilon*r),"['X_0', '/', '(', '4', '*', 'pi', '*', 'X_1', '*', 'X_2', ')']",3,1280,(C*X_0)/(X_1*X_2)
II.4.23,0,GRAMS-UCT,RMSE,1.0679024756071269e-08,True,C/(X_2)/(X_1)*X_0,"['C', '/', '(', 'X_2', ')', '/', '(', 'X_1', ')', '*', 'X_0']",[np.float64(0.07957748798781486)],Volt = q/(4*pi*epsilon*r),"['X_0', '/', '(', '4', '*', 'pi', '*', 'X_1', '*', 'X_2', ')']",3,8524,(C*X_0)/(X_1*X_2)
II.4.23,1,GRAMS-UCT,RMSE,3.31395943415544e-09,True,X_0/X_1/X_2/C/C/C,"['X_0', '/', 'X_1', '/', 'X_2', '/', 'C', '/', 'C', '/', 'C']","[np.float64(3.42950172072798), np.float64(2.1274049604373113), np.float64(1.7223789107118805)]",Volt = q/(4*pi*epsilon*r),"['X_0', '/', '(', '4', '*', 'pi', '*', 'X_1', '*', 'X_2', ')']",3,1340,(C*X_0)/(X_1*X_2)
II.4.23,2,GRAMS-UCT,RMSE,2.848570294056509e-10,True,X_0*C/((X_2*X_1*C)),"['X_0', '*', 'C', '/', '(', '(', 'X_2', '*', 'X_1', '*', 'C', ')', ')']","[np.float64(-0.397887359179375), np.float64(-4.999999990660026)]",Volt = q/(4*pi*epsilon*r),"['X_0', '/', '(', '4', '*', 'pi', '*', 'X_1', '*', 'X_2', ')']",3,791,(C*X_0)/(X_1*X_2)
II.4.23,0,MC,N/A,3.4077613021923924e-09,True,C*X_0/X_2/X_1,"['C', '*', 'X_0', '/', 'X_2', '/', 'X_1']",[np.float64(0.07957746629921775)],Volt = q/(4*pi*epsilon*r),"['X_0', '/', '(', '4', '*', 'pi', '*', 'X_1', '*', 'X_2', ')']",3,629,(C*X_0)/(X_1*X_2)
II.4.23,1,MC,N/A,5.601218554164861e-09,True,X_0/(X_2/C/C*X_1),"['X_0', '/', '(', 'X_2', '/', 'C', '/', 'C', '*', 'X_1', ')']","[np.float64(0.9790861910325777), np.float64(0.08127728043856419)]",Volt = q/(4*pi*epsilon*r),"['X_0', '/', '(', '4', '*', 'pi', '*', 'X_1', '*', 'X_2', ')']",3,358,(C*X_0)/(X_1*X_2)
II.4.23,2,MC,N/A,2.5554700725691706e-09,True,C/X_1*X_0/X_2,"['C', '/', 'X_1', '*', 'X_0', '/', 'X_2']",[np.float64(0.0795774676114405)],Volt = q/(4*pi*epsilon*r),"['X_0', '/', '(', '4', '*', 'pi', '*', 'X_1', '*', 'X_2', ')']",3,821,(C*X_0)/(X_1*X_2)
II.6.11,0,GRAMS-PUCT,BIC,0.008601304239986268,False,(C/(X_0*X_3)*cos(X_2))*C,"['(', 'C', '/', '(', 'X_0', '*', 'X_3', ')', '*', 'cos', '(', 'X_2', ')', ')', '*', 'C']","[np.float64(-0.048256434191072985), np.float64(-2.1887293703329727)]",Volt = 1/(4*pi*epsilon)*p_d*cos(theta)/r^2,"['(', '1', '/', '(', '4', '*', 'pi', '*', 'X_0', ')', ')', '*', 'X_1', '*', 'cos', '(', 'X_2', ')', '/', 'X_3', '^2']",4,10000,(C*cos(X_2))/(X_0*X_3)
II.6.11,1,GRAMS-PUCT,BIC,0.008258025156869927,False,C/((X_3*X_3/(cos(X_2*C+X_2)))/X_1)*X_1,"['C', '/', '(', '(', 'X_3', '*', 'X_3', '/', '(', 'cos', '(', 'X_2', '*', 'C', '+', 'X_2', ')', ')', ')', '/', 'X_1', ')', '*', 'X_1']","[np.float64(0.018167464851783034), np.float64(-0.003166332179327707)]",Volt = 1/(4*pi*epsilon)*p_d*cos(theta)/r^2,"['(', '1', '/', '(', '4', '*', 'pi', '*', 'X_0', ')', ')', '*', 'X_1', '*', 'cos', '(', 'X_2', ')', '/', 'X_3', '^2']",4,10000,((C*X_1^2)*cos(C*X_2+X_2))/X_3^2
II.6.11,2,GRAMS-PUCT,BIC,0.010339840020562053,False,(C*C/exp(X_1)-C-X_2*(C)+sin(X_3/X_3)/C)/X_3,"['(', 'C', '*', 'C', '/', 'exp', '(', 'X_1', ')', '-', 'C', '-', 'X_2', '*', '(', 'C', ')', '+', 'sin', '(', 'X_3', '/', 'X_3', ')', '/', 'C', ')', '/', 'X_3']","[np.float64(-1.3304686829753247), np.float64(-0.04799082252139844), np.float64(-0.29524993097918545), np.float64(0.047684239910648775), np.float64(-3.653522960463777)]",Volt = 1/(4*pi*epsilon)*p_d*cos(theta)/r^2,"['(', '1', '/', '(', '4', '*', 'pi', '*', 'X_0', ')', ')', '*', 'X_1', '*', 'cos', '(', 'X_2', ')', '/', 'X_3', '^2']",4,10000,((C*X_2)/X_3+C/X_3)+(C*exp(-1*X_1))/X_3
II.6.11,0,GRAMS-PUCT,RMSE,0.008561673292097744,False,(X_1*X_1*cos(C)*X_1+(C+(X_0*X_2)/C/exp(X_1*(C*X_2/X_1/X_3))-X_2)*C)/X_3,"['(', 'X_1', '*', 'X_1', '*', 'cos', '(', 'C', ')', '*', 'X_1', '+', '(', 'C', '+', '(', 'X_0', '*', 'X_2', ')', '/', 'C', '/', 'exp', '(', 'X_1', '*', '(', 'C', '*', 'X_2', '/', 'X_1', '/', 'X_3', ')', ')', '-', 'X_2', ')', '*', 'C', ')', '/', 'X_3']","[np.float64(1.571574922420641), np.float64(1.2479279268593932), np.float64(4.559143290083278), np.float64(0.3653008713078014), np.float64(0.056217252469245076)]",Volt = 1/(4*pi*epsilon)*p_d*cos(theta)/r^2,"['(', '1', '/', '(', '4', '*', 'pi', '*', 'X_0', ')', ')', '*', 'X_1', '*', 'cos', '(', 'X_2', ')', '/', 'X_3', '^2']",4,10000,(((((C*X_0)*X_2)*exp((C*X_2)/X_3))/X_3+(C*X_1^3)/X_3)+(C*X_2)/X_3)+C/X_3
II.6.11,1,GRAMS-PUCT,RMSE,0.010357247260089774,False,(((C)+(X_3+C-X_2*C*C)/X_3)),"['(', '(', '(', 'C', ')', '+', '(', 'X_3', '+', 'C', '-', 'X_2', '*', 'C', '*', 'C', ')', '/', 'X_3', ')', ')']","[np.float64(-0.9895490815438998), np.float64(0.057893618552271375), np.float64(1.8477594388672398), np.float64(0.02580499049136509)]",Volt = 1/(4*pi*epsilon)*p_d*cos(theta)/r^2,"['(', '1', '/', '(', '4', '*', 'pi', '*', 'X_0', ')', ')', '*', 'X_1', '*', 'cos', '(', 'X_2', ')', '/', 'X_3', '^2']",4,10000,((C*X_2)/X_3+C)+C/X_3
II.6.11,2,GRAMS-PUCT,RMSE,0.008586426571597949,False,((C/X_3))/C*X_1*cos(C-(C)-X_2)+(X_1)*C/C/C/C,"['(', '(', 'C', '/', 'X_3', ')', ')', '/', 'C', '*', 'X_1', '*', 'cos', '(', 'C', '-', '(', 'C', ')', '-', 'X_2', ')', '+', '(', 'X_1', ')', '*', 'C', '/', 'C', '/', 'C', '/', 'C']","[np.float64(-0.16289856897770905), np.float64(4.9237616161640005), np.float64(-4.680581331273156), np.float64(4.948436167616791), np.float64(-0.5028211618143205), np.float64(4.975875602478703), np.float64(-4.989682759225136), np.float64(4.9938133852703395)]",Volt = 1/(4*pi*epsilon)*p_d*cos(theta)/r^2,"['(', '1', '/', '(', '4', '*', 'pi', '*', 'X_0', ')', ')', '*', 'X_1', '*', 'cos', '(', 'X_2', ')', '/', 'X_3', '^2']",4,10000,C*X_1+((C*X_1)*cos(C+X_2))/X_3
II.6.11,0,GRAMS-UCT,BIC,0.009687141968652557,False,X_2*X_3*C/exp(X_1)/X_1-(C/C/C*C/(X_3*C/(C-sqrt(X_2)))),"['X_2', '*', 'X_3', '*', 'C', '/', 'exp', '(', 'X_1', ')', '/', 'X_1', '-', '(', 'C', '/', 'C', '/', 'C', '*', 'C', '/', '(', 'X_3', '*', 'C', '/', '(', 'C', '-', 'sqrt', '(', 'X_2', ')', ')', ')', ')']","[np.float64(0.009905274078437058), np.float64(-2.6294695710217217), np.float64(-4.590107585480616), np.float64(0.646905759617645), np.float64(-0.7381494349705192), np.float64(4.63959964140344), np.float64(1.2113518187831074)]",Volt = 1/(4*pi*epsilon)*p_d*cos(theta)/r^2,"['(', '1', '/', '(', '4', '*', 'pi', '*', 'X_0', ')', ')', '*', 'X_1', '*', 'cos', '(', 'X_2', ')', '/', 'X_3', '^2']",4,10000,((C*X_2^0.5)/X_3+C/X_3)+(((C*X_2)*X_3)*exp(-1*X_1))/X_1
II.6.11,1,GRAMS-UCT,BIC,0.009122753832454658,False,C/C/X_3/(X_0/C/X_2)*X_1*X_2/C-C,"['C', '/', 'C', '/', 'X_3', '/', '(', 'X_0', '/', 'C', '/', 'X_2', ')', '*', 'X_1', '*', 'X_2', '/', 'C', '-', 'C']","[np.float64(-2.5643120034132085), np.float64(4.999936326364861), np.float64(-0.0797928235116654), np.float64(-4.999999159868271), np.float64(-0.011129965853225884)]",Volt = 1/(4*pi*epsilon)*p_d*cos(theta)/r^2,"['(', '1', '/', '(', '4', '*', 'pi', '*', 'X_0', ')', ')', '*', 'X_1', '*', 'cos', '(', 'X_2', ')', '/', 'X_3', '^2']",4,10000,((C*X_1)*X_2^2)/(X_0*X_3)+C
II.6.11,2,GRAMS-UCT,BIC,0.007637896161468459,False,C*(X_1+X_2-X_3-C*C/X_2*X_2+C)/X_2/C/X_3*cos(X_2)/C,"['C', '*', '(', 'X_1', '+', 'X_2', '-', 'X_3', '-', 'C', '*', 'C', '/', 'X_2', '*', 'X_2', '+', 'C', ')', '/', 'X_2', '/', 'C', '/', 'X_3', '*', 'cos', '(', 'X_2', ')', '/', 'C']","[np.float64(-1.0719186537094418), np.float64(-0.2601599100960829), np.float64(4.329375343635645), np.float64(-1.543277520301566), np.float64(3.5722156230035704), np.float64(-4.999956992801498)]",Volt = 1/(4*pi*epsilon)*p_d*cos(theta)/r^2,"['(', '1', '/', '(', '4', '*', 'pi', '*', 'X_0', ')', ')', '*', 'X_1', '*', 'cos', '(', 'X_2', ')', '/', 'X_3', '^2']",4,10000,((((C*X_1)*cos(X_2))/(X_2*X_3)+(C*cos(X_2))/(X_2*X_3))+(C*cos(X_2))/X_3)+(C*cos(X_2))/X_2
II.6.11,0,GRAMS-UCT,RMSE,0.01022846370168683,False,exp(X_2/X_3/X_0-C)*C-C/X_2,"['exp', '(', 'X_2', '/', 'X_3', '/', 'X_0', '-', 'C', ')', '*', 'C', '-', 'C', '/', 'X_2']","[np.float64(5.0), np.float64(-2.245378204462749), np.float64(-0.03641563940130075)]",Volt = 1/(4*pi*epsilon)*p_d*cos(theta)/r^2,"['(', '1', '/', '(', '4', '*', 'pi', '*', 'X_0', ')', ')', '*', 'X_1', '*', 'cos', '(', 'X_2', ')', '/', 'X_3', '^2']",4,10000,C*exp(X_2/(X_0*X_3))+C/X_2
II.6.11,1,GRAMS-UCT,RMSE,0.008601304332930214,False,cos(X_2)/X_0/X_3*cos(C),"['cos', '(', 'X_2', ')', '/', 'X_0', '/', 'X_3', '*', 'cos', '(', 'C', ')']",[np.float64(-4.818200173151484)],Volt = 1/(4*pi*epsilon)*p_d*cos(theta)/r^2,"['(', '1', '/', '(', '4', '*', 'pi', '*', 'X_0', ')', ')', '*', 'X_1', '*', 'cos', '(', 'X_2', ')', '/', 'X_3', '^2']",4,10000,(C*cos(X_2))/(X_0*X_3)
II.6.11,2,GRAMS-UCT,RMSE,0.008837631662691955,False,X_1/X_0*(X_1/X_3/cos(X_2*C/C)+(X_3)+(C/X_3*X_1)-X_3*C)/C,"['X_1', '/', 'X_0', '*', '(', 'X_1', '/', 'X_3', '/', 'cos', '(', 'X_2', '*', 'C', '/', 'C', ')', '+', '(', 'X_3', ')', '+', '(', 'C', '/', 'X_3', '*', 'X_1', ')', '-', 'X_3', '*', 'C', ')', '/', 'C']","[np.float64(0.9228835485163369), np.float64(4.868231119610066), np.float64(-1.0379492423723269), np.float64(1.007522248179168), np.float64(-4.915613282541152)]",Volt = 1/(4*pi*epsilon)*p_d*cos(theta)/r^2,"['(', '1', '/', '(', '4', '*', 'pi', '*', 'X_0', ')', ')', '*', 'X_1', '*', 'cos', '(', 'X_2', ')', '/', 'X_3', '^2']",4,10000,((C*X_1^2)/((X_0*X_3)*cos(C*X_2))+(C*X_1^2)/(X_0*X_3))+(((2*C)*X_1)*X_3)/X_0
II.6.11,0,MC,N/A,0.010309637907002425,False,(C/C-C-C/(X_1))*(C-X_3*X_0/C*X_0*C)-X_2/X_3/sqrt(X_0)*C,"['(', 'C', '/', 'C', '-', 'C', '-', 'C', '/', '(', 'X_1', ')', ')', '*', '(', 'C', '-', 'X_3', '*', 'X_0', '/', 'C', '*', 'X_0', '*', 'C', ')', '-', 'X_2', '/', 'X_3', '/', 'sqrt', '(', 'X_0', ')', '*', 'C']","[np.float64(-4.438599337805274), np.float64(2.440907146516493), np.float64(-0.004325342588567899), np.float64(0.2641776167251967), np.float64(-0.020533233486917307), np.float64(-4.688676806096445), np.float64(0.0025147729839558046), np.float64(0.05132640967539548)]",Volt = 1/(4*pi*epsilon)*p_d*cos(theta)/r^2,"['(', '1', '/', '(', '4', '*', 'pi', '*', 'X_0', ')', ')', '*', 'X_1', '*', 'cos', '(', 'X_2', ')', '/', 'X_3', '^2']",4,10000,((((C*X_0^2)*X_3+((C*X_0^2)*X_3)/X_1)+(C*X_2)/(X_0^0.5*X_3))+C)+C/X_1
II.6.11,1,MC,N/A,0.011017603921141572,False,X_1*X_2*C-(C/X_3*X_2+C),"['X_1', '*', 'X_2', '*', 'C', '-', '(', 'C', '/', 'X_3', '*', 'X_2', '+', 'C', ')']","[np.float64(-0.003980205935851109), np.float64(0.026112653124578826), np.float64(-0.03443249023914546)]",Volt = 1/(4*pi*epsilon)*p_d*cos(theta)/r^2,"['(', '1', '/', '(', '4', '*', 'pi', '*', 'X_0', ')', ')', '*', 'X_1', '*', 'cos', '(', 'X_2', ')', '/', 'X_3', '^2']",4,10000,((C*X_1)*X_2+(C*X_2)/X_3)+C
II.6.11,2,MC,N/A,0.00954168522317703,False,(sin(X_2+X_3)*cos(C))-C+X_2/X_3*sqrt(C/C-sqrt(C/X_2)/X_1*C+C)*C,"['(', 'sin', '(', 'X_2', '+', 'X_3', ')', '*', 'cos', '(', 'C', ')', ')', '-', 'C', '+', 'X_2', '/', 'X_3', '*', 'sqrt', '(', 'C', '/', 'C', '-', 'sqrt', '(', 'C', '/', 'X_2', ')', '/', 'X_1', '*', 'C', '+', 'C', ')', '*', 'C']","[np.float64(1.5569571877703736), np.float64(-0.03139454938891489), np.float64(3.6447609471574434), np.float64(2.166497011861231), np.float64(1.0538320978680376), np.float64(4.3011600457076735), np.float64(4.331916332115643), np.float64(-0.014969894763697273)]",Volt = 1/(4*pi*epsilon)*p_d*cos(theta)/r^2,"['(', '1', '/', '(', '4', '*', 'pi', '*', 'X_0', ')', ')', '*', 'X_1', '*', 'cos', '(', 'X_2', ')', '/', 'X_3', '^2']",4,10000,(((C*X_2)*(C+(C*(C/X_2)^0.5)/X_1)^0.5)/X_3+C*sin(X_2+X_3))+C
II.6.15a,0,GRAMS-PUCT,BIC,0.15145913995811708,False,C*X_3/exp(C*X_2/C/(C)+X_1*C)/X_0,"['C', '*', 'X_3', '/', 'exp', '(', 'C', '*', 'X_2', '/', 'C', '/', '(', 'C', ')', '+', 'X_1', '*', 'C', ')', '/', 'X_0']","[np.float64(5.0), np.float64(3.8545333642383257), np.float64(1.0918906474652015), np.float64(1.1644393258804364), np.float64(-0.6817297903694155)]",Ef = p_d/(4*pi*epsilon)*3*z/r^5*sqrt(x^2+y^2),"['(', 'X_1', '/', '(', '4', '*', 'pi', '*', 'X_0', ')', ')', '*', '(', '3', '*', 'X_5', '/', '(', 'X_2', '^2', '*', 'X_2', '^3', ')', ')', '*', 'sqrt', '(', 'X_3', '^2', '+', 'X_4', '^2', ')']",6,10000,(((C*X_3)*exp(C*X_1))*exp(C*X_2))/X_0
II.6.15a,1,GRAMS-PUCT,BIC,0.17972050848389914,False,exp(X_2*(C+C/C-exp(exp((X_2))-X_1*C/X_2*X_1/X_0*C-C)/C))*X_1,"['exp', '(', 'X_2', '*', '(', 'C', '+', 'C', '/', 'C', '-', 'exp', '(', 'exp', '(', '(', 'X_2', ')', ')', '-', 'X_1', '*', 'C', '/', 'X_2', '*', 'X_1', '/', 'X_0', '*', 'C', '-', 'C', ')', '/', 'C', ')', ')', '*', 'X_1']","[np.float64(0.393801634702372), np.float64(-2.5682555802158986), np.float64(4.994986230943788), np.float64(-4.483248173535631), np.float64(-0.03862871458678279), np.float64(1.8663776422995437), np.float64(3.6804675255396075)]",Ef = p_d/(4*pi*epsilon)*3*z/r^5*sqrt(x^2+y^2),"['(', 'X_1', '/', '(', '4', '*', 'pi', '*', 'X_0', ')', ')', '*', '(', '3', '*', 'X_5', '/', '(', 'X_2', '^2', '*', 'X_2', '^3', ')', ')', '*', 'sqrt', '(', 'X_3', '^2', '+', 'X_4', '^2', ')']",6,10000,(X_1*exp(C*X_2))*exp(((C*X_2)*exp((C*X_1^2)/(X_0*X_2)))*exp(exp(X_2)))
II.6.15a,2,GRAMS-PUCT,BIC,0.1873196043665673,False,C*exp((C+X_1-X_2)/X_2),"['C', '*', 'exp', '(', '(', 'C', '+', 'X_1', '-', 'X_2', ')', '/', 'X_2', ')']","[np.float64(0.009412042876247808), np.float64(3.8752979206037215)]",Ef = p_d/(4*pi*epsilon)*3*z/r^5*sqrt(x^2+y^2),"['(', 'X_1', '/', '(', '4', '*', 'pi', '*', 'X_0', ')', ')', '*', '(', '3', '*', 'X_5', '/', '(', 'X_2', '^2', '*', 'X_2', '^3', ')', ')', '*', 'sqrt', '(', 'X_3', '^2', '+', 'X_4', '^2', ')']",6,10000,(C*exp(C/X_2))*exp(X_1/X_2)
II.6.15a,0,GRAMS-PUCT,RMSE,0.12484390373613505,False,C*X_1+C/C*((X_4)+(X_4+X_1+X_1/C))*(exp(X_5-X_2*(X_0+C/C/X_5-C))),"['C', '*', 'X_1', '+', 'C', '/', 'C', '*', '(', '(', 'X_4', ')', '+', '(', 'X_4', '+', 'X_1', '+', 'X_1', '/', 'C', ')', ')', '*', '(', 'exp', '(', 'X_5', '-', 'X_2', '*', '(', 'X_0', '+', 'C', '/', 'C', '/', 'X_5', '-', 'C', ')', ')', ')']","[np.float64(0.028463286011897137), np.float64(-1.4195574369412616), np.float64(-0.7313775322061052), np.float64(0.4115359996115653), np.float64(-4.999743365850352), np.float64(3.6048834532628), np.float64(-3.805473535658151)]",Ef = p_d/(4*pi*epsilon)*3*z/r^5*sqrt(x^2+y^2),"['(', 'X_1', '/', '(', '4', '*', 'pi', '*', 'X_0', ')', ')', '*', '(', '3', '*', 'X_5', '/', '(', 'X_2', '^2', '*', 'X_2', '^3', ')', ')', '*', 'sqrt', '(', 'X_3', '^2', '+', 'X_4', '^2', ')']",6,10000,((((((2*C)*X_1)*exp(X_5))*exp(C*X_2))*exp((-1*X_0)*X_2))*exp((C*X_2)/X_5)+C*X_1)+((((C*X_4)*exp(X_5))*exp(C*X_2))*exp((-1*X_0)*X_2))*exp((C*X_2)/X_5)
II.6.15a,1,GRAMS-PUCT,RMSE,0.15689486273249417,False,C-(C-(sin(C*X_5/C-X_1)+X_5)*(((C/X_2/C+X_0*X_2/X_5/C))-(X_3+exp(X_4)/X_5)/X_0*C)/X_2/X_2),"['C', '-', '(', 'C', '-', '(', 'sin', '(', 'C', '*', 'X_5', '/', 'C', '-', 'X_1', ')', '+', 'X_5', ')', '*', '(', '(', '(', 'C', '/', 'X_2', '/', 'C', '+', 'X_0', '*', 'X_2', '/', 'X_5', '/', 'C', ')', ')', '-', '(', 'X_3', '+', 'exp', '(', 'X_4', ')', '/', 'X_5', ')', '/', 'X_0', '*', 'C', ')', '/', 'X_2', '/', 'X_2', ')']","[np.float64(2.8742112271107807), np.float64(2.7987577758943765), np.float64(-4.862120357826948), np.float64(-2.576622476840953), np.float64(2.2137091327253215), np.float64(3.855797192025227), np.float64(-4.992009677924505), np.float64(-0.0236718461489993)]",Ef = p_d/(4*pi*epsilon)*3*z/r^5*sqrt(x^2+y^2),"['(', 'X_1', '/', '(', '4', '*', 'pi', '*', 'X_0', ')', ')', '*', '(', '3', '*', 'X_5', '/', '(', 'X_2', '^2', '*', 'X_2', '^3', ')', ')', '*', 'sqrt', '(', 'X_3', '^2', '+', 'X_4', '^2', ')']",6,10000,(((((((((C*X_0)*sin(C*X_5-X_1))/(X_2*X_5)+(C*X_0)/X_2)+((C*X_3)*X_5)/(X_0*X_2^2))+((C*X_3)*sin(C*X_5-X_1))/(X_0*X_2^2))+C)+((C*exp(X_4))*sin(C*X_5-X_1))/((X_0*X_2^2)*X_5))+(C*exp(X_4))/(X_0*X_2^2))+(C*X_5)/X_2^3)+(C*sin(C*X_5-X_1))/X_2^3
II.6.15a,2,GRAMS-PUCT,RMSE,0.17165710900735046,False,((C+X_4-C-(C+X_4/C)-X_4/exp(X_5*C/X_1-(C+C/X_2))/X_0))/((C)),"['(', '(', 'C', '+', 'X_4', '-', 'C', '-', '(', 'C', '+', 'X_4', '/', 'C', ')', '-', 'X_4', '/', 'exp', '(', 'X_5', '*', 'C', '/', 'X_1', '-', '(', 'C', '+', 'C', '/', 'X_2', ')', ')', '/', 'X_0', ')', ')', '/', '(', '(', 'C', ')', ')']","[np.float64(-1.0931764876508867), np.float64(-0.5613711465709982), np.float64(0.23640903985088152), np.float64(2.226597014397568), np.float64(0.0273092762771324), np.float64(-2.9535661837794196), np.float64(4.889583023065759), np.float64(-5.0)]",Ef = p_d/(4*pi*epsilon)*3*z/r^5*sqrt(x^2+y^2),"['(', 'X_1', '/', '(', '4', '*', 'pi', '*', 'X_0', ')', ')', '*', '(', '3', '*', 'X_5', '/', '(', 'X_2', '^2', '*', 'X_2', '^3', ')', ')', '*', 'sqrt', '(', 'X_3', '^2', '+', 'X_4', '^2', ')']",6,10000,((2*C)*X_4+C)+(((C*X_4)*exp(C/X_2))*exp((C*X_5)/X_1))/X_0
II.6.15a,0,GRAMS-UCT,BIC,0.1870596909167836,False,(C/(X_2+C))/C*C*C/X_0,"['(', 'C', '/', '(', 'X_2', '+', 'C', ')', ')', '/', 'C', '*', 'C', '*', 'C', '/', 'X_0']","[np.float64(1.9405954405967993), np.float64(-0.927467851460795), np.float64(1.818571706749658), np.float64(-0.12677801567487992), np.float64(-1.7669531082094472)]",Ef = p_d/(4*pi*epsilon)*3*z/r^5*sqrt(x^2+y^2),"['(', 'X_1', '/', '(', '4', '*', 'pi', '*', 'X_0', ')', ')', '*', '(', '3', '*', 'X_5', '/', '(', 'X_2', '^2', '*', 'X_2', '^3', ')', ')', '*', 'sqrt', '(', 'X_3', '^2', '+', 'X_4', '^2', ')']",6,10000,C/(C*X_0+X_0*X_2)
II.6.15a,1,GRAMS-UCT,BIC,0.15650542635609838,False,C+exp((X_1)/X_0-C+X_2/C)/X_4*X_0*C*X_4/exp(cos(C)*X_3)/exp(X_3),"['C', '+', 'exp', '(', '(', 'X_1', ')', '/', 'X_0', '-', 'C', '+', 'X_2', '/', 'C', ')', '/', 'X_4', '*', 'X_0', '*', 'C', '*', 'X_4', '/', 'exp', '(', 'cos', '(', 'C', ')', '*', 'X_3', ')', '/', 'exp', '(', 'X_3', ')']","[np.float64(0.020347265027936736), np.float64(-1.2640248896651043), np.float64(-0.231509942081596), np.float64(4.947778348263818), np.float64(3.1413196441184255)]",Ef = p_d/(4*pi*epsilon)*3*z/r^5*sqrt(x^2+y^2),"['(', 'X_1', '/', '(', '4', '*', 'pi', '*', 'X_0', ')', ')', '*', '(', '3', '*', 'X_5', '/', '(', 'X_2', '^2', '*', 'X_2', '^3', ')', ')', '*', 'sqrt', '(', 'X_3', '^2', '+', 'X_4', '^2', ')']",6,10000,((((C*X_0)*exp(-1*X_3))*exp(C*X_2))*exp(C*X_3))*exp(X_1/X_0)+C
II.6.15a,2,GRAMS-UCT,BIC,0.13796417075988204,False,X_5/exp(C*X_2*X_2/X_1*C*X_1+C/X_0/C),"['X_5', '/', 'exp', '(', 'C', '*', 'X_2', '*', 'X_2', '/', 'X_1', '*', 'C', '*', 'X_1', '+', 'C', '/', 'X_0', '/', 'C', ')']","[np.float64(-0.3963047778603509), np.float64(-3.659464802817633), np.float64(5.0), np.float64(-2.948968380113928)]",Ef = p_d/(4*pi*epsilon)*3*z/r^5*sqrt(x^2+y^2),"['(', 'X_1', '/', '(', '4', '*', 'pi', '*', 'X_0', ')', ')', '*', '(', '3', '*', 'X_5', '/', '(', 'X_2', '^2', '*', 'X_2', '^3', ')', ')', '*', 'sqrt', '(', 'X_3', '^2', '+', 'X_4', '^2', ')']",6,10000,(X_5*exp(C/X_0))*exp(C*X_2^2)
II.6.15a,0,GRAMS-UCT,RMSE,0.16675138614291035,False,exp(X_3+C*X_2+X_5/X_0/X_2)*X_1,"['exp', '(', 'X_3', '+', 'C', '*', 'X_2', '+', 'X_5', '/', 'X_0', '/', 'X_2', ')', '*', 'X_1']",[np.float64(-3.8382261187072526)],Ef = p_d/(4*pi*epsilon)*3*z/r^5*sqrt(x^2+y^2),"['(', 'X_1', '/', '(', '4', '*', 'pi', '*', 'X_0', ')', ')', '*', '(', '3', '*', 'X_5', '/', '(', 'X_2', '^2', '*', 'X_2', '^3', ')', ')', '*', 'sqrt', '(', 'X_3', '^2', '+', 'X_4', '^2', ')']",6,10000,((X_1*exp(X_3))*exp(C*X_2))*exp(X_5/(X_0*X_2))
II.6.15a,1,GRAMS-UCT,RMSE,0.18177228132139947,False,(C/X_1)*(X_4+(C-(cos(C)/X_5)))*(X_2/C)/exp(X_2/X_1*exp(X_2+X_2/sqrt(C*X_2+C)))+C,"['(', 'C', '/', 'X_1', ')', '*', '(', 'X_4', '+', '(', 'C', '-', '(', 'cos', '(', 'C', ')', '/', 'X_5', ')', ')', ')', '*', '(', 'X_2', '/', 'C', ')', '/', 'exp', '(', 'X_2', '/', 'X_1', '*', 'exp', '(', 'X_2', '+', 'X_2', '/', 'sqrt', '(', 'C', '*', 'X_2', '+', 'C', ')', ')', ')', '+', 'C']","[np.float64(-4.999845266475874), np.float64(4.999990723258194), np.float64(2.998086369079275), np.float64(-2.047285157175528), np.float64(5.0), np.float64(3.3978653221522883), np.float64(0.04971275668420502)]",Ef = p_d/(4*pi*epsilon)*3*z/r^5*sqrt(x^2+y^2),"['(', 'X_1', '/', '(', '4', '*', 'pi', '*', 'X_0', ')', ')', '*', '(', '3', '*', 'X_5', '/', '(', 'X_2', '^2', '*', 'X_2', '^3', ')', ')', '*', 'sqrt', '(', 'X_3', '^2', '+', 'X_4', '^2', ')']",6,10000,((((C*X_2)*exp((((-1*X_2)*exp(X_2))*exp(X_2/(C*X_2+C)^0.5))/X_1))/(X_1*X_5)+C)+(((C*X_2)*X_4)*exp((((-1*X_2)*exp(X_2))*exp(X_2/(C*X_2+C)^0.5))/X_1))/X_1)+((C*X_2)*exp((((-1*X_2)*exp(X_2))*exp(X_2/(C*X_2+C)^0.5))/X_1))/X_1
II.6.15a,2,GRAMS-UCT,RMSE,0.1943881753410939,False,X_2*cos(sqrt(C)+(X_2-C)/X_2)+C/X_2*C*X_1-C*exp(C),"['X_2', '*', 'cos', '(', 'sqrt', '(', 'C', ')', '+', '(', 'X_2', '-', 'C', ')', '/', 'X_2', ')', '+', 'C', '/', 'X_2', '*', 'C', '*', 'X_1', '-', 'C', '*', 'exp', '(', 'C', ')']","[np.float64(0.03468373275927189), np.float64(-2.7241591728286534), np.float64(0.18663039974221163), np.float64(1.2201108505457503), np.float64(-2.4634142992173347), np.float64(-0.541793359088979)]",Ef = p_d/(4*pi*epsilon)*3*z/r^5*sqrt(x^2+y^2),"['(', 'X_1', '/', '(', '4', '*', 'pi', '*', 'X_0', ')', ')', '*', '(', '3', '*', 'X_5', '/', '(', 'X_2', '^2', '*', 'X_2', '^3', ')', ')', '*', 'sqrt', '(', 'X_3', '^2', '+', 'X_4', '^2', ')']",6,10000,((C*X_1)/X_2+C)+X_2*cos(C+C/X_2)
II.6.15a,0,MC,N/A,0.16854327608019742,False,X_1*C/sin(C*(C)-X_2+C*C)*C*C/X_0,"['X_1', '*', 'C', '/', 'sin', '(', 'C', '*', '(', 'C', ')', '-', 'X_2', '+', 'C', '*', 'C', ')', '*', 'C', '*', 'C', '/', 'X_0']","[np.float64(0.8358020220981691), np.float64(2.420718917935912), np.float64(2.182763579159161), np.float64(-4.189667292999995), np.float64(1.0355531635934652), np.float64(-0.6031345643491967), np.float64(0.19958243284562363)]",Ef = p_d/(4*pi*epsilon)*3*z/r^5*sqrt(x^2+y^2),"['(', 'X_1', '/', '(', '4', '*', 'pi', '*', 'X_0', ')', ')', '*', '(', '3', '*', 'X_5', '/', '(', 'X_2', '^2', '*', 'X_2', '^3', ')', ')', '*', 'sqrt', '(', 'X_3', '^2', '+', 'X_4', '^2', ')']",6,10000,(C*X_1)/(X_0*sin(C-X_2))
II.6.15a,1,MC,N/A,0.18188546250256724,False,X_1/X_2/cos(X_2+sin(C*C))*C,"['X_1', '/', 'X_2', '/', 'cos', '(', 'X_2', '+', 'sin', '(', 'C', '*', 'C', ')', ')', '*', 'C']","[np.float64(-3.9181384690634404), np.float64(-5.0), np.float64(-0.09135586139755376)]",Ef = p_d/(4*pi*epsilon)*3*z/r^5*sqrt(x^2+y^2),"['(', 'X_1', '/', '(', '4', '*', 'pi', '*', 'X_0', ')', ')', '*', '(', '3', '*', 'X_5', '/', '(', 'X_2', '^2', '*', 'X_2', '^3', ')', ')', '*', 'sqrt', '(', 'X_3', '^2', '+', 'X_4', '^2', ')']",6,10000,(C*X_1)/(X_2*cos(C+X_2))
II.6.15a,2,MC,N/A,0.1659186149837803,False,((C*exp(C/X_2)/X_0))*X_3*(C-X_1/C),"['(', '(', 'C', '*', 'exp', '(', 'C', '/', 'X_2', ')', '/', 'X_0', ')', ')', '*', 'X_3', '*', '(', 'C', '-', 'X_1', '/', 'C', ')']","[np.float64(-0.0011778946641919535), np.float64(5.0), np.float64(-4.326791231212155), np.float64(0.7959190493914883)]",Ef = p_d/(4*pi*epsilon)*3*z/r^5*sqrt(x^2+y^2),"['(', 'X_1', '/', '(', '4', '*', 'pi', '*', 'X_0', ')', ')', '*', '(', '3', '*', 'X_5', '/', '(', 'X_2', '^2', '*', 'X_2', '^3', ')', ')', '*', 'sqrt', '(', 'X_3', '^2', '+', 'X_4', '^2', ')']",6,10000,(((C*X_1)*X_3)*exp(C/X_2))/X_0+((C*X_3)*exp(C/X_2))/X_0
II.6.15b,0,GRAMS-PUCT,BIC,0.017339282046679227,False,(C-C/exp(X_2*X_3-cos(X_0)*C)*C/X_2/C-C/X_3),"['(', 'C', '-', 'C', '/', 'exp', '(', 'X_2', '*', 'X_3', '-', 'cos', '(', 'X_0', ')', '*', 'C', ')', '*', 'C', '/', 'X_2', '/', 'C', '-', 'C', '/', 'X_3', ')']","[np.float64(0.04213201421161089), np.float64(3.3020817475802895), np.float64(0.16813812024235766), np.float64(-0.2952259729306674), np.float64(1.8298573291529512), np.float64(0.12537030662467438)]",E_f = p_d/(4*pi*epsilon)*3*cos(theta)*sin(theta)/r**3,"['(', 'X_1', '/', '(', '4', '*', 'pi', '*', 'X_0', ')', ')', '*', '3', '*', 'cos', '(', 'X_2', ')', '*', 'sin', '(', 'X_2', ')', '/', 'X_3', '^3']",4,10000,(C+C/X_3)+((C*exp(C*cos(X_0)))*exp((-1*X_2)*X_3))/X_2
II.6.15b,1,GRAMS-PUCT,BIC,0.018432037059068093,False,C/X_3/X_0/X_0*C*(cos(sin(((C)/X_1)))*(X_1/X_2+C))/C*C*cos(X_2),"['C', '/', 'X_3', '/', 'X_0', '/', 'X_0', '*', 'C', '*', '(', 'cos', '(', 'sin', '(', '(', '(', 'C', ')', '/', 'X_1', ')', ')', ')', '*', '(', 'X_1', '/', 'X_2', '+', 'C', ')', ')', '/', 'C', '*', 'C', '*', 'cos', '(', 'X_2', ')']","[np.float64(0.1225172665302721), np.float64(2.607792334825634), np.float64(-0.5153488550068547), np.float64(0.04915737355344718), np.float64(4.666962835521063), np.float64(2.812073891309014)]",E_f = p_d/(4*pi*epsilon)*3*cos(theta)*sin(theta)/r**3,"['(', 'X_1', '/', '(', '4', '*', 'pi', '*', 'X_0', ')', ')', '*', '3', '*', 'cos', '(', 'X_2', ')', '*', 'sin', '(', 'X_2', ')', '/', 'X_3', '^3']",4,10000,(((C*X_1)*cos(X_2))*cos(sin(C/X_1)))/((X_0^2*X_2)*X_3)+((C*cos(X_2))*cos(sin(C/X_1)))/(X_0^2*X_3)
II.6.15b,2,GRAMS-PUCT,BIC,0.018934192339572897,False,((C-C*(X_2+C/C)/((sin(sin(C-X_2)+C/exp(C))-X_3))/(X_0*X_1*C))),"['(', '(', 'C', '-', 'C', '*', '(', 'X_2', '+', 'C', '/', 'C', ')', '/', '(', '(', 'sin', '(', 'sin', '(', 'C', '-', 'X_2', ')', '+', 'C', '/', 'exp', '(', 'C', ')', ')', '-', 'X_3', ')', ')', '/', '(', 'X_0', '*', 'X_1', '*', 'C', ')', ')', ')']","[np.float64(-0.00016276899877872093), np.float64(0.11283081083766416), np.float64(-2.7732356643015326), np.float64(1.7501258974365783), np.float64(0.07053740869060164), np.float64(0.38762379025905774), np.float64(-2.0087077854463766), np.float64(-1.5093513287197742)]",E_f = p_d/(4*pi*epsilon)*3*cos(theta)*sin(theta)/r**3,"['(', 'X_1', '/', '(', '4', '*', 'pi', '*', 'X_0', ')', ')', '*', '3', '*', 'cos', '(', 'X_2', ')', '*', 'sin', '(', 'X_2', ')', '/', 'X_3', '^3']",4,10000,((C*X_2)/(((-1*X_0)*X_1)*X_3+(X_0*X_1)*sin(C+sin(C-X_2)))+C)+C/(((-1*X_0)*X_1)*X_3+(X_0*X_1)*sin(C+sin(C-X_2)))
II.6.15b,0,GRAMS-PUCT,RMSE,0.01674921829404532,False,X_1*cos((C+C/X_2)+(C))/exp(X_3),"['X_1', '*', 'cos', '(', '(', 'C', '+', 'C', '/', 'X_2', ')', '+', '(', 'C', ')', ')', '/', 'exp', '(', 'X_3', ')']","[np.float64(-4.28787125696438), np.float64(0.3359120420195333), np.float64(2.4972473172232768)]",E_f = p_d/(4*pi*epsilon)*3*cos(theta)*sin(theta)/r**3,"['(', 'X_1', '/', '(', '4', '*', 'pi', '*', 'X_0', ')', ')', '*', '3', '*', 'cos', '(', 'X_2', ')', '*', 'sin', '(', 'X_2', ')', '/', 'X_3', '^3']",4,10000,(X_1*exp(-1*X_3))*cos(C+C/X_2)
II.6.15b,1,GRAMS-PUCT,RMSE,0.019607532173791124,False,((C/X_3/X_2-C*((C))-(sin(C)+C*C-C)/X_3*X_1/X_1)),"['(', '(', 'C', '/', 'X_3', '/', 'X_2', '-', 'C', '*', '(', '(', 'C', ')', ')', '-', '(', 'sin', '(', 'C', ')', '+', 'C', '*', 'C', '-', 'C', ')', '/', 'X_3', '*', 'X_1', '/', 'X_1', ')', ')']","[np.float64(0.20045548861661183), np.float64(-1.1282423040784326), np.float64(0.016532291857101374), np.float64(1.170605506061738), np.float64(0.19385011547789116), np.float64(3.9204548251914213), np.float64(1.5191197708120643)]",E_f = p_d/(4*pi*epsilon)*3*cos(theta)*sin(theta)/r**3,"['(', 'X_1', '/', '(', '4', '*', 'pi', '*', 'X_0', ')', ')', '*', '3', '*', 'cos', '(', 'X_2', ')', '*', 'sin', '(', 'X_2', ')', '/', 'X_3', '^3']",4,10000,(C+C/(X_2*X_3))+C/X_3
II.6.15b,2,GRAMS-PUCT,RMSE,0.01955338034011544,False,C-(C/(exp(X_2))-C/X_3)/X_3,"['C', '-', '(', 'C', '/', '(', 'exp', '(', 'X_2', ')', ')', '-', 'C', '/', 'X_3', ')', '/', 'X_3']","[np.float64(-0.013927029707322364), np.float64(-0.39951233778779827), np.float64(-0.09230286509712593)]",E_f = p_d/(4*pi*epsilon)*3*cos(theta)*sin(theta)/r**3,"['(', 'X_1', '/', '(', '4', '*', 'pi', '*', 'X_0', ')', ')', '*', '3', '*', 'cos', '(', 'X_2', ')', '*', 'sin', '(', 'X_2', ')', '/', 'X_3', '^3']",4,10000,(C+C/X_3^2)+(C*exp(-1*X_2))/X_3
II.6.15b,0,GRAMS-UCT,BIC,0.020233712994897506,False,exp(C*X_3*C)*(C*X_1*X_1/(X_2/C+C*cos(C))/C-X_1*sqrt(X_0)),"['exp', '(', 'C', '*', 'X_3', '*', 'C', ')', '*', '(', 'C', '*', 'X_1', '*', 'X_1', '/', '(', 'X_2', '/', 'C', '+', 'C', '*', 'cos', '(', 'C', ')', ')', '/', 'C', '-', 'X_1', '*', 'sqrt', '(', 'X_0', ')', ')']","[np.float64(2.5519893455391083), np.float64(-1.2057012736592756), np.float64(0.47647431399654755), np.float64(1.3598484461861393), np.float64(0.6612037717696462), np.float64(-3.667756079806592), np.float64(1.8219658583038958)]",E_f = p_d/(4*pi*epsilon)*3*cos(theta)*sin(theta)/r**3,"['(', 'X_1', '/', '(', '4', '*', 'pi', '*', 'X_0', ')', ')', '*', '3', '*', 'cos', '(', 'X_2', ')', '*', 'sin', '(', 'X_2', ')', '/', 'X_3', '^3']",4,10000,((C*X_1^2)*exp(C*X_3))/(C*X_2+C)-(X_0^0.5*X_1)*exp(C*X_3)
II.6.15b,1,GRAMS-UCT,BIC,0.017527731499970917,False,cos(X_2)*exp(exp(C/C-X_3)+C+X_1-((C)*C/X_3))*(X_1/X_1/C*C)*exp(C)*X_3,"['cos', '(', 'X_2', ')', '*', 'exp', '(', 'exp', '(', 'C', '/', 'C', '-', 'X_3', ')', '+', 'C', '+', 'X_1', '-', '(', '(', 'C', ')', '*', 'C', '/', 'X_3', ')', ')', '*', '(', 'X_1', '/', 'X_1', '/', 'C', '*', 'C', ')', '*', 'exp', '(', 'C', ')', '*', 'X_3']","[np.float64(-0.11179880060730157), np.float64(3.5531893868524738), np.float64(-1.5793112653888441), np.float64(1.3779427411264387), np.float64(-3.6305934246257063), np.float64(3.893098279134021), np.float64(0.05197540193056535), np.float64(-3.672648614166046)]",E_f = p_d/(4*pi*epsilon)*3*cos(theta)*sin(theta)/r**3,"['(', 'X_1', '/', '(', '4', '*', 'pi', '*', 'X_0', ')', ')', '*', '3', '*', 'cos', '(', 'X_2', ')', '*', 'sin', '(', 'X_2', ')', '/', 'X_3', '^3']",4,10000,((((C*X_3)*exp(X_1))*exp(C/X_3))*exp(C*exp(-1*X_3)))*cos(X_2)
II.6.15b,2,GRAMS-UCT,BIC,0.01770650001740457,False,C*cos((C-(X_3)-X_2+(C)/C-X_1)+X_1/X_2+X_3)*C/C/X_0/X_3,"['C', '*', 'cos', '(', '(', 'C', '-', '(', 'X_3', ')', '-', 'X_2', '+', '(', 'C', ')', '/', 'C', '-', 'X_1', ')', '+', 'X_1', '/', 'X_2', '+', 'X_3', ')', '*', 'C', '/', 'C', '/', 'X_0', '/', 'X_3']","[np.float64(0.46906741197900087), np.float64(-3.212030632971526), np.float64(-2.837170777697467), np.float64(1.205710111946381), np.float64(-0.5815167934064982), np.float64(-2.5475990054184177)]",E_f = p_d/(4*pi*epsilon)*3*cos(theta)*sin(theta)/r**3,"['(', 'X_1', '/', '(', '4', '*', 'pi', '*', 'X_0', ')', ')', '*', '3', '*', 'cos', '(', 'X_2', ')', '*', 'sin', '(', 'X_2', ')', '/', 'X_3', '^3']",4,10000,(C*cos(((C+-1*X_1)+X_1/X_2)+-1*X_2))/(X_0*X_3)
II.6.15b,0,GRAMS-UCT,RMSE,0.019607939856022816,False,C/X_3*C+C/C-C/(X_2)/X_3/C/C,"['C', '/', 'X_3', '*', 'C', '+', 'C', '/', 'C', '-', 'C', '/', '(', 'X_2', ')', '/', 'X_3', '/', 'C', '/', 'C']","[np.float64(-0.38943649690390125), np.float64(0.4144750989429091), np.float64(0.09093371561373115), np.float64(4.977934681699244), np.float64(-4.4804458948686054), np.float64(-4.486853994395729), np.float64(-4.97483895321342)]",E_f = p_d/(4*pi*epsilon)*3*cos(theta)*sin(theta)/r**3,"['(', 'X_1', '/', '(', '4', '*', 'pi', '*', 'X_0', ')', ')', '*', '3', '*', 'cos', '(', 'X_2', ')', '*', 'sin', '(', 'X_2', ')', '/', 'X_3', '^3']",4,10000,(C+C/(X_2*X_3))+C/X_3
II.6.15b,1,GRAMS-UCT,RMSE,0.017487815864807806,False,sin(C*C/C/X_2*C)/X_3/X_0/C/X_3,"['sin', '(', 'C', '*', 'C', '/', 'C', '/', 'X_2', '*', 'C', ')', '/', 'X_3', '/', 'X_0', '/', 'C', '/', 'X_3']","[np.float64(-2.720816796395399), np.float64(-4.04919920832996), np.float64(-4.013430067686279), np.float64(3.537655517106375), np.float64(-5.0)]",E_f = p_d/(4*pi*epsilon)*3*cos(theta)*sin(theta)/r**3,"['(', 'X_1', '/', '(', '4', '*', 'pi', '*', 'X_0', ')', ')', '*', '3', '*', 'cos', '(', 'X_2', ')', '*', 'sin', '(', 'X_2', ')', '/', 'X_3', '^3']",4,10000,(C*sin(C/X_2))/(X_0*X_3^2)
II.6.15b,2,GRAMS-UCT,RMSE,0.019142663875225098,False,C+C/C/X_0/X_3*cos(C*C+(C/X_2+X_3*C-X_3))*X_2-C/X_3,"['C', '+', 'C', '/', 'C', '/', 'X_0', '/', 'X_3', '*', 'cos', '(', 'C', '*', 'C', '+', '(', 'C', '/', 'X_2', '+', 'X_3', '*', 'C', '-', 'X_3', ')', ')', '*', 'X_2', '-', 'C', '/', 'X_3']","[np.float64(-0.03826780062896782), np.float64(2.602853581806335), np.float64(-4.9664519986146045), np.float64(-3.342433326326415), np.float64(-3.3967720760994156), np.float64(-0.3186611616811656), np.float64(0.8998454707072838), np.float64(-0.06102566532484529)]",E_f = p_d/(4*pi*epsilon)*3*cos(theta)*sin(theta)/r**3,"['(', 'X_1', '/', '(', '4', '*', 'pi', '*', 'X_0', ')', ')', '*', '3', '*', 'cos', '(', 'X_2', ')', '*', 'sin', '(', 'X_2', ')', '/', 'X_3', '^3']",4,10000,(((C*X_2)*cos(((C*X_3+C)+C/X_2)+-1*X_3))/(X_0*X_3)+C)+C/X_3
II.6.15b,0,MC,N/A,0.0200575574217894,False,cos(C+(X_2-cos((X_1/(C))))/C/X_3)/X_3*C/X_3,"['cos', '(', 'C', '+', '(', 'X_2', '-', 'cos', '(', '(', 'X_1', '/', '(', 'C', ')', ')', ')', ')', '/', 'C', '/', 'X_3', ')', '/', 'X_3', '*', 'C', '/', 'X_3']","[np.float64(4.8367941944260195), np.float64(3.889900569022922), np.float64(-4.375588003560083), np.float64(0.4428403687264464)]",E_f = p_d/(4*pi*epsilon)*3*cos(theta)*sin(theta)/r**3,"['(', 'X_1', '/', '(', '4', '*', 'pi', '*', 'X_0', ')', ')', '*', '3', '*', 'cos', '(', 'X_2', ')', '*', 'sin', '(', 'X_2', ')', '/', 'X_3', '^3']",4,10000,(C*cos(((C*X_2)/X_3+C)+(C*cos(C*X_1))/X_3))/X_3^2
II.6.15b,1,MC,N/A,0.022413927900708907,False,X_1*X_2*C-(C/X_3*X_2+C),"['X_1', '*', 'X_2', '*', 'C', '-', '(', 'C', '/', 'X_3', '*', 'X_2', '+', 'C', ')']","[np.float64(-0.003315122328924851), np.float64(0.03403926406108053), np.float64(-0.04097076487592014)]",E_f = p_d/(4*pi*epsilon)*3*cos(theta)*sin(theta)/r**3,"['(', 'X_1', '/', '(', '4', '*', 'pi', '*', 'X_0', ')', ')', '*', '3', '*', 'cos', '(', 'X_2', ')', '*', 'sin', '(', 'X_2', ')', '/', 'X_3', '^3']",4,10000,((C*X_1)*X_2+(C*X_2)/X_3)+C
II.6.15b,2,MC,N/A,0.02105943572694998,False,(sin(X_2+X_3)*cos(C))-C+X_2/X_3*sqrt(C/C-sqrt(C/X_2)/X_1*C+C)*C,"['(', 'sin', '(', 'X_2', '+', 'X_3', ')', '*', 'cos', '(', 'C', ')', ')', '-', 'C', '+', 'X_2', '/', 'X_3', '*', 'sqrt', '(', 'C', '/', 'C', '-', 'sqrt', '(', 'C', '/', 'X_2', ')', '/', 'X_1', '*', 'C', '+', 'C', ')', '*', 'C']","[np.float64(1.5548922253113027), np.float64(-0.03955288405352008), np.float64(3.6388764938123606), np.float64(2.1774945066009366), np.float64(1.057208172097714), np.float64(4.302665805079526), np.float64(4.319582434485163), np.float64(-0.017951600492483077)]",E_f = p_d/(4*pi*epsilon)*3*cos(theta)*sin(theta)/r**3,"['(', 'X_1', '/', '(', '4', '*', 'pi', '*', 'X_0', ')', ')', '*', '3', '*', 'cos', '(', 'X_2', ')', '*', 'sin', '(', 'X_2', ')', '/', 'X_3', '^3']",4,10000,(((C*X_2)*(C+(C*(C/X_2)^0.5)/X_1)^0.5)/X_3+C*sin(X_2+X_3))+C
II.8.31,0,GRAMS-PUCT,BIC,5.397878622774136e-08,True,X_1/(C/C/(C)/((X_1)*X_0*C)),"['X_1', '/', '(', 'C', '/', 'C', '/', '(', 'C', ')', '/', '(', '(', 'X_1', ')', '*', 'X_0', '*', 'C', ')', ')']","[np.float64(-3.987731206266105), np.float64(2.5703935620321428), np.float64(0.6756883236519277), np.float64(-1.1480210233263641)]",E_den = epsilon*Ef**2/2,"['X_0', '*', 'X_1', '^2', '/', '2']",2,4136,(C*X_0)*X_1^2
II.8.31,1,GRAMS-PUCT,BIC,3.171554627415239e-08,True,X_1/((C/X_1)*C/X_0)*C,"['X_1', '/', '(', '(', 'C', '/', 'X_1', ')', '*', 'C', '/', 'X_0', ')', '*', 'C']","[np.float64(-3.2923524934558865), np.float64(-3.0373418320994476), np.float64(4.999999969301396)]",E_den = epsilon*Ef**2/2,"['X_0', '*', 'X_1', '^2', '/', '2']",2,1200,(C*X_0)*X_1^2
II.8.31,2,GRAMS-PUCT,BIC,8.868067321072708e-08,True,X_1*X_0/C*(C*X_1),"['X_1', '*', 'X_0', '/', 'C', '*', '(', 'C', '*', 'X_1', ')']","[np.float64(3.302761646834073), np.float64(1.6513808161271168)]",E_den = epsilon*Ef**2/2,"['X_0', '*', 'X_1', '^2', '/', '2']",2,5543,(C*X_0)*X_1^2
II.8.31,0,GRAMS-PUCT,RMSE,1.6234527850517357e-08,True,(X_0*C*C*C*C/C*(X_1*C))*X_1,"['(', 'X_0', '*', 'C', '*', 'C', '*', 'C', '*', 'C', '/', 'C', '*', '(', 'X_1', '*', 'C', ')', ')', '*', 'X_1']","[np.float64(-1.1722907061348156), np.float64(1.4810241796403474), np.float64(1.3326747265302492), np.float64(-1.3860696504133765), np.float64(-4.999657705945387), np.float64(-0.7794775100842352)]",E_den = epsilon*Ef**2/2,"['X_0', '*', 'X_1', '^2', '/', '2']",2,9558,(C*X_0)*X_1^2
II.8.31,1,GRAMS-PUCT,RMSE,3.188992078242523e-08,True,X_0*C*X_1*X_1/C,"['X_0', '*', 'C', '*', 'X_1', '*', 'X_1', '/', 'C']","[np.float64(2.499999989602458), np.float64(4.999999971267668)]",E_den = epsilon*Ef**2/2,"['X_0', '*', 'X_1', '^2', '/', '2']",2,339,(C*X_0)*X_1^2
II.8.31,2,GRAMS-PUCT,RMSE,1.852429053807142e-08,True,((((X_1/C*C/X_1*X_1*X_0)*X_1))),"['(', '(', '(', '(', 'X_1', '/', 'C', '*', 'C', '/', 'X_1', '*', 'X_1', '*', 'X_0', ')', '*', 'X_1', ')', ')', ')']","[np.float64(5.0), np.float64(2.4999999976946965)]",E_den = epsilon*Ef**2/2,"['X_0', '*', 'X_1', '^2', '/', '2']",2,2824,(C*X_0)*X_1^2
II.8.31,0,GRAMS-UCT,BIC,1.0608988818963895e-08,True,X_1*X_1*X_0/X_0*C*X_0/C,"['X_1', '*', 'X_1', '*', 'X_0', '/', 'X_0', '*', 'C', '*', 'X_0', '/', 'C']","[np.float64(-2.4874288829327775), np.float64(-4.974857768492804)]",E_den = epsilon*Ef**2/2,"['X_0', '*', 'X_1', '^2', '/', '2']",2,747,(C*X_0)*X_1^2
II.8.31,1,GRAMS-UCT,BIC,8.793489373649386e-09,True,X_1*(X_0)*(C*X_1)/C*C,"['X_1', '*', '(', 'X_0', ')', '*', '(', 'C', '*', 'X_1', ')', '/', 'C', '*', 'C']","[np.float64(1.586710063505539), np.float64(-3.8052745484631516), np.float64(-1.199108343033156)]",E_den = epsilon*Ef**2/2,"['X_0', '*', 'X_1', '^2', '/', '2']",2,1039,(C*X_0)*X_1^2
II.8.31,2,GRAMS-UCT,BIC,1.0603416886498819e-08,True,(((X_1))/C)*X_0*X_1*C,"['(', '(', '(', 'X_1', ')', ')', '/', 'C', ')', '*', 'X_0', '*', 'X_1', '*', 'C']","[np.float64(5.0), np.float64(2.49999999868043)]",E_den = epsilon*Ef**2/2,"['X_0', '*', 'X_1', '^2', '/', '2']",2,974,(C*X_0)*X_1^2
II.8.31,0,GRAMS-UCT,RMSE,7.47427592707961e-08,True,X_0*X_1*X_1*C,"['X_0', '*', 'X_1', '*', 'X_1', '*', 'C']",[np.float64(0.4999999981396886)],E_den = epsilon*Ef**2/2,"['X_0', '*', 'X_1', '^2', '/', '2']",2,614,(C*X_0)*X_1^2
II.8.31,1,GRAMS-UCT,RMSE,2.810482669286794e-08,True,X_1*C*C*X_0*X_1,"['X_1', '*', 'C', '*', 'C', '*', 'X_0', '*', 'X_1']","[np.float64(-0.4374738391907002), np.float64(-1.1429254869833703)]",E_den = epsilon*Ef**2/2,"['X_0', '*', 'X_1', '^2', '/', '2']",2,501,(C*X_0)*X_1^2
II.8.31,2,GRAMS-UCT,RMSE,8.217702334755497e-08,True,(X_1*X_1*C)*X_0,"['(', 'X_1', '*', 'X_1', '*', 'C', ')', '*', 'X_0']",[np.float64(0.49999999795465333)],E_den = epsilon*Ef**2/2,"['X_0', '*', 'X_1', '^2', '/', '2']",2,702,(C*X_0)*X_1^2
II.8.31,0,MC,N/A,6.028081966795359e-08,True,X_1*X_0*X_1*C,"['X_1', '*', 'X_0', '*', 'X_1', '*', 'C']",[np.float64(0.49999999849963933)],E_den = epsilon*Ef**2/2,"['X_0', '*', 'X_1', '^2', '/', '2']",2,1276,(C*X_0)*X_1^2
II.8.31,1,MC,N/A,6.730174269680313e-09,True,X_1*C/(C)*X_0*X_1,"['X_1', '*', 'C', '/', '(', 'C', ')', '*', 'X_0', '*', 'X_1']","[np.float64(-2.4953896759078296), np.float64(-4.99077935014364)]",E_den = epsilon*Ef**2/2,"['X_0', '*', 'X_1', '^2', '/', '2']",2,78,(C*X_0)*X_1^2
II.8.31,2,MC,N/A,6.553511410581557e-08,True,X_1*X_0*X_1/C*C,"['X_1', '*', 'X_0', '*', 'X_1', '/', 'C', '*', 'C']","[np.float64(-5.0), np.float64(-2.5000000081556877)]",E_den = epsilon*Ef**2/2,"['X_0', '*', 'X_1', '^2', '/', '2']",2,599,(C*X_0)*X_1^2
II.8.7,0,GRAMS-PUCT,BIC,7.880572031909499e-07,False,X_0/X_1/C/(X_2/X_0/C-(C)),"['X_0', '/', 'X_1', '/', 'C', '/', '(', 'X_2', '/', 'X_0', '/', 'C', '-', '(', 'C', ')', ')']","[np.float64(-3.4304178812874175), np.float64(-0.1637919766674348), np.float64(7.5871403941782474e-06)]",E_n = 3/5*q**2/(4*pi*epsilon*d),"['0.6', '*', 'X_0', '^2', '/', '(', '4', '*', 'pi', '*', 'X_1', '*', 'X_2', ')']",3,10000,(C*X_0)/(C*X_1+((C*X_1)*X_2)/X_0)
II.8.7,1,GRAMS-PUCT,BIC,0.016511332287644207,False,((C*X_0*C*C/((X_0)/X_1+((X_0*X_1/(X_0*C)-X_2)*C))+C)),"['(', '(', 'C', '*', 'X_0', '*', 'C', '*', 'C', '/', '(', '(', 'X_0', ')', '/', 'X_1', '+', '(', '(', 'X_0', '*', 'X_1', '/', '(', 'X_0', '*', 'C', ')', '-', 'X_2', ')', '*', 'C', ')', ')', '+', 'C', ')', ')']","[np.float64(3.7958593266331797), np.float64(4.235645907579841), np.float64(-0.05796583001344197), np.float64(-1.3830061855033249), np.float64(4.741862419016332), np.float64(-0.057179337399896266)]",E_n = 3/5*q**2/(4*pi*epsilon*d),"['0.6', '*', 'X_0', '^2', '/', '(', '4', '*', 'pi', '*', 'X_1', '*', 'X_2', ')']",3,10000,(C*X_0)/((C*X_1+C*X_2)+X_0/X_1)+C
II.8.7,2,GRAMS-PUCT,BIC,0.013345362017113128,False,C*(X_1/C/C*X_0-X_0-C)/(X_1*X_2*C)*C,"['C', '*', '(', 'X_1', '/', 'C', '/', 'C', '*', 'X_0', '-', 'X_0', '-', 'C', ')', '/', '(', 'X_1', '*', 'X_2', '*', 'C', ')', '*', 'C']","[np.float64(0.3153769512938859), np.float64(-5.0), np.float64(-5.0), np.float64(-1.141658629192316), np.float64(-3.6620516349450827), np.float64(3.5521332772450003)]",E_n = 3/5*q**2/(4*pi*epsilon*d),"['0.6', '*', 'X_0', '^2', '/', '(', '4', '*', 'pi', '*', 'X_1', '*', 'X_2', ')']",3,10000,((C*X_0)/(X_1*X_2)+(C*X_0)/X_2)+C/(X_1*X_2)
II.8.7,0,GRAMS-PUCT,RMSE,0.01622914917296375,False,C/((X_1+X_2)-C+X_1*X_2/C*C/(C)/X_0),"['C', '/', '(', '(', 'X_1', '+', 'X_2', ')', '-', 'C', '+', 'X_1', '*', 'X_2', '/', 'C', '*', 'C', '/', '(', 'C', ')', '/', 'X_0', ')']","[np.float64(-0.6933042329002468), np.float64(1.378142956301167), np.float64(4.841273049806328), np.float64(3.9202080653031275), np.float64(-0.12209454760025128)]",E_n = 3/5*q**2/(4*pi*epsilon*d),"['0.6', '*', 'X_0', '^2', '/', '(', '4', '*', 'pi', '*', 'X_1', '*', 'X_2', ')']",3,10000,C/(((C+((C*X_1)*X_2)/X_0)+X_1)+X_2)
II.8.7,1,GRAMS-PUCT,RMSE,0.020741328802539937,False,C+C/(X_1*X_2*C-C)/X_1*X_0/C/X_2+C,"['C', '+', 'C', '/', '(', 'X_1', '*', 'X_2', '*', 'C', '-', 'C', ')', '/', 'X_1', '*', 'X_0', '/', 'C', '/', 'X_2', '+', 'C']","[np.float64(-2.162893149245446), np.float64(4.433827618411908), np.float64(-0.1319049134764137), np.float64(-4.431500634583724), np.float64(4.961491246771632), np.float64(2.1187295291398636)]",E_n = 3/5*q**2/(4*pi*epsilon*d),"['0.6', '*', 'X_0', '^2', '/', '(', '4', '*', 'pi', '*', 'X_1', '*', 'X_2', ')']",3,10000,(C*X_0)/((C*X_1^2)*X_2^2+(C*X_1)*X_2)+C
II.8.7,2,GRAMS-PUCT,RMSE,0.003300369842560238,False,sin(C/X_2/C*X_0*X_0/X_1),"['sin', '(', 'C', '/', 'X_2', '/', 'C', '*', 'X_0', '*', 'X_0', '/', 'X_1', ')']","[np.float64(0.24336330087815258), np.float64(4.999922470537538)]",E_n = 3/5*q**2/(4*pi*epsilon*d),"['0.6', '*', 'X_0', '^2', '/', '(', '4', '*', 'pi', '*', 'X_1', '*', 'X_2', ')']",3,10000,sin((C*X_0^2)/(X_1*X_2))
II.8.7,0,GRAMS-UCT,BIC,5.744992048491723e-07,False,C/C/X_1/C/C/X_2*(X_2+X_0/C-X_2/C/C)*X_0,"['C', '/', 'C', '/', 'X_1', '/', 'C', '/', 'C', '/', 'X_2', '*', '(', 'X_2', '+', 'X_0', '/', 'C', '-', 'X_2', '/', 'C', '/', 'C', ')', '*', 'X_0']","[np.float64(1.5702970831459973), np.float64(-1.2807932403393), np.float64(-4.206580831788742), np.float64(-2.0339224583756286), np.float64(-3.0012232818825666), np.float64(2.021258522541507), np.float64(0.494742351282043)]",E_n = 3/5*q**2/(4*pi*epsilon*d),"['0.6', '*', 'X_0', '^2', '/', '(', '4', '*', 'pi', '*', 'X_1', '*', 'X_2', ')']",3,10000,(C*X_0^2)/(X_1*X_2)+((2*C)*X_0)/X_1
II.8.7,1,GRAMS-UCT,BIC,0.019906601539840883,False,C/(X_2)*C/C*(X_0)/C*(C/C/X_0+(X_2/(X_2)*X_2))/(C+(X_2*X_1)),"['C', '/', '(', 'X_2', ')', '*', 'C', '/', 'C', '*', '(', 'X_0', ')', '/', 'C', '*', '(', 'C', '/', 'C', '/', 'X_0', '+', '(', 'X_2', '/', '(', 'X_2', ')', '*', 'X_2', ')', ')', '/', '(', 'C', '+', '(', 'X_2', '*', 'X_1', ')', ')']","[np.float64(0.7413758960085481), np.float64(4.10822475530133), np.float64(3.0770202725791918), np.float64(4.7712314458332), np.float64(-4.67443698000105), np.float64(3.356625075484563), np.float64(-0.35274405766394834)]",E_n = 3/5*q**2/(4*pi*epsilon*d),"['0.6', '*', 'X_0', '^2', '/', '(', '4', '*', 'pi', '*', 'X_1', '*', 'X_2', ')']",3,10000,((C*X_0)*X_2)/(C*X_2+X_1*X_2^2)+C/(C*X_2+X_1*X_2^2)
II.8.7,2,GRAMS-UCT,BIC,5.13854400105081e-07,False,C+X_0*(C)/X_2/(X_1)*X_0*X_1/X_1,"['C', '+', 'X_0', '*', '(', 'C', ')', '/', 'X_2', '/', '(', 'X_1', ')', '*', 'X_0', '*', 'X_1', '/', 'X_1']","[np.float64(-3.196740741288676e-07), np.float64(0.04774675849132981)]",E_n = 3/5*q**2/(4*pi*epsilon*d),"['0.6', '*', 'X_0', '^2', '/', '(', '4', '*', 'pi', '*', 'X_1', '*', 'X_2', ')']",3,10000,(C*X_0^2)/(X_1*X_2)+C
II.8.7,0,GRAMS-UCT,RMSE,2.74193939518171e-10,True,X_0/X_2*X_0/C/C/X_1*C,"['X_0', '/', 'X_2', '*', 'X_0', '/', 'C', '/', 'C', '/', 'X_1', '*', 'C']","[np.float64(5.0), np.float64(4.811937092929814), np.float64(1.1487653585685569)]",E_n = 3/5*q**2/(4*pi*epsilon*d),"['0.6', '*', 'X_0', '^2', '/', '(', '4', '*', 'pi', '*', 'X_1', '*', 'X_2', ')']",3,6267,(C*X_0^2)/(X_1*X_2)
II.8.7,1,GRAMS-UCT,RMSE,6.819505669608851e-07,False,X_0*C*X_0/X_2/X_1-C*(X_2-C/sin((X_2/C/X_0/X_2))/X_1+(X_2+X_2+X_1)),"['X_0', '*', 'C', '*', 'X_0', '/', 'X_2', '/', 'X_1', '-', 'C', '*', '(', 'X_2', '-', 'C', '/', 'sin', '(', '(', 'X_2', '/', 'C', '/', 'X_0', '/', 'X_2', ')', ')', '/', 'X_1', '+', '(', 'X_2', '+', 'X_2', '+', 'X_1', ')', ')']","[np.float64(0.04774675446147299), np.float64(-6.016118395176593e-09), np.float64(-2.0784760926436405), np.float64(-1.354473411714879)]",E_n = 3/5*q**2/(4*pi*epsilon*d),"['0.6', '*', 'X_0', '^2', '/', '(', '4', '*', 'pi', '*', 'X_1', '*', 'X_2', ')']",3,10000,(((C*X_0^2)/(X_1*X_2)+C*X_1)+C*X_2)+C/(X_1*sin(C/X_0))
II.8.7,2,GRAMS-UCT,RMSE,2.681799622493674e-09,True,X_1/C/X_2*X_0/X_1*(C/X_1)*X_0,"['X_1', '/', 'C', '/', 'X_2', '*', 'X_0', '/', 'X_1', '*', '(', 'C', '/', 'X_1', ')', '*', 'X_0']","[np.float64(4.999999982484775), np.float64(0.23873240828922415)]",E_n = 3/5*q**2/(4*pi*epsilon*d),"['0.6', '*', 'X_0', '^2', '/', '(', '4', '*', 'pi', '*', 'X_1', '*', 'X_2', ')']",3,678,(C*X_0^2)/(X_1*X_2)
II.8.7,0,MC,N/A,0.02830234939181255,False,X_0*C/X_1/X_2*C*C,"['X_0', '*', 'C', '/', 'X_1', '/', 'X_2', '*', 'C', '*', 'C']","[np.float64(0.02355781406807338), np.float64(-1.8506350135746017), np.float64(-4.112859793195784)]",E_n = 3/5*q**2/(4*pi*epsilon*d),"['0.6', '*', 'X_0', '^2', '/', '(', '4', '*', 'pi', '*', 'X_1', '*', 'X_2', ')']",3,10000,(C*X_0)/(X_1*X_2)
II.8.7,1,MC,N/A,0.02577088665573029,False,X_0/X_2/X_1*C*C-C,"['X_0', '/', 'X_2', '/', 'X_1', '*', 'C', '*', 'C', '-', 'C']","[np.float64(0.3817349416800963), np.float64(0.52661892112186), np.float64(0.017974782385349313)]",E_n = 3/5*q**2/(4*pi*epsilon*d),"['0.6', '*', 'X_0', '^2', '/', '(', '4', '*', 'pi', '*', 'X_1', '*', 'X_2', ')']",3,10000,(C*X_0)/(X_1*X_2)+C
II.8.7,2,MC,N/A,4.6090999157974214e-09,True,X_0/X_2*X_0/X_1*C,"['X_0', '/', 'X_2', '*', 'X_0', '/', 'X_1', '*', 'C']",[np.float64(0.047746481032805654)],E_n = 3/5*q**2/(4*pi*epsilon*d),"['0.6', '*', 'X_0', '^2', '/', '(', '4', '*', 'pi', '*', 'X_1', '*', 'X_2', ')']",3,9044,(C*X_0^2)/(X_1*X_2)
III.10.19,0,GRAMS-PUCT,BIC,1.7319942018603758,False,X_0*C+X_1-X_2/X_3+X_2*C/(C)*(cos(sin(X_0))-X_0*((X_3*(C/C)/C)))+C,"['X_0', '*', 'C', '+', 'X_1', '-', 'X_2', '/', 'X_3', '+', 'X_2', '*', 'C', '/', '(', 'C', ')', '*', '(', 'cos', '(', 'sin', '(', 'X_0', ')', ')', '-', 'X_0', '*', '(', '(', 'X_3', '*', '(', 'C', '/', 'C', ')', '/', 'C', ')', ')', ')', '+', 'C']","[np.float64(4.201327344138096), np.float64(2.9583412540104614), np.float64(3.4821659384284427), np.float64(2.086924665579933), np.float64(3.513117654598505), np.float64(-3.7156796332491204), np.float64(-3.583043942092906)]",E_n = mom*sqrt(Bx**2+By**2+Bz**2),"['X_0', '*', 'sqrt', '(', 'X_1', '^2', '+', 'X_2', '^2', '+', 'X_3', '^2', ')']",4,10000,((((((C*X_0)*X_2)*X_3+C*X_0)+(C*X_2)*cos(sin(X_0)))+C)+X_1)+-1*(X_2/X_3)
III.10.19,1,GRAMS-PUCT,BIC,1.8252500828092495,False,X_1*(X_0/X_0)*C*X_2+(X_0/X_3/C)*(X_3-C)+C,"['X_1', '*', '(', 'X_0', '/', 'X_0', ')', '*', 'C', '*', 'X_2', '+', '(', 'X_0', '/', 'X_3', '/', 'C', ')', '*', '(', 'X_3', '-', 'C', ')', '+', 'C']","[np.float64(0.5092544969690939), np.float64(0.15141688718502191), np.float64(0.43825212393368373), np.float64(-4.568220550720157)]",E_n = mom*sqrt(Bx**2+By**2+Bz**2),"['X_0', '*', 'sqrt', '(', 'X_1', '^2', '+', 'X_2', '^2', '+', 'X_3', '^2', ')']",4,10000,((C*X_0+(C*X_0)/X_3)+(C*X_1)*X_2)+C
III.10.19,2,GRAMS-PUCT,BIC,0.7424915050416002,False,C-C/(C/(X_2*C*X_2+X_3-X_0*(X_2*C-X_3-C*X_1))),"['C', '-', 'C', '/', '(', 'C', '/', '(', 'X_2', '*', 'C', '*', 'X_2', '+', 'X_3', '-', 'X_0', '*', '(', 'X_2', '*', 'C', '-', 'X_3', '-', 'C', '*', 'X_1', ')', ')', ')']","[np.float64(-0.2003663166531843), np.float64(-2.2580873303673465), np.float64(4.99972953647408), np.float64(-0.17151943896506092), np.float64(-1.6202345437333703), np.float64(1.3151068691145131)]",E_n = mom*sqrt(Bx**2+By**2+Bz**2),"['X_0', '*', 'sqrt', '(', 'X_1', '^2', '+', 'X_2', '^2', '+', 'X_3', '^2', ')']",4,10000,(((((C*X_0)*X_1+(C*X_0)*X_2)+(C*X_0)*X_3)+C*X_2^2)+C*X_3)+C
III.10.19,0,GRAMS-PUCT,RMSE,1.454251395633123,False,X_2-X_3*C-C+X_0*C+(X_0+X_2/C*X_1/(X_2/X_3)*C)*X_1*C+C-C+X_0+X_3,"['X_2', '-', 'X_3', '*', 'C', '-', 'C', '+', 'X_0', '*', 'C', '+', '(', 'X_0', '+', 'X_2', '/', 'C', '*', 'X_1', '/', '(', 'X_2', '/', 'X_3', ')', '*', 'C', ')', '*', 'X_1', '*', 'C', '+', 'C', '-', 'C', '+', 'X_0', '+', 'X_3']","[np.float64(-0.7710621644961629), np.float64(3.261532555476237), np.float64(2.665118850702684), np.float64(4.975018836359473), np.float64(-0.06750178817313351), np.float64(0.5949571864871702), np.float64(-2.1260438824063947), np.float64(2.684731887264846)]",E_n = mom*sqrt(Bx**2+By**2+Bz**2),"['X_0', '*', 'sqrt', '(', 'X_1', '^2', '+', 'X_2', '^2', '+', 'X_3', '^2', ')']",4,10000,(((((((C*X_0)*X_1+C*X_0)+(C*X_1^2)*X_3)+C*X_3)+C)+X_0)+X_2)+X_3
III.10.19,1,GRAMS-PUCT,RMSE,1.6506195877383725,False,X_3+C*(X_0)-C+X_2*C*X_1*C*sqrt(X_0/C),"['X_3', '+', 'C', '*', '(', 'X_0', ')', '-', 'C', '+', 'X_2', '*', 'C', '*', 'X_1', '*', 'C', '*', 'sqrt', '(', 'X_0', '/', 'C', ')']","[np.float64(4.5628040197540765), np.float64(5.0), np.float64(2.8234028890161946), np.float64(0.2227889480301933), np.float64(4.202821043090089)]",E_n = mom*sqrt(Bx**2+By**2+Bz**2),"['X_0', '*', 'sqrt', '(', 'X_1', '^2', '+', 'X_2', '^2', '+', 'X_3', '^2', ')']",4,10000,((C*X_0+((C*X_1)*X_2)*(C*X_0)^0.5)+C)+X_3
III.10.19,2,GRAMS-PUCT,RMSE,0.8862731457694051,False,(X_3+(X_2*C*X_2+X_3-X_0*(X_2*C-X_3-C*X_1))-C+X_3/C),"['(', 'X_3', '+', '(', 'X_2', '*', 'C', '*', 'X_2', '+', 'X_3', '-', 'X_0', '*', '(', 'X_2', '*', 'C', '-', 'X_3', '-', 'C', '*', 'X_1', ')', ')', '-', 'C', '+', 'X_3', '/', 'C', ')']","[np.float64(0.12694924903802898), np.float64(-0.3138673191383609), np.float64(0.535331406232734), np.float64(-2.372027018383319), np.float64(-0.3006744182251136)]",E_n = mom*sqrt(Bx**2+By**2+Bz**2),"['X_0', '*', 'sqrt', '(', 'X_1', '^2', '+', 'X_2', '^2', '+', 'X_3', '^2', ')']",4,10000,((((((C*X_0)*X_1+(C*X_0)*X_2)+C*X_2^2)+C*X_3)+C)+X_0*X_3)+2*X_3
III.10.19,0,GRAMS-UCT,BIC,0.8191781773889555,False,C*X_0*X_2+X_0*(C+X_3/X_1*C+(C*X_1))-C/C*X_1-C/X_2+X_3,"['C', '*', 'X_0', '*', 'X_2', '+', 'X_0', '*', '(', 'C', '+', 'X_3', '/', 'X_1', '*', 'C', '+', '(', 'C', '*', 'X_1', ')', ')', '-', 'C', '/', 'C', '*', 'X_1', '-', 'C', '/', 'X_2', '+', 'X_3']","[np.float64(0.5501836461384401), np.float64(-0.16588940996542753), np.float64(0.5576358909590902), np.float64(1.0613183962144848), np.float64(-2.434421956027313), np.float64(-2.8867225584936005), np.float64(0.2605781828217604)]",E_n = mom*sqrt(Bx**2+By**2+Bz**2),"['X_0', '*', 'sqrt', '(', 'X_1', '^2', '+', 'X_2', '^2', '+', 'X_3', '^2', ')']",4,10000,((((((C*X_0)*X_1+(C*X_0)*X_2)+C*X_0)+((C*X_0)*X_3)/X_1)+C*X_1)+C/X_2)+X_3
III.10.19,1,GRAMS-UCT,BIC,1.616337200731964,False,X_1+C+X_2*(X_3/C)*C+X_0*C*X_0*C*C+X_1*X_0*C+X_0-X_1,"['X_1', '+', 'C', '+', 'X_2', '*', '(', 'X_3', '/', 'C', ')', '*', 'C', '+', 'X_0', '*', 'C', '*', 'X_0', '*', 'C', '*', 'C', '+', 'X_1', '*', 'X_0', '*', 'C', '+', 'X_0', '-', 'X_1']","[np.float64(-1.0202782402514554), np.float64(2.8977110576406497), np.float64(1.4836113035321536), np.float64(2.7962450119135283), np.float64(-0.11160470144406069), np.float64(-1.4122436837384018), np.float64(0.5772746753842045)]",E_n = mom*sqrt(Bx**2+By**2+Bz**2),"['X_0', '*', 'sqrt', '(', 'X_1', '^2', '+', 'X_2', '^2', '+', 'X_3', '^2', ')']",4,10000,(((C*X_0^2+(C*X_0)*X_1)+(C*X_2)*X_3)+C)+X_0
III.10.19,2,GRAMS-UCT,BIC,0.9580792459348174,False,C+X_0/C+X_3-C+(C*X_3)-(X_0)*C*(X_1/sin(C)-X_2),"['C', '+', 'X_0', '/', 'C', '+', 'X_3', '-', 'C', '+', '(', 'C', '*', 'X_3', ')', '-', '(', 'X_0', ')', '*', 'C', '*', '(', 'X_1', '/', 'sin', '(', 'C', ')', '-', 'X_2', ')']","[np.float64(-4.868664504738803), np.float64(0.475974174994205), np.float64(0.19725048608043527), np.float64(0.6814044457421743), np.float64(0.5590808969908966), np.float64(-1.5717856254177882)]",E_n = mom*sqrt(Bx**2+By**2+Bz**2),"['X_0', '*', 'sqrt', '(', 'X_1', '^2', '+', 'X_2', '^2', '+', 'X_3', '^2', ')']",4,10000,(((((C*X_0)*X_1+(C*X_0)*X_2)+C*X_0)+C*X_3)+C)+X_3
III.10.19,0,GRAMS-UCT,RMSE,1.7060142747524423,False,X_2+X_0/X_3/X_3/X_1*C+C+X_3+(X_0*C)*C/C*C*C+C+X_1,"['X_2', '+', 'X_0', '/', 'X_3', '/', 'X_3', '/', 'X_1', '*', 'C', '+', 'C', '+', 'X_3', '+', '(', 'X_0', '*', 'C', ')', '*', 'C', '/', 'C', '*', 'C', '*', 'C', '+', 'C', '+', 'X_1']","[np.float64(-3.1188835381507807), np.float64(-4.441118652276211), np.float64(-4.682994445321201), np.float64(-1.0008550705508457), np.float64(-2.911315396043607), np.float64(0.9110570455983252), np.float64(-3.8759581899832396), np.float64(-4.533816260915634)]",E_n = mom*sqrt(Bx**2+By**2+Bz**2),"['X_0', '*', 'sqrt', '(', 'X_1', '^2', '+', 'X_2', '^2', '+', 'X_3', '^2', ')']",4,10000,((((C*X_0+(C*X_0)/(X_1*X_3^2))+C)+X_1)+X_2)+X_3
III.10.19,1,GRAMS-UCT,RMSE,1.5653145894378337,False,sin(C)*(((X_0/C)-C-C))+X_3-X_3/C-X_0-X_1/C-(X_0)*X_2*C*X_3/X_3,"['sin', '(', 'C', ')', '*', '(', '(', '(', 'X_0', '/', 'C', ')', '-', 'C', '-', 'C', ')', ')', '+', 'X_3', '-', 'X_3', '/', 'C', '-', 'X_0', '-', 'X_1', '/', 'C', '-', '(', 'X_0', ')', '*', 'X_2', '*', 'C', '*', 'X_3', '/', 'X_3']","[np.float64(1.686243499071741), np.float64(0.20900788602813938), np.float64(5.0), np.float64(2.4333773345967877), np.float64(5.0), np.float64(-0.6019394858019905), np.float64(-0.5650309574829043)]",E_n = mom*sqrt(Bx**2+By**2+Bz**2),"['X_0', '*', 'sqrt', '(', 'X_1', '^2', '+', 'X_2', '^2', '+', 'X_3', '^2', ')']",4,10000,((((((C*X_0)*X_2+C*X_0)+C*X_1)+C*X_3)+C)+-1*X_0)+X_3
III.10.19,2,GRAMS-UCT,RMSE,1.0663819237000272,False,X_0*(X_2*C-X_3-C*X_1)/C+X_2-C,"['X_0', '*', '(', 'X_2', '*', 'C', '-', 'X_3', '-', 'C', '*', 'X_1', ')', '/', 'C', '+', 'X_2', '-', 'C']","[np.float64(-0.5639252436877253), np.float64(1.0017987029302615), np.float64(-1.508031480944489), np.float64(1.9640039999542094)]",E_n = mom*sqrt(Bx**2+By**2+Bz**2),"['X_0', '*', 'sqrt', '(', 'X_1', '^2', '+', 'X_2', '^2', '+', 'X_3', '^2', ')']",4,10000,((((C*X_0)*X_1+(C*X_0)*X_2)+(C*X_0)*X_3)+C)+X_2
III.10.19,0,MC,N/A,1.9342470558332252,False,(X_0*C/C*X_0/((C)/X_3*X_0*C-X_2/X_2)-X_1*C/C*X_2),"['(', 'X_0', '*', 'C', '/', 'C', '*', 'X_0', '/', '(', '(', 'C', ')', '/', 'X_3', '*', 'X_0', '*', 'C', '-', 'X_2', '/', 'X_2', ')', '-', 'X_1', '*', 'C', '/', 'C', '*', 'X_2', ')']","[np.float64(-5.0), np.float64(2.754631936804654), np.float64(-2.8742302704636913), np.float64(0.1832967844975042), np.float64(-0.8324532124531032), np.float64(1.4408657135582432)]",E_n = mom*sqrt(Bx**2+By**2+Bz**2),"['X_0', '*', 'sqrt', '(', 'X_1', '^2', '+', 'X_2', '^2', '+', 'X_3', '^2', ')']",4,10000,(C*X_0^2)/((C*X_0)/X_3-1)+(C*X_1)*X_2
III.10.19,1,MC,N/A,1.5232516529700937,False,(X_0*C-C)*((C+X_3+X_1/X_1))+(X_2+C*X_1-C/C-X_1),"['(', 'X_0', '*', 'C', '-', 'C', ')', '*', '(', '(', 'C', '+', 'X_3', '+', 'X_1', '/', 'X_1', ')', ')', '+', '(', 'X_2', '+', 'C', '*', 'X_1', '-', 'C', '/', 'C', '-', 'X_1', ')']","[np.float64(0.8344406476591035), np.float64(0.9828238220626406), np.float64(2.521157749233788), np.float64(2.4798254878114525), np.float64(-4.910504115162631), np.float64(-5.0)]",E_n = mom*sqrt(Bx**2+By**2+Bz**2),"['X_0', '*', 'sqrt', '(', 'X_1', '^2', '+', 'X_2', '^2', '+', 'X_3', '^2', ')']",4,10000,((((((C*X_0)*X_3+C*X_0)+C*X_1)+C*X_3)+C)+-1*X_1)+X_2
III.10.19,2,MC,N/A,1.9774159880805375,False,X_2/X_3-C*(C*X_3*X_1-X_0-X_1/C/C-C/X_2)+C/X_1*X_1,"['X_2', '/', 'X_3', '-', 'C', '*', '(', 'C', '*', 'X_3', '*', 'X_1', '-', 'X_0', '-', 'X_1', '/', 'C', '/', 'C', '-', 'C', '/', 'X_2', ')', '+', 'C', '/', 'X_1', '*', 'X_1']","[np.float64(5.0), np.float64(-0.12114422521646073), np.float64(4.90867405708824), np.float64(-4.796588147199275), np.float64(-1.3382468068573392), np.float64(-2.0010430476431247)]",E_n = mom*sqrt(Bx**2+By**2+Bz**2),"['X_0', '*', 'sqrt', '(', 'X_1', '^2', '+', 'X_2', '^2', '+', 'X_3', '^2', ')']",4,10000,((((C*X_0+(C*X_1)*X_3)+C*X_1)+C)+C/X_2)+X_2/X_3
III.12.43,0,GRAMS-PUCT,BIC,3.794244668518875e-08,True,X_1*X_0*C,"['X_1', '*', 'X_0', '*', 'C']",[np.float64(0.15915493938448075)],L = n*(h/(2*pi)),"['X_0', '*', '(', 'X_1', '/', '(', '2', '*', 'pi', ')', ')']",2,192,(C*X_0)*X_1
III.12.43,1,GRAMS-PUCT,BIC,2.8850115769563473e-08,True,X_1*X_0*(C+(C)),"['X_1', '*', 'X_0', '*', '(', 'C', '+', '(', 'C', ')', ')']","[np.float64(1.0269411895087954), np.float64(-0.8677862492358891)]",L = n*(h/(2*pi)),"['X_0', '*', '(', 'X_1', '/', '(', '2', '*', 'pi', ')', ')']",2,71,(C*X_0)*X_1
III.12.43,2,GRAMS-PUCT,BIC,8.816248044088881e-09,True,X_0*C*X_1,"['X_0', '*', 'C', '*', 'X_1']",[np.float64(0.15915494223044624)],L = n*(h/(2*pi)),"['X_0', '*', '(', 'X_1', '/', '(', '2', '*', 'pi', ')', ')']",2,66,(C*X_0)*X_1
III.12.43,0,GRAMS-PUCT,RMSE,3.895636058184997e-10,True,X_1*X_0*C/C/(C/(C*C))/C,"['X_1', '*', 'X_0', '*', 'C', '/', 'C', '/', '(', 'C', '/', '(', 'C', '*', 'C', ')', ')', '/', 'C']","[np.float64(0.8627854913243826), np.float64(3.720149612448409), np.float64(3.7746075624719757), np.float64(3.7344543731990094), np.float64(-3.280784761485069), np.float64(-4.729937330111571)]",L = n*(h/(2*pi)),"['X_0', '*', '(', 'X_1', '/', '(', '2', '*', 'pi', ')', ')']",2,346,(C*X_0)*X_1
III.12.43,1,GRAMS-PUCT,RMSE,6.187229766588232e-08,True,X_0*C/C*C*X_1,"['X_0', '*', 'C', '/', 'C', '*', 'C', '*', 'X_1']","[np.float64(-2.116551344774763), np.float64(-1.463540154066192), np.float64(0.11005149563705185)]",L = n*(h/(2*pi)),"['X_0', '*', '(', 'X_1', '/', '(', '2', '*', 'pi', ')', ')']",2,250,(C*X_0)*X_1
III.12.43,2,GRAMS-PUCT,RMSE,2.5703986731229466e-09,True,X_0/C/C*X_1,"['X_0', '/', 'C', '/', 'C', '*', 'X_1']","[np.float64(2.824156240746346), np.float64(2.224800882689058)]",L = n*(h/(2*pi)),"['X_0', '*', '(', 'X_1', '/', '(', '2', '*', 'pi', ')', ')']",2,78,(C*X_0)*X_1
III.12.43,0,GRAMS-UCT,BIC,5.065839311795968e-08,True,X_0*X_1*C,"['X_0', '*', 'X_1', '*', 'C']",[np.float64(0.15915493814198614)],L = n*(h/(2*pi)),"['X_0', '*', '(', 'X_1', '/', '(', '2', '*', 'pi', ')', ')']",2,152,(C*X_0)*X_1
III.12.43,1,GRAMS-UCT,BIC,5.1171032634222324e-08,True,X_1*C*X_0-X_0+X_0,"['X_1', '*', 'C', '*', 'X_0', '-', 'X_0', '+', 'X_0']",[np.float64(0.15915493809189535)],L = n*(h/(2*pi)),"['X_0', '*', '(', 'X_1', '/', '(', '2', '*', 'pi', ')', ')']",2,460,(C*X_0)*X_1
III.12.43,2,GRAMS-UCT,BIC,7.207446947288165e-08,True,C*X_1*C*X_0*C,"['C', '*', 'X_1', '*', 'C', '*', 'X_0', '*', 'C']","[np.float64(1.0465793852984755), np.float64(-1.5842199608060548), np.float64(-0.09599143713630057)]",L = n*(h/(2*pi)),"['X_0', '*', '(', 'X_1', '/', '(', '2', '*', 'pi', ')', ')']",2,194,(C*X_0)*X_1
III.12.43,0,GRAMS-UCT,RMSE,2.3240992612384605e-08,True,X_1/(C+(C-C))*(X_0)-X_1+X_1,"['X_1', '/', '(', 'C', '+', '(', 'C', '-', 'C', ')', ')', '*', '(', 'X_0', ')', '-', 'X_1', '+', 'X_1']","[np.float64(1.7065744593059324), np.float64(1.7708824880133716), np.float64(-2.8057282702082316)]",L = n*(h/(2*pi)),"['X_0', '*', '(', 'X_1', '/', '(', '2', '*', 'pi', ')', ')']",2,926,(C*X_0)*X_1
III.12.43,1,GRAMS-UCT,RMSE,1.493747395853298e-08,True,C*X_0*X_1*C,"['C', '*', 'X_0', '*', 'X_1', '*', 'C']","[np.float64(0.5265485690319752), np.float64(0.3022607048860236)]",L = n*(h/(2*pi)),"['X_0', '*', '(', 'X_1', '/', '(', '2', '*', 'pi', ')', ')']",2,96,(C*X_0)*X_1
III.12.43,2,GRAMS-UCT,RMSE,3.1236344015265783e-08,True,C*X_1*X_0,"['C', '*', 'X_1', '*', 'X_0']",[np.float64(0.1591549400397443)],L = n*(h/(2*pi)),"['X_0', '*', '(', 'X_1', '/', '(', '2', '*', 'pi', ')', ')']",2,87,(C*X_0)*X_1
III.12.43,0,MC,N/A,1.4282623660793348e-08,True,X_1*X_0*C,"['X_1', '*', 'X_0', '*', 'C']",[np.float64(0.1591549416963183)],L = n*(h/(2*pi)),"['X_0', '*', '(', 'X_1', '/', '(', '2', '*', 'pi', ')', ')']",2,58,(C*X_0)*X_1
III.12.43,1,MC,N/A,5.163674553280542e-09,True,C*X_0/C/C*C*X_1/C/C*X_1/X_1/C,"['C', '*', 'X_0', '/', 'C', '/', 'C', '*', 'C', '*', 'X_1', '/', 'C', '/', 'C', '*', 'X_1', '/', 'X_1', '/', 'C']","[np.float64(-2.6646675095429395), np.float64(4.5523961816292235), np.float64(-1.3635844437833045), np.float64(-3.0971629177614908), np.float64(-1.4818930689566676), np.float64(2.138985483810391), np.float64(2.6353612431021647)]",L = n*(h/(2*pi)),"['X_0', '*', '(', 'X_1', '/', '(', '2', '*', 'pi', ')', ')']",2,560,(C*X_0)*X_1
III.12.43,2,MC,N/A,6.996133764025113e-09,True,X_0*(X_1*C),"['X_0', '*', '(', 'X_1', '*', 'C', ')']",[np.float64(0.1591549424082924)],L = n*(h/(2*pi)),"['X_0', '*', '(', 'X_1', '/', '(', '2', '*', 'pi', ')', ')']",2,488,(C*X_0)*X_1
III.13.18,0,GRAMS-PUCT,BIC,204.14466496908804,False,X_3+C+(X_2*C*X_0*C+C/X_3/X_3)*(X_1-C)/(C),"['X_3', '+', 'C', '+', '(', 'X_2', '*', 'C', '*', 'X_0', '*', 'C', '+', 'C', '/', 'X_3', '/', 'X_3', ')', '*', '(', 'X_1', '-', 'C', ')', '/', '(', 'C', ')']","[np.float64(3.31928361692585), np.float64(4.0140691350442985), np.float64(-0.04376940705760907), np.float64(-4.036197193374542), np.float64(1.2725671730157841), np.float64(-0.00822026289412628)]",v = 2*E_n*d**2*k/(h/(2*pi)),"['2', '*', 'X_0', '*', 'X_1', '^2', '*', 'X_2', '/', '(', 'X_3', '/', '(', '2', '*', 'pi', ')', ')']",4,10000,((((((C*X_0)*X_1)*X_2+(C*X_0)*X_2)+(C*X_1)/X_3^2)+C)+C/X_3^2)+X_3
III.13.18,1,GRAMS-PUCT,BIC,298.86437125600565,False,X_1*C/C*X_0/X_3,"['X_1', '*', 'C', '/', 'C', '*', 'X_0', '/', 'X_3']","[np.float64(-5.0), np.float64(-0.03578927929203213)]",v = 2*E_n*d**2*k/(h/(2*pi)),"['2', '*', 'X_0', '*', 'X_1', '^2', '*', 'X_2', '/', '(', 'X_3', '/', '(', '2', '*', 'pi', ')', ')']",4,10000,((C*X_0)*X_1)/X_3
III.13.18,2,GRAMS-PUCT,BIC,172.69135152472012,False,(X_2/X_3*C*C)/C*X_0*X_1,"['(', 'X_2', '/', 'X_3', '*', 'C', '*', 'C', ')', '/', 'C', '*', 'X_0', '*', 'X_1']","[np.float64(2.524038287326499), np.float64(4.989678100253854), np.float64(0.2688878666496128)]",v = 2*E_n*d**2*k/(h/(2*pi)),"['2', '*', 'X_0', '*', 'X_1', '^2', '*', 'X_2', '/', '(', 'X_3', '/', '(', '2', '*', 'pi', ')', ')']",4,10000,(((C*X_0)*X_1)*X_2)/X_3
III.13.18,0,GRAMS-PUCT,RMSE,274.74570530476944,False,C*exp(C+C*C*X_1+(C*X_3)/X_0),"['C', '*', 'exp', '(', 'C', '+', 'C', '*', 'C', '*', 'X_1', '+', '(', 'C', '*', 'X_3', ')', '/', 'X_0', ')']","[np.float64(4.397590873497349), np.float64(4.063425904241533), np.float64(-4.545713430007907), np.float64(-0.12687037210312666), np.float64(-1.4802616278614933)]",v = 2*E_n*d**2*k/(h/(2*pi)),"['2', '*', 'X_0', '*', 'X_1', '^2', '*', 'X_2', '/', '(', 'X_3', '/', '(', '2', '*', 'pi', ')', ')']",4,10000,(C*exp(C*X_1))*exp((C*X_3)/X_0)
III.13.18,1,GRAMS-PUCT,RMSE,175.77643918082157,False,X_3-X_3+(C)*(C*X_3+X_2*X_0)*(X_2/(X_0)-(X_1-C)*C+C+X_1/X_3)*C*C*C,"['X_3', '-', 'X_3', '+', '(', 'C', ')', '*', '(', 'C', '*', 'X_3', '+', 'X_2', '*', 'X_0', ')', '*', '(', 'X_2', '/', '(', 'X_0', ')', '-', '(', 'X_1', '-', 'C', ')', '*', 'C', '+', 'C', '+', 'X_1', '/', 'X_3', ')', '*', 'C', '*', 'C', '*', 'C']","[np.float64(5.0), np.float64(-0.8063356732669703), np.float64(4.999995588838881), np.float64(-0.7651524114339865), np.float64(1.2352734857698118), np.float64(1.6294192118582829), np.float64(-1.6114443473885554), np.float64(-2.407682527480692)]",v = 2*E_n*d**2*k/(h/(2*pi)),"['2', '*', 'X_0', '*', 'X_1', '^2', '*', 'X_2', '/', '(', 'X_3', '/', '(', '2', '*', 'pi', ')', ')']",4,10000,((((((((C*X_0)*X_1)*X_2+(((C*X_0)*X_1)*X_2)/X_3)+((2*C)*X_0)*X_2)+(C*X_1)*X_3)+C*X_1)+C*X_2^2)+(2*C)*X_3)+((C*X_2)*X_3)/X_0
III.13.18,2,GRAMS-PUCT,RMSE,223.08231092476322,False,X_2/C-(X_1*sin(C)/X_3)*X_2*X_1*(C/C-C/X_2*X_3*X_0),"['X_2', '/', 'C', '-', '(', 'X_1', '*', 'sin', '(', 'C', ')', '/', 'X_3', ')', '*', 'X_2', '*', 'X_1', '*', '(', 'C', '/', 'C', '-', 'C', '/', 'X_2', '*', 'X_3', '*', 'X_0', ')']","[np.float64(-4.999553397393407), np.float64(-4.711043789243294), np.float64(4.987414473704689), np.float64(-0.17782271962226337), np.float64(5.0)]",v = 2*E_n*d**2*k/(h/(2*pi)),"['2', '*', 'X_0', '*', 'X_1', '^2', '*', 'X_2', '/', '(', 'X_3', '/', '(', '2', '*', 'pi', ')', ')']",4,10000,((C*X_0)*X_1^2+((C*X_1^2)*X_2)/X_3)+C*X_2
III.13.18,0,GRAMS-UCT,BIC,171.64196884807762,False,X_0/X_3/X_2*X_2*(C)*X_1*X_2/C*C-C,"['X_0', '/', 'X_3', '/', 'X_2', '*', 'X_2', '*', '(', 'C', ')', '*', 'X_1', '*', 'X_2', '/', 'C', '*', 'C', '-', 'C']","[np.float64(-4.90270369814282), np.float64(-0.35134607965228976), np.float64(3.372988876192792), np.float64(4.520546851870661)]",v = 2*E_n*d**2*k/(h/(2*pi)),"['2', '*', 'X_0', '*', 'X_1', '^2', '*', 'X_2', '/', '(', 'X_3', '/', '(', '2', '*', 'pi', ')', ')']",4,10000,(((C*X_0)*X_1)*X_2)/X_3+C
III.13.18,1,GRAMS-UCT,BIC,107.25367829243054,False,exp((C/X_2+C+C*sqrt(X_3*X_0)+C*X_1+C*C)*C-X_0*X_0/X_0*C),"['exp', '(', '(', 'C', '/', 'X_2', '+', 'C', '+', 'C', '*', 'sqrt', '(', 'X_3', '*', 'X_0', ')', '+', 'C', '*', 'X_1', '+', 'C', '*', 'C', ')', '*', 'C', '-', 'X_0', '*', 'X_0', '/', 'X_0', '*', 'C', ')']","[np.float64(-2.0425271225045925), np.float64(2.682106530092395), np.float64(-0.5218365327077307), np.float64(0.4391067460829409), np.float64(-0.4963822962966788), np.float64(-2.6031785595892405), np.float64(1.3137679180964008), np.float64(-0.6018736063525992)]",v = 2*E_n*d**2*k/(h/(2*pi)),"['2', '*', 'X_0', '*', 'X_1', '^2', '*', 'X_2', '/', '(', 'X_3', '/', '(', '2', '*', 'pi', ')', ')']",4,10000,(((C*exp(C*X_0))*exp(C*X_1))*exp(C/X_2))*exp(C*(X_0*X_3)^0.5)
III.13.18,2,GRAMS-UCT,BIC,172.6913515247216,False,X_0/X_3*C*X_2/C*(X_1*C),"['X_0', '/', 'X_3', '*', 'C', '*', 'X_2', '/', 'C', '*', '(', 'X_1', '*', 'C', ')']","[np.float64(1.7725967549299535), np.float64(-0.17410091217537904), np.float64(-4.600323163472717)]",v = 2*E_n*d**2*k/(h/(2*pi)),"['2', '*', 'X_0', '*', 'X_1', '^2', '*', 'X_2', '/', '(', 'X_3', '/', '(', '2', '*', 'pi', ')', ')']",4,10000,(((C*X_0)*X_1)*X_2)/X_3
III.13.18,0,GRAMS-UCT,RMSE,172.11070579136648,False,(X_0)/X_3*X_1*C/exp(C-X_1/X_1/X_0*C-C-C)*X_2/C/C-X_3,"['(', 'X_0', ')', '/', 'X_3', '*', 'X_1', '*', 'C', '/', 'exp', '(', 'C', '-', 'X_1', '/', 'X_1', '/', 'X_0', '*', 'C', '-', 'C', '-', 'C', ')', '*', 'X_2', '/', 'C', '/', 'C', '-', 'X_3']","[np.float64(0.9404680877953899), np.float64(-1.7425763438436948), np.float64(0.043482136711456836), np.float64(4.0332434137264475), np.float64(0.7197140409659651), np.float64(3.2640312955232686), np.float64(4.114800020419713)]",v = 2*E_n*d**2*k/(h/(2*pi)),"['2', '*', 'X_0', '*', 'X_1', '^2', '*', 'X_2', '/', '(', 'X_3', '/', '(', '2', '*', 'pi', ')', ')']",4,10000,((((C*X_0)*X_1)*X_2)*exp(C/X_0))/X_3-X_3
III.13.18,1,GRAMS-UCT,RMSE,172.69135152473,False,X_0*((C-C*(C)))/C*X_2/(X_3)*X_1,"['X_0', '*', '(', '(', 'C', '-', 'C', '*', '(', 'C', ')', ')', ')', '/', 'C', '*', 'X_2', '/', '(', 'X_3', ')', '*', 'X_1']","[np.float64(-0.7191662663047429), np.float64(2.199194371986259), np.float64(-2.9478329703516675), np.float64(0.12305617846501132)]",v = 2*E_n*d**2*k/(h/(2*pi)),"['2', '*', 'X_0', '*', 'X_1', '^2', '*', 'X_2', '/', '(', 'X_3', '/', '(', '2', '*', 'pi', ')', ')']",4,10000,(((C*X_0)*X_1)*X_2)/X_3
III.13.18,2,GRAMS-UCT,RMSE,172.3030004586195,False,C/X_3*(X_1*C*X_2*X_0)*X_3/X_3/C-C-C,"['C', '/', 'X_3', '*', '(', 'X_1', '*', 'C', '*', 'X_2', '*', 'X_0', ')', '*', 'X_3', '/', 'X_3', '/', 'C', '-', 'C', '-', 'C']","[np.float64(-5.0), np.float64(4.998888100874608), np.float64(-0.5327468922678386), np.float64(-0.9613865518675832), np.float64(2.6104954552588224)]",v = 2*E_n*d**2*k/(h/(2*pi)),"['2', '*', 'X_0', '*', 'X_1', '^2', '*', 'X_2', '/', '(', 'X_3', '/', '(', '2', '*', 'pi', ')', ')']",4,10000,(((C*X_0)*X_1)*X_2)/X_3+C
III.13.18,0,MC,N/A,185.35711540784663,False,(C/X_1*C/X_2/C+C)*X_0/exp(X_3*C+X_3)/C*C*(X_1),"['(', 'C', '/', 'X_1', '*', 'C', '/', 'X_2', '/', 'C', '+', 'C', ')', '*', 'X_0', '/', 'exp', '(', 'X_3', '*', 'C', '+', 'X_3', ')', '/', 'C', '*', 'C', '*', '(', 'X_1', ')']","[np.float64(3.4898893921890655), np.float64(1.201726454421552), np.float64(-0.3395866290151784), np.float64(3.9525108139104925), np.float64(-0.5691097582609406), np.float64(0.06871894266711157), np.float64(4.999999634169809)]",v = 2*E_n*d**2*k/(h/(2*pi)),"['2', '*', 'X_0', '*', 'X_1', '^2', '*', 'X_2', '/', '(', 'X_3', '/', '(', '2', '*', 'pi', ')', ')']",4,10000,(((C*X_0)*X_1)*exp(-1*X_3))*exp(C*X_3)+(((C*X_0)*exp(-1*X_3))*exp(C*X_3))/X_2
III.13.18,1,MC,N/A,3.8105057702577667e-06,False,(X_2*((C*(X_0)-X_0*X_1*C-C))/C*X_1)*C/X_3,"['(', 'X_2', '*', '(', '(', 'C', '*', '(', 'X_0', ')', '-', 'X_0', '*', 'X_1', '*', 'C', '-', 'C', ')', ')', '/', 'C', '*', 'X_1', ')', '*', 'C', '/', 'X_3']","[np.float64(-3.177890887795042e-08), np.float64(-4.9996546084091245), np.float64(2.7911119094163683e-07), np.float64(-1.9892386841488965), np.float64(-4.9998474940482485)]",v = 2*E_n*d**2*k/(h/(2*pi)),"['2', '*', 'X_0', '*', 'X_1', '^2', '*', 'X_2', '/', '(', 'X_3', '/', '(', '2', '*', 'pi', ')', ')']",4,10000,((((C*X_0)*X_1^2)*X_2)/X_3+(((C*X_0)*X_1)*X_2)/X_3)+((C*X_1)*X_2)/X_3
III.13.18,2,MC,N/A,291.5191315105547,False,C*X_2-(cos(X_1/C/C/X_2*C)/C*X_0+C*X_2/X_3)*(C)*(X_0)*X_1+C/X_1,"['C', '*', 'X_2', '-', '(', 'cos', '(', 'X_1', '/', 'C', '/', 'C', '/', 'X_2', '*', 'C', ')', '/', 'C', '*', 'X_0', '+', 'C', '*', 'X_2', '/', 'X_3', ')', '*', '(', 'C', ')', '*', '(', 'X_0', ')', '*', 'X_1', '+', 'C', '/', 'X_1']","[np.float64(5.0), np.float64(-2.3262511406748803), np.float64(0.8575363873961477), np.float64(-4.709197372766623), np.float64(-0.7060278228927626), np.float64(5.0), np.float64(-5.0), np.float64(4.4932663181235535)]",v = 2*E_n*d**2*k/(h/(2*pi)),"['2', '*', 'X_0', '*', 'X_1', '^2', '*', 'X_2', '/', '(', 'X_3', '/', '(', '2', '*', 'pi', ')', ')']",4,10000,((((C*X_0^2)*X_1)*cos((C*X_1)/X_2)+(((C*X_0)*X_1)*X_2)/X_3)+C*X_2)+C/X_1
III.14.14,0,GRAMS-PUCT,BIC,1.8533681971975609,False,((X_0)/C*C*X_1/((X_2*X_2*X_2)/X_2-C*X_4*X_3/C))*sqrt(X_3-sqrt(C)/(X_0+C-C)+X_1*X_1),"['(', '(', 'X_0', ')', '/', 'C', '*', 'C', '*', 'X_1', '/', '(', '(', 'X_2', '*', 'X_2', '*', 'X_2', ')', '/', 'X_2', '-', 'C', '*', 'X_4', '*', 'X_3', '/', 'C', ')', ')', '*', 'sqrt', '(', 'X_3', '-', 'sqrt', '(', 'C', ')', '/', '(', 'X_0', '+', 'C', '-', 'C', ')', '+', 'X_1', '*', 'X_1', ')']","[np.float64(1.0222038062205652), np.float64(-4.736497808692984), np.float64(4.999996785794236), np.float64(1.2564849813055918), np.float64(2.6053805955608684), np.float64(0.9920805997475456), np.float64(-4.071569464828002)]",I = I_0*(exp(q*Volt/(kb*T))-1),"['X_0', '*', '(', 'exp', '(', 'X_1', '*', 'X_2', '/', '(', 'X_3', '*', 'X_4', ')', ')', '-', '1', ')']",5,10000,(((C*X_0)*X_1)*((C/(C+X_0)+X_1^2)+X_3)^0.5)/((C*X_3)*X_4+X_2^2)
III.14.14,1,GRAMS-PUCT,BIC,3.7694472599342865,False,(X_0/X_3/sin(X_4-C-X_2-C*X_4*X_2*X_2/X_1)*(C/(X_1/C-C-X_4)-C/C)),"['(', 'X_0', '/', 'X_3', '/', 'sin', '(', 'X_4', '-', 'C', '-', 'X_2', '-', 'C', '*', 'X_4', '*', 'X_2', '*', 'X_2', '/', 'X_1', ')', '*', '(', 'C', '/', '(', 'X_1', '/', 'C', '-', 'C', '-', 'X_4', ')', '-', 'C', '/', 'C', ')', ')']","[np.float64(-0.6429985604231481), np.float64(-0.19749238407819572), np.float64(-4.952894710413633), np.float64(-5.0), np.float64(3.5693397197206536), np.float64(4.9884249590728205), np.float64(-2.8139319223302715)]",I = I_0*(exp(q*Volt/(kb*T))-1),"['X_0', '*', '(', 'exp', '(', 'X_1', '*', 'X_2', '/', '(', 'X_3', '*', 'X_4', ')', ')', '-', '1', ')']",5,10000,(C*X_0)/((((C*X_1)*X_3)*sin(((C+((C*X_2^2)*X_4)/X_1)+X_2)+-1*X_4)+(C*X_3)*sin(((C+((C*X_2^2)*X_4)/X_1)+X_2)+-1*X_4))+-1*((X_3*X_4)*sin(((C+((C*X_2^2)*X_4)/X_1)+X_2)+-1*X_4)))+(C*X_0)/(X_3*sin(((C+((C*X_2^2)*X_4)/X_1)+X_2)+-1*X_4))
III.14.14,2,GRAMS-PUCT,BIC,3.9412305558364435,False,C/exp(C/(X_3)-X_2/(X_4)-(X_2))*X_1-C+C/X_0,"['C', '/', 'exp', '(', 'C', '/', '(', 'X_3', ')', '-', 'X_2', '/', '(', 'X_4', ')', '-', '(', 'X_2', ')', ')', '*', 'X_1', '-', 'C', '+', 'C', '/', 'X_0']","[np.float64(0.0491324958704163), np.float64(-2.6105466117535086), np.float64(-1.8286832769636427), np.float64(-5.0)]",I = I_0*(exp(q*Volt/(kb*T))-1),"['X_0', '*', '(', 'exp', '(', 'X_1', '*', 'X_2', '/', '(', 'X_3', '*', 'X_4', ')', ')', '-', '1', ')']",5,10000,((((C*X_1)*exp(X_2))*exp(C/X_3))*exp(X_2/X_4)+C)+C/X_0
III.14.14,0,GRAMS-PUCT,RMSE,3.1603932439068196,False,exp(C+C/X_2-X_3+X_2/(C+C)*X_1/X_4)+C*X_2-C+X_1+X_0,"['exp', '(', 'C', '+', 'C', '/', 'X_2', '-', 'X_3', '+', 'X_2', '/', '(', 'C', '+', 'C', ')', '*', 'X_1', '/', 'X_4', ')', '+', 'C', '*', 'X_2', '-', 'C', '+', 'X_1', '+', 'X_0']","[np.float64(3.058017169333388), np.float64(-0.9284669148034933), np.float64(4.040023109469231), np.float64(-2.683952343146803), np.float64(-3.5894148273612387), np.float64(1.5427427949068786)]",I = I_0*(exp(q*Volt/(kb*T))-1),"['X_0', '*', '(', 'exp', '(', 'X_1', '*', 'X_2', '/', '(', 'X_3', '*', 'X_4', ')', ')', '-', '1', ')']",5,10000,(((C*X_2+C)+((C*exp(-1*X_3))*exp(C/X_2))*exp(((C*X_1)*X_2)/X_4))+X_0)+X_1
III.14.14,1,GRAMS-PUCT,RMSE,3.9535431354242556,False,((C)*(X_0)/X_4/(X_3*X_4/C/X_2-C)-C*C+cos(X_0)),"['(', '(', 'C', ')', '*', '(', 'X_0', ')', '/', 'X_4', '/', '(', 'X_3', '*', 'X_4', '/', 'C', '/', 'X_2', '-', 'C', ')', '-', 'C', '*', 'C', '+', 'cos', '(', 'X_0', ')', ')']","[np.float64(-2.9589043903767767), np.float64(-0.8707736471744306), np.float64(-0.46414817620954235), np.float64(0.4360589611764296), np.float64(-2.3769804623523916)]",I = I_0*(exp(q*Volt/(kb*T))-1),"['X_0', '*', '(', 'exp', '(', 'X_1', '*', 'X_2', '/', '(', 'X_3', '*', 'X_4', ')', ')', '-', '1', ')']",5,10000,((C*X_0)/(C*X_4+((C*X_3)*X_4^2)/X_2)+C)+cos(X_0)
III.14.14,2,GRAMS-PUCT,RMSE,3.3629993971412757,False,X_1+C/sqrt((X_1))/X_1+X_1+(exp(C*(X_4*X_3/X_1/C*(C-C)*sqrt(C)+X_2-X_3/C/X_0)))*X_2,"['X_1', '+', 'C', '/', 'sqrt', '(', '(', 'X_1', ')', ')', '/', 'X_1', '+', 'X_1', '+', '(', 'exp', '(', 'C', '*', '(', 'X_4', '*', 'X_3', '/', 'X_1', '/', 'C', '*', '(', 'C', '-', 'C', ')', '*', 'sqrt', '(', 'C', ')', '+', 'X_2', '-', 'X_3', '/', 'C', '/', 'X_0', ')', ')', ')', '*', 'X_2']","[np.float64(0.8456467520357277), np.float64(2.9513338955881974), np.float64(3.661061863401761), np.float64(-5.0), np.float64(-2.7801482580348766), np.float64(2.70691932242043), np.float64(3.086429192284879)]",I = I_0*(exp(q*Volt/(kb*T))-1),"['X_0', '*', '(', 'exp', '(', 'X_1', '*', 'X_2', '/', '(', 'X_3', '*', 'X_4', ')', ')', '-', '1', ')']",5,10000,(C/X_1^(3/2)+2*X_1)+((X_2*exp(C*X_2))*exp((C*X_3)/X_0))*exp(((C*X_3)*X_4)/X_1)
III.14.14,0,GRAMS-UCT,BIC,4.2736016316406795,False,C/X_3*C*X_4+X_0+(X_3)*sin((C*X_1)+C+X_3*C)/X_3*X_2/C,"['C', '/', 'X_3', '*', 'C', '*', 'X_4', '+', 'X_0', '+', '(', 'X_3', ')', '*', 'sin', '(', '(', 'C', '*', 'X_1', ')', '+', 'C', '+', 'X_3', '*', 'C', ')', '/', 'X_3', '*', 'X_2', '/', 'C']","[np.float64(-4.999999996523225), np.float64(2.0585964860485313), np.float64(-0.004572684031640181), np.float64(3.1278072093897333), np.float64(0.00858147552018831), np.float64(0.0008029299053388385)]",I = I_0*(exp(q*Volt/(kb*T))-1),"['X_0', '*', '(', 'exp', '(', 'X_1', '*', 'X_2', '/', '(', 'X_3', '*', 'X_4', ')', ')', '-', '1', ')']",5,10000,((C*X_2)*sin((C*X_1+C*X_3)+C)+(C*X_4)/X_3)+X_0
III.14.14,1,GRAMS-UCT,BIC,3.975162609700959,False,C+X_4-(C-X_1)*X_2*X_0/X_4+(X_1/C*X_1*X_4+X_3)*C+X_0*C/X_4+X_1/C-exp(C/C/X_3+X_3)-sin(sqrt(X_4))*X_4/X_4,"['C', '+', 'X_4', '-', '(', 'C', '-', 'X_1', ')', '*', 'X_2', '*', 'X_0', '/', 'X_4', '+', '(', 'X_1', '/', 'C', '*', 'X_1', '*', 'X_4', '+', 'X_3', ')', '*', 'C', '+', 'X_0', '*', 'C', '/', 'X_4', '+', 'X_1', '/', 'C', '-', 'exp', '(', 'C', '/', 'C', '/', 'X_3', '+', 'X_3', ')', '-', 'sin', '(', 'sqrt', '(', 'X_4', ')', ')', '*', 'X_4', '/', 'X_4']","[np.float64(-1.2166666027555697), np.float64(-2.5815011714187395), np.float64(-5.0), np.float64(-1.2613975536190594), np.float64(-1.9076909208662194), np.float64(0.25538548873641637), np.float64(-1.9789853835692357), np.float64(-4.943458709178444)]",I = I_0*(exp(q*Volt/(kb*T))-1),"['X_0', '*', '(', 'exp', '(', 'X_1', '*', 'X_2', '/', '(', 'X_3', '*', 'X_4', ')', ')', '-', '1', ')']",5,10000,((((((((((C*X_0)*X_2)/X_4+(C*X_0)/X_4)+(C*X_1^2)*X_4)+C*X_1)+C*X_3)+C)+((X_0*X_1)*X_2)/X_4)+X_4)+-1*(exp(X_3)*exp(C/X_3)))+-1*sin(X_4^0.5)
III.14.14,2,GRAMS-UCT,BIC,3.339745320299936,False,(X_3+sin(C*X_3+C)-X_2-X_1-C*C*X_1)/X_4*X_0*(C/C*C)*C,"['(', 'X_3', '+', 'sin', '(', 'C', '*', 'X_3', '+', 'C', ')', '-', 'X_2', '-', 'X_1', '-', 'C', '*', 'C', '*', 'X_1', ')', '/', 'X_4', '*', 'X_0', '*', '(', 'C', '/', 'C', '*', 'C', ')', '*', 'C']","[np.float64(-1.7548621623138831), np.float64(4.294717737316468), np.float64(2.9258262011050395), np.float64(0.06251315738967812), np.float64(5.0), np.float64(2.33257817291861), np.float64(-0.41572112558724433), np.float64(4.270802782809533)]",I = I_0*(exp(q*Volt/(kb*T))-1),"['X_0', '*', '(', 'exp', '(', 'X_1', '*', 'X_2', '/', '(', 'X_3', '*', 'X_4', ')', ')', '-', '1', ')']",5,10000,(((((2*C)*X_0)*X_1)/X_4+((C*X_0)*X_2)/X_4)+((C*X_0)*X_3)/X_4)+((C*X_0)*sin(C*X_3+C))/X_4
III.14.14,0,GRAMS-UCT,RMSE,4.110399465155042,False,X_1*C*X_2*sin(C/X_3/X_4/C*C*X_2+C)*(X_1)/C*sqrt(C+C),"['X_1', '*', 'C', '*', 'X_2', '*', 'sin', '(', 'C', '/', 'X_3', '/', 'X_4', '/', 'C', '*', 'C', '*', 'X_2', '+', 'C', ')', '*', '(', 'X_1', ')', '/', 'C', '*', 'sqrt', '(', 'C', '+', 'C', ')']","[np.float64(2.058694099047971), np.float64(0.06823907609235902), np.float64(-3.7547085720474715), np.float64(-1.0015197725634855), np.float64(-0.006042414958724164), np.float64(0.012084549304346284), np.float64(-2.629055102620655), np.float64(4.773019966065351)]",I = I_0*(exp(q*Volt/(kb*T))-1),"['X_0', '*', '(', 'exp', '(', 'X_1', '*', 'X_2', '/', '(', 'X_3', '*', 'X_4', ')', ')', '-', '1', ')']",5,10000,((C*X_1^2)*X_2)*sin((C*X_2)/(X_3*X_4)+C)
III.14.14,1,GRAMS-UCT,RMSE,3.4692880213795,False,X_3/X_2*X_3+X_3+X_0*exp(C+C/X_1-X_2*(C/X_1*sin(sin(C)/C-sin(X_0-(X_4-C/X_3))))/X_4)/X_3+C+X_1,"['X_3', '/', 'X_2', '*', 'X_3', '+', 'X_3', '+', 'X_0', '*', 'exp', '(', 'C', '+', 'C', '/', 'X_1', '-', 'X_2', '*', '(', 'C', '/', 'X_1', '*', 'sin', '(', 'sin', '(', 'C', ')', '/', 'C', '-', 'sin', '(', 'X_0', '-', '(', 'X_4', '-', 'C', '/', 'X_3', ')', ')', ')', ')', '/', 'X_4', ')', '/', 'X_3', '+', 'C', '+', 'X_1']","[np.float64(3.2450910288315398), np.float64(-5.0), np.float64(-2.1848027069059244), np.float64(2.637924832604056), np.float64(0.38427122452623247), np.float64(2.8303250412587206), np.float64(-5.0)]",I = I_0*(exp(q*Volt/(kb*T))-1),"['X_0', '*', '(', 'exp', '(', 'X_1', '*', 'X_2', '/', '(', 'X_3', '*', 'X_4', ')', ')', '-', '1', ')']",5,10000,((((((C*X_0)*exp(C/X_1))*exp(((C*X_2)*sin(C+sin((C/X_3+X_0)+-1*X_4)))/(X_1*X_4)))/X_3+C)+X_1)+X_3)+X_3^2/X_2
III.14.14,2,GRAMS-UCT,RMSE,4.035344139863402,False,(X_0-X_2-(X_1*(C)/C*C)*X_2+C/X_4*X_3+(C*C*(X_3))*X_4)/C*X_2,"['(', 'X_0', '-', 'X_2', '-', '(', 'X_1', '*', '(', 'C', ')', '/', 'C', '*', 'C', ')', '*', 'X_2', '+', 'C', '/', 'X_4', '*', 'X_3', '+', '(', 'C', '*', 'C', '*', '(', 'X_3', ')', ')', '*', 'X_4', ')', '/', 'C', '*', 'X_2']","[np.float64(-3.1055679032232337), np.float64(-4.539420391372594), np.float64(-3.1055679281729693), np.float64(0.40782126078511755), np.float64(-1.3716590073413972), np.float64(1.38592020258181), np.float64(0.5757936382689306)]",I = I_0*(exp(q*Volt/(kb*T))-1),"['X_0', '*', '(', 'exp', '(', 'X_1', '*', 'X_2', '/', '(', 'X_3', '*', 'X_4', ')', ')', '-', '1', ')']",5,10000,((((C*X_0)*X_2+(C*X_1)*X_2^2)+C*X_2^2)+((C*X_2)*X_3)*X_4)+((C*X_2)*X_3)/X_4
III.14.14,0,MC,N/A,4.034179229680652,False,C*C+exp(X_1+C*X_1*(C*X_0+X_1*C+C-X_4*C+C-X_1/X_2)),"['C', '*', 'C', '+', 'exp', '(', 'X_1', '+', 'C', '*', 'X_1', '*', '(', 'C', '*', 'X_0', '+', 'X_1', '*', 'C', '+', 'C', '-', 'X_4', '*', 'C', '+', 'C', '-', 'X_1', '/', 'X_2', ')', ')']","[np.float64(0.17502492922215315), np.float64(-3.717447882674285), np.float64(0.9220612718792953), np.float64(0.19241746968723292), np.float64(0.3724777775715756), np.float64(-1.527670080285253), np.float64(0.8490929544005206), np.float64(2.9544113923470667)]",I = I_0*(exp(q*Volt/(kb*T))-1),"['X_0', '*', '(', 'exp', '(', 'X_1', '*', 'X_2', '/', '(', 'X_3', '*', 'X_4', ')', ')', '-', '1', ')']",5,10000,C+((((exp(X_1)*exp(C*X_1))*exp(C*X_1^2))*exp((C*X_0)*X_1))*exp((C*X_1)*X_4))*exp((C*X_1^2)/X_2)
III.14.14,1,MC,N/A,4.21342486904958,False,(C)*(C*X_4+X_2*X_0)*(X_2/(X_0)-(X_1-C)*C+C+X_1/X_4)*C*C*C,"['(', 'C', ')', '*', '(', 'C', '*', 'X_4', '+', 'X_2', '*', 'X_0', ')', '*', '(', 'X_2', '/', '(', 'X_0', ')', '-', '(', 'X_1', '-', 'C', ')', '*', 'C', '+', 'C', '+', 'X_1', '/', 'X_4', ')', '*', 'C', '*', 'C', '*', 'C']","[np.float64(-2.016189005701811), np.float64(-0.967830890903072), np.float64(1.5772449522606375), np.float64(-0.1947828796030899), np.float64(-0.7402353576188058), np.float64(-1.224451521446273), np.float64(-1.0841487378703099), np.float64(-1.0802084487508128)]",I = I_0*(exp(q*Volt/(kb*T))-1),"['X_0', '*', '(', 'exp', '(', 'X_1', '*', 'X_2', '/', '(', 'X_3', '*', 'X_4', ')', ')', '-', '1', ')']",5,10000,((((((((C*X_0)*X_1)*X_2+(((C*X_0)*X_1)*X_2)/X_4)+((2*C)*X_0)*X_2)+(C*X_1)*X_4)+C*X_1)+C*X_2^2)+(2*C)*X_4)+((C*X_2)*X_4)/X_0
III.14.14,2,MC,N/A,4.216776458444688,False,C*C*X_1*exp(exp(C)*C/C/X_3*X_2)+C*X_4/(X_3*C*X_0)-C,"['C', '*', 'C', '*', 'X_1', '*', 'exp', '(', 'exp', '(', 'C', ')', '*', 'C', '/', 'C', '/', 'X_3', '*', 'X_2', ')', '+', 'C', '*', 'X_4', '/', '(', 'X_3', '*', 'C', '*', 'X_0', ')', '-', 'C']","[np.float64(-4.999825060171397), np.float64(-0.5094153736845257), np.float64(-0.1955245310656235), np.float64(-4.999858592481715), np.float64(-3.7560716809614183), np.float64(-4.857178888224548), np.float64(0.36659322421065627), np.float64(0.1386397964794187)]",I = I_0*(exp(q*Volt/(kb*T))-1),"['X_0', '*', '(', 'exp', '(', 'X_1', '*', 'X_2', '/', '(', 'X_3', '*', 'X_4', ')', ')', '-', '1', ')']",5,10000,((C*X_1)*exp((C*X_2)/X_3)+(C*X_4)/(X_0*X_3))+C
III.15.12,0,GRAMS-PUCT,BIC,3.7434126361560325,False,(X_1)*C-X_1+cos(X_2*X_1)*C,"['(', 'X_1', ')', '*', 'C', '-', 'X_1', '+', 'cos', '(', 'X_2', '*', 'X_1', ')', '*', 'C']","[np.float64(2.734834992420603), np.float64(-5.0)]",E_n = 2*U*(1-cos(k*d)),"['2', '*', 'X_0', '*', '(', '1', '-', 'cos', '(', 'X_1', '*', 'X_2', ')', ')']",3,10000,(C*X_1+C*cos(X_1*X_2))+-1*X_1
III.15.12,1,GRAMS-PUCT,BIC,3.7384141914090105,False,C*(X_2/X_2*cos(C)/X_1-cos(C-X_2*X_1))*X_0,"['C', '*', '(', 'X_2', '/', 'X_2', '*', 'cos', '(', 'C', ')', '/', 'X_1', '-', 'cos', '(', 'C', '-', 'X_2', '*', 'X_1', ')', ')', '*', 'X_0']","[np.float64(2.5393322998670773), np.float64(-8.823352803034488e-07), np.float64(0.05143064359821562)]",E_n = 2*U*(1-cos(k*d)),"['2', '*', 'X_0', '*', '(', '1', '-', 'cos', '(', 'X_1', '*', 'X_2', ')', ')']",3,10000,(C*X_0)*cos(C-X_1*X_2)+(C*X_0)/X_1
III.15.12,2,GRAMS-PUCT,BIC,4.406361653246582,False,C-X_0/C/(C+sin(C-X_2*C)/X_1*X_2-C+X_1)/C+(X_1/X_0),"['C', '-', 'X_0', '/', 'C', '/', '(', 'C', '+', 'sin', '(', 'C', '-', 'X_2', '*', 'C', ')', '/', 'X_1', '*', 'X_2', '-', 'C', '+', 'X_1', ')', '/', 'C', '+', '(', 'X_1', '/', 'X_0', ')']","[np.float64(-2.7952401969758567), np.float64(3.4878986942242647), np.float64(3.0943690994047013), np.float64(5.0), np.float64(0.6910711993627401), np.float64(-4.439643117266727), np.float64(-0.010080176031135344)]",E_n = 2*U*(1-cos(k*d)),"['2', '*', 'X_0', '*', '(', '1', '-', 'cos', '(', 'X_1', '*', 'X_2', ')', ')']",3,10000,((C*X_0)/((C+X_1)+(X_2*sin(C*X_2+C))/X_1)+C)+X_1/X_0
III.15.12,0,GRAMS-PUCT,RMSE,2.8764231576293926,False,C-X_1+cos(X_2*X_1)*C+X_2/C*X_0,"['C', '-', 'X_1', '+', 'cos', '(', 'X_2', '*', 'X_1', ')', '*', 'C', '+', 'X_2', '/', 'C', '*', 'X_0']","[np.float64(5.0), np.float64(-5.0), np.float64(2.4115262398244934)]",E_n = 2*U*(1-cos(k*d)),"['2', '*', 'X_0', '*', '(', '1', '-', 'cos', '(', 'X_1', '*', 'X_2', ')', ')']",3,10000,(((C*X_0)*X_2+C*cos(X_1*X_2))+C)+-1*X_1
III.15.12,1,GRAMS-PUCT,RMSE,4.360781360236055,False,X_1/X_0+X_2*X_1*(C/X_1)-X_1*X_1*X_2*X_1/X_1-X_1*C*(X_1*X_2-C)-(C+C-X_0)/C,"['X_1', '/', 'X_0', '+', 'X_2', '*', 'X_1', '*', '(', 'C', '/', 'X_1', ')', '-', 'X_1', '*', 'X_1', '*', 'X_2', '*', 'X_1', '/', 'X_1', '-', 'X_1', '*', 'C', '*', '(', 'X_1', '*', 'X_2', '-', 'C', ')', '-', '(', 'C', '+', 'C', '-', 'X_0', ')', '/', 'C']","[np.float64(-1.6091853945619072), np.float64(-1.1111757557672015), np.float64(2.535196601521441), np.float64(0.8239173094885042), np.float64(-3.6318792895559153), np.float64(0.3908890679924166)]",E_n = 2*U*(1-cos(k*d)),"['2', '*', 'X_0', '*', '(', '1', '-', 'cos', '(', 'X_1', '*', 'X_2', ')', ')']",3,10000,(((((C*X_0+(C*X_1^2)*X_2)+C*X_1)+C*X_2)+C)+-1*(X_1^2*X_2))+X_1/X_0
III.15.12,2,GRAMS-PUCT,RMSE,3.6315360451892786,False,X_0-C*cos(X_2*X_1)/C/C,"['X_0', '-', 'C', '*', 'cos', '(', 'X_2', '*', 'X_1', ')', '/', 'C', '/', 'C']","[np.float64(-5.0), np.float64(0.7576641922397732), np.float64(-1.0553042584551207)]",E_n = 2*U*(1-cos(k*d)),"['2', '*', 'X_0', '*', '(', '1', '-', 'cos', '(', 'X_1', '*', 'X_2', ')', ')']",3,10000,C*cos(X_1*X_2)+X_0
III.15.12,0,GRAMS-UCT,BIC,4.363585693071045,False,C+C*exp(X_1/C-sin((C*X_2-(X_1)/X_0*X_1*X_1/X_2-X_0)/C)*X_0)+X_0,"['C', '+', 'C', '*', 'exp', '(', 'X_1', '/', 'C', '-', 'sin', '(', '(', 'C', '*', 'X_2', '-', '(', 'X_1', ')', '/', 'X_0', '*', 'X_1', '*', 'X_1', '/', 'X_2', '-', 'X_0', ')', '/', 'C', ')', '*', 'X_0', ')', '+', 'X_0']","[np.float64(2.5957423694622745), np.float64(0.20925514589363065), np.float64(-3.5963523338844263), np.float64(-4.216135922137575), np.float64(-2.7295102044222133)]",E_n = 2*U*(1-cos(k*d)),"['2', '*', 'X_0', '*', '(', '1', '-', 'cos', '(', 'X_1', '*', 'X_2', ')', ')']",3,10000,((C*exp(C*X_1))*exp(X_0*sin((C*X_0+(C*X_1^3)/(X_0*X_2))+C*X_2))+C)+X_0
III.15.12,1,GRAMS-UCT,BIC,3.902425955309145,False,C-(X_1-(X_0+cos(C)/X_2/X_2-X_0/C*X_2/X_2)*X_0)*X_0*cos(X_2*X_1),"['C', '-', '(', 'X_1', '-', '(', 'X_0', '+', 'cos', '(', 'C', ')', '/', 'X_2', '/', 'X_2', '-', 'X_0', '/', 'C', '*', 'X_2', '/', 'X_2', ')', '*', 'X_0', ')', '*', 'X_0', '*', 'cos', '(', 'X_2', '*', 'X_1', ')']","[np.float64(5.0), np.float64(4.663685709412565), np.float64(1.0589146236333578)]",E_n = 2*U*(1-cos(k*d)),"['2', '*', 'X_0', '*', '(', '1', '-', 'cos', '(', 'X_1', '*', 'X_2', ')', ')']",3,10000,((((C*X_0^3)*cos(X_1*X_2)+((C*X_0^2)*cos(X_1*X_2))/X_2^2)+C)+X_0^3*cos(X_1*X_2))+-1*((X_0*X_1)*cos(X_1*X_2))
III.15.12,2,GRAMS-UCT,BIC,2.9361175979490546,False,C/X_1-C/C*sin(C+X_2*X_1)-C,"['C', '/', 'X_1', '-', 'C', '/', 'C', '*', 'sin', '(', 'C', '+', 'X_2', '*', 'X_1', ')', '-', 'C']","[np.float64(2.0023782210908534), np.float64(4.797874217344748), np.float64(-0.8041325044446462), np.float64(-1.5764254135934885), np.float64(-5.0)]",E_n = 2*U*(1-cos(k*d)),"['2', '*', 'X_0', '*', '(', '1', '-', 'cos', '(', 'X_1', '*', 'X_2', ')', ')']",3,10000,(C*sin(C+X_1*X_2)+C)+C/X_1
III.15.12,0,GRAMS-UCT,RMSE,3.6706897662630302,False,C*(C)/(X_2/X_1)/C*X_0+cos(sin(C)+X_1*X_2+C)*X_2+X_2,"['C', '*', '(', 'C', ')', '/', '(', 'X_2', '/', 'X_1', ')', '/', 'C', '*', 'X_0', '+', 'cos', '(', 'sin', '(', 'C', ')', '+', 'X_1', '*', 'X_2', '+', 'C', ')', '*', 'X_2', '+', 'X_2']","[np.float64(4.487713770100921), np.float64(0.11276118685451807), np.float64(0.6639630830527784), np.float64(0.2499857535041732), np.float64(-3.399749160951688)]",E_n = 2*U*(1-cos(k*d)),"['2', '*', 'X_0', '*', '(', '1', '-', 'cos', '(', 'X_1', '*', 'X_2', ')', ')']",3,10000,(((C*X_0)*X_1)/X_2+X_2*cos(C+X_1*X_2))+X_2
III.15.12,1,GRAMS-UCT,RMSE,1.476977407818882,False,X_0*C/(C+sin((X_0/C+sin(X_2*X_1+C+C)/C))-X_0+X_0-C),"['X_0', '*', 'C', '/', '(', 'C', '+', 'sin', '(', '(', 'X_0', '/', 'C', '+', 'sin', '(', 'X_2', '*', 'X_1', '+', 'C', '+', 'C', ')', '/', 'C', ')', ')', '-', 'X_0', '+', 'X_0', '-', 'C', ')']","[np.float64(-0.9711518672766973), np.float64(0.4420652466369438), np.float64(5.0), np.float64(3.495538724339613), np.float64(-1.923329091159877), np.float64(-1.0551258100762937), np.float64(1.692184750567664)]",E_n = 2*U*(1-cos(k*d)),"['2', '*', 'X_0', '*', '(', '1', '-', 'cos', '(', 'X_1', '*', 'X_2', ')', ')']",3,10000,(C*X_0)/(C+sin(C*X_0+C*sin(C+X_1*X_2)))
III.15.12,2,GRAMS-UCT,RMSE,2.1862002479812648,False,X_2+(X_0-X_1+C/X_1/C)-cos(X_2*X_1)*C*C+C+X_1/(X_2)+C,"['X_2', '+', '(', 'X_0', '-', 'X_1', '+', 'C', '/', 'X_1', '/', 'C', ')', '-', 'cos', '(', 'X_2', '*', 'X_1', ')', '*', 'C', '*', 'C', '+', 'C', '+', 'X_1', '/', '(', 'X_2', ')', '+', 'C']","[np.float64(3.670304259921896), np.float64(-1.1119963388185703), np.float64(2.639293755730389), np.float64(2.3419758385469147), np.float64(3.1647802078879033), np.float64(-0.04094931951972748)]",E_n = 2*U*(1-cos(k*d)),"['2', '*', 'X_0', '*', '(', '1', '-', 'cos', '(', 'X_1', '*', 'X_2', ')', ')']",3,10000,(((((C*cos(X_1*X_2)+C)+C/X_1)+X_0)+-1*X_1)+X_1/X_2)+X_2
III.15.12,0,MC,N/A,4.389401455506387,False,C/C/exp(C*((C)-(X_1-sqrt(X_0)+X_2)))+C-X_0*C-X_0,"['C', '/', 'C', '/', 'exp', '(', 'C', '*', '(', '(', 'C', ')', '-', '(', 'X_1', '-', 'sqrt', '(', 'X_0', ')', '+', 'X_2', ')', ')', ')', '+', 'C', '-', 'X_0', '*', 'C', '-', 'X_0']","[np.float64(-3.8730046584383744), np.float64(-2.6007935425552735), np.float64(-0.6468659173842352), np.float64(2.764651289341866), np.float64(-0.45727332010607785), np.float64(-2.9112674962055434)]",E_n = 2*U*(1-cos(k*d)),"['2', '*', 'X_0', '*', '(', '1', '-', 'cos', '(', 'X_1', '*', 'X_2', ')', ')']",3,10000,((C*X_0+((C*exp(C*X_0^0.5))*exp(C*X_1))*exp(C*X_2))+C)+-1*X_0
III.15.12,1,MC,N/A,4.4711464654201745,False,(C*X_1)+C*X_2-X_0*C-C+C,"['(', 'C', '*', 'X_1', ')', '+', 'C', '*', 'X_2', '-', 'X_0', '*', 'C', '-', 'C', '+', 'C']","[np.float64(-0.42181095328898105), np.float64(-0.453289117411779), np.float64(-2.0944328141891164), np.float64(-1.137641907534876), np.float64(1.4469302168218736)]",E_n = 2*U*(1-cos(k*d)),"['2', '*', 'X_0', '*', '(', '1', '-', 'cos', '(', 'X_1', '*', 'X_2', ')', ')']",3,10000,((C*X_0+C*X_1)+C*X_2)+C
III.15.12,2,MC,N/A,4.428113483670824,False,C/C*C*(C/X_2+C)+(X_0+X_0)-X_1/X_2,"['C', '/', 'C', '*', 'C', '*', '(', 'C', '/', 'X_2', '+', 'C', ')', '+', '(', 'X_0', '+', 'X_0', ')', '-', 'X_1', '/', 'X_2']","[np.float64(1.3463417408303289), np.float64(-2.6339870412996778), np.float64(-2.384017036776677), np.float64(4.7346196971764005), np.float64(-0.7175095347281475)]",E_n = 2*U*(1-cos(k*d)),"['2', '*', 'X_0', '*', '(', '1', '-', 'cos', '(', 'X_1', '*', 'X_2', ')', ')']",3,10000,((C+C/X_2)+2*X_0)+-1*(X_1/X_2)
III.15.14,0,GRAMS-PUCT,BIC,0.005478171054223775,False,C+((C*C+X_2)*X_0/C/X_2*(C)-C)/X_1,"['C', '+', '(', '(', 'C', '*', 'C', '+', 'X_2', ')', '*', 'X_0', '/', 'C', '/', 'X_2', '*', '(', 'C', ')', '-', 'C', ')', '/', 'X_1']","[np.float64(-0.0002530158780309343), np.float64(4.862906866241503), np.float64(3.980566447461597), np.float64(-4.999418606615969), np.float64(-0.011033366713283761), np.float64(0.03169405806185562)]",m = (h/(2*pi))**2/(2*E_n*d**2),"['(', 'X_0', '/', '(', '2', '*', 'pi', ')', ')', '^2', '/', '(', '2', '*', 'X_1', '*', 'X_2', '^2', ')']",3,10000,(((C*X_0)/(X_1*X_2)+(C*X_0)/X_1)+C)+C/X_1
III.15.14,1,GRAMS-PUCT,BIC,0.002873870545080115,False,sin((exp(C*C+C*X_2-X_2-(X_2))*(C)+C*X_0)/X_1)/X_2*X_0,"['sin', '(', '(', 'exp', '(', 'C', '*', 'C', '+', 'C', '*', 'X_2', '-', 'X_2', '-', '(', 'X_2', ')', ')', '*', '(', 'C', ')', '+', 'C', '*', 'X_0', ')', '/', 'X_1', ')', '/', 'X_2', '*', 'X_0']","[np.float64(0.7276831303271366), np.float64(-4.749776072881396), np.float64(0.4743093257132567), np.float64(4.5998916386260635), np.float64(0.004402123148454846)]",m = (h/(2*pi))**2/(2*E_n*d**2),"['(', 'X_0', '/', '(', '2', '*', 'pi', ')', ')', '^2', '/', '(', '2', '*', 'X_1', '*', 'X_2', '^2', ')']",3,10000,(X_0*sin((C*X_0)/X_1+((C*exp(-2*X_2))*exp(C*X_2))/X_1))/X_2
III.15.14,2,GRAMS-PUCT,BIC,0.004657504345048896,False,sin(C/C/X_1/X_2*X_0)/X_2+C/X_1,"['sin', '(', 'C', '/', 'C', '/', 'X_1', '/', 'X_2', '*', 'X_0', ')', '/', 'X_2', '+', 'C', '/', 'X_1']","[np.float64(0.2537259412104428), np.float64(4.9905183985057535), np.float64(-0.004323950854199862)]",m = (h/(2*pi))**2/(2*E_n*d**2),"['(', 'X_0', '/', '(', '2', '*', 'pi', ')', ')', '^2', '/', '(', '2', '*', 'X_1', '*', 'X_2', '^2', ')']",3,10000,C/X_1+sin((C*X_0)/(X_1*X_2))/X_2
III.15.14,0,GRAMS-PUCT,RMSE,0.005765753129633696,False,C-C*X_0/(cos(C*C)/X_1-X_2),"['C', '-', 'C', '*', 'X_0', '/', '(', 'cos', '(', 'C', '*', 'C', ')', '/', 'X_1', '-', 'X_2', ')']","[np.float64(-0.008812530969020132), np.float64(0.012800145524955496), np.float64(3.904883646379862), np.float64(-0.13213539499564858)]",m = (h/(2*pi))**2/(2*E_n*d**2),"['(', 'X_0', '/', '(', '2', '*', 'pi', ')', ')', '^2', '/', '(', '2', '*', 'X_1', '*', 'X_2', '^2', ')']",3,10000,(C*X_0)/(C/X_1-X_2)+C
III.15.14,1,GRAMS-PUCT,RMSE,0.005569065262825253,False,C-(C-C+(X_1-C+X_0*C+X_1/C)/X_1/X_2),"['C', '-', '(', 'C', '-', 'C', '+', '(', 'X_1', '-', 'C', '+', 'X_0', '*', 'C', '+', 'X_1', '/', 'C', ')', '/', 'X_1', '/', 'X_2', ')']","[np.float64(-1.6256819810006513), np.float64(-1.2257614405145874), np.float64(0.388350038999793), np.float64(-0.05984555431261042), np.float64(-0.04572061201218752), np.float64(-0.9769634278556744)]",m = (h/(2*pi))**2/(2*E_n*d**2),"['(', 'X_0', '/', '(', '2', '*', 'pi', ')', ')', '^2', '/', '(', '2', '*', 'X_1', '*', 'X_2', '^2', ')']",3,10000,((((C*X_0)/(X_1*X_2)+C)+C/(X_1*X_2))+C/X_2)+-1*(1/X_2)
III.15.14,2,GRAMS-PUCT,RMSE,0.006012143780879694,False,((X_0/X_1)/(X_1*C*C-X_2-X_2)/(C*C/C)+C/C/X_2),"['(', '(', 'X_0', '/', 'X_1', ')', '/', '(', 'X_1', '*', 'C', '*', 'C', '-', 'X_2', '-', 'X_2', ')', '/', '(', 'C', '*', 'C', '/', 'C', ')', '+', 'C', '/', 'C', '/', 'X_2', ')']","[np.float64(-0.0780073276794234), np.float64(-3.7832460712816403), np.float64(4.969076832268288), np.float64(-0.2633133029061906), np.float64(0.0893181946974782), np.float64(-0.1179303619605071), np.float64(4.999829586258191)]",m = (h/(2*pi))**2/(2*E_n*d**2),"['(', 'X_0', '/', '(', '2', '*', 'pi', ')', ')', '^2', '/', '(', '2', '*', 'X_1', '*', 'X_2', '^2', ')']",3,10000,(C*X_0)/(C*X_1^2-(2*X_1)*X_2)+C/X_2
III.15.14,0,GRAMS-UCT,BIC,0.00022861527894178692,False,(X_2*C*C/C-X_0-X_2)/X_2*((X_2/X_0)/C+sin(C)*X_0)/((X_2*C))*C/X_1,"['(', 'X_2', '*', 'C', '*', 'C', '/', 'C', '-', 'X_0', '-', 'X_2', ')', '/', 'X_2', '*', '(', '(', 'X_2', '/', 'X_0', ')', '/', 'C', '+', 'sin', '(', 'C', ')', '*', 'X_0', ')', '/', '(', '(', 'X_2', '*', 'C', ')', ')', '*', 'C', '/', 'X_1']","[np.float64(0.721712998364648), np.float64(4.628547645250779), np.float64(3.7977560915796613), np.float64(4.6298191188232884), np.float64(-2.0838347823837915), np.float64(-4.892047710871031), np.float64(-0.06973677206310543)]",m = (h/(2*pi))**2/(2*E_n*d**2),"['(', 'X_0', '/', '(', '2', '*', 'pi', ')', ')', '^2', '/', '(', '2', '*', 'X_1', '*', 'X_2', '^2', ')']",3,10000,(((C*X_0^2)/(X_1*X_2^2)+((2*C)*X_0)/(X_1*X_2))+C/(X_1*X_2))+(2*C)/(X_0*X_1)
III.15.14,1,GRAMS-UCT,BIC,0.004412218305584092,False,(X_0-X_1+X_2+X_1)*C/C/X_1*X_0/X_2/C*(C*C-X_2)*C,"['(', 'X_0', '-', 'X_1', '+', 'X_2', '+', 'X_1', ')', '*', 'C', '/', 'C', '/', 'X_1', '*', 'X_0', '/', 'X_2', '/', 'C', '*', '(', 'C', '*', 'C', '-', 'X_2', ')', '*', 'C']","[np.float64(-0.020098081714785648), np.float64(-5.0), np.float64(5.0), np.float64(-1.1524995296416163), np.float64(-3.892967813785563), np.float64(2.6755142660166706)]",m = (h/(2*pi))**2/(2*E_n*d**2),"['(', 'X_0', '/', '(', '2', '*', 'pi', ')', ')', '^2', '/', '(', '2', '*', 'X_1', '*', 'X_2', '^2', ')']",3,10000,(((C*X_0^2)/(X_1*X_2)+(C*X_0^2)/X_1)+((C*X_0)*X_2)/X_1)+(C*X_0)/X_1
III.15.14,2,GRAMS-UCT,BIC,0.004875137352334986,False,C*C*sqrt(C/X_2)/X_2/C/(C/X_0*(X_1)*C)-(C)/X_2,"['C', '*', 'C', '*', 'sqrt', '(', 'C', '/', 'X_2', ')', '/', 'X_2', '/', 'C', '/', '(', 'C', '/', 'X_0', '*', '(', 'X_1', ')', '*', 'C', ')', '-', '(', 'C', ')', '/', 'X_2']","[np.float64(3.1144383361190107), np.float64(-0.5688619728695126), np.float64(4.159007014095363), np.float64(-3.700049555466354), np.float64(5.0), np.float64(4.012215889240153), np.float64(0.013009526264821604)]",m = (h/(2*pi))**2/(2*E_n*d**2),"['(', 'X_0', '/', '(', '2', '*', 'pi', ')', ')', '^2', '/', '(', '2', '*', 'X_1', '*', 'X_2', '^2', ')']",3,10000,((C*X_0)*(C/X_2)^0.5)/(X_1*X_2)+C/X_2
III.15.14,0,GRAMS-UCT,RMSE,0.001170605364173043,False,C*(X_0*(X_0)/X_1*C+C*X_2)/X_2*C/X_2,"['C', '*', '(', 'X_0', '*', '(', 'X_0', ')', '/', 'X_1', '*', 'C', '+', 'C', '*', 'X_2', ')', '/', 'X_2', '*', 'C', '/', 'X_2']","[np.float64(-5.0), np.float64(-4.575121857376331), np.float64(1.2357882631714168), np.float64(0.0005777245038626947)]",m = (h/(2*pi))**2/(2*E_n*d**2),"['(', 'X_0', '/', '(', '2', '*', 'pi', ')', ')', '^2', '/', '(', '2', '*', 'X_1', '*', 'X_2', '^2', ')']",3,10000,(C*X_0^2)/(X_1*X_2^2)+C/X_2
III.15.14,1,GRAMS-UCT,RMSE,0.00484825477606214,False,C+(C+(C)/C*X_1*X_2+X_1*C)-C/sqrt(X_2+X_2/exp(((C*X_2+X_0-X_2-X_1/X_2)))),"['C', '+', '(', 'C', '+', '(', 'C', ')', '/', 'C', '*', 'X_1', '*', 'X_2', '+', 'X_1', '*', 'C', ')', '-', 'C', '/', 'sqrt', '(', 'X_2', '+', 'X_2', '/', 'exp', '(', '(', '(', 'C', '*', 'X_2', '+', 'X_0', '-', 'X_2', '-', 'X_1', '/', 'X_2', ')', ')', ')', ')']","[np.float64(-2.845853070014399), np.float64(2.8526175815385098), np.float64(-0.0011644090915962717), np.float64(-4.138224395872217), np.float64(-0.0022990408817852325), np.float64(-0.28273583772551636), np.float64(-2.9098027093239525)]",m = (h/(2*pi))**2/(2*E_n*d**2),"['(', 'X_0', '/', '(', '2', '*', 'pi', ')', ')', '^2', '/', '(', '2', '*', 'X_1', '*', 'X_2', '^2', ')']",3,10000,(((C*X_1)*X_2+C*X_1)+C)+C/(X_2+(((X_2*exp(-1*X_0))*exp(X_2))*exp(C*X_2))*exp(X_1/X_2))^0.5
III.15.14,2,GRAMS-UCT,RMSE,0.004905523441141229,False,X_0*C/C/X_2/C/((sin(C))*X_2+X_0*(X_2*X_1/X_0)*C),"['X_0', '*', 'C', '/', 'C', '/', 'X_2', '/', 'C', '/', '(', '(', 'sin', '(', 'C', ')', ')', '*', 'X_2', '+', 'X_0', '*', '(', 'X_2', '*', 'X_1', '/', 'X_0', ')', '*', 'C', ')']","[np.float64(-1.7579079921484781), np.float64(4.723298123911844), np.float64(-2.6261258097965285), np.float64(2.8121283173534217), np.float64(2.826800805210044)]",m = (h/(2*pi))**2/(2*E_n*d**2),"['(', 'X_0', '/', '(', '2', '*', 'pi', ')', ')', '^2', '/', '(', '2', '*', 'X_1', '*', 'X_2', '^2', ')']",3,10000,(C*X_0)/((C*X_1)*X_2^2+C*X_2^2)
III.15.14,0,MC,N/A,0.004874319924458183,False,X_0/X_2/X_2/X_1*C,"['X_0', '/', 'X_2', '/', 'X_2', '/', 'X_1', '*', 'C']",[np.float64(0.04772980367828443)],m = (h/(2*pi))**2/(2*E_n*d**2),"['(', 'X_0', '/', '(', '2', '*', 'pi', ')', ')', '^2', '/', '(', '2', '*', 'X_1', '*', 'X_2', '^2', ')']",3,10000,(C*X_0)/(X_1*X_2^2)
III.15.14,1,MC,N/A,0.004684915844495253,False,C+(C)/C*X_1*X_2+X_1*C+C/sqrt(X_2+X_2/exp(((C*X_2+X_0-X_2-X_1/X_2)))),"['C', '+', '(', 'C', ')', '/', 'C', '*', 'X_1', '*', 'X_2', '+', 'X_1', '*', 'C', '+', 'C', '/', 'sqrt', '(', 'X_2', '+', 'X_2', '/', 'exp', '(', '(', '(', 'C', '*', 'X_2', '+', 'X_0', '-', 'X_2', '-', 'X_1', '/', 'X_2', ')', ')', ')', ')']","[np.float64(0.005037573223632102), np.float64(0.0023387552649267057), np.float64(5.0), np.float64(-0.0026735649842656853), np.float64(0.21936024832124995), np.float64(-2.405140678305265)]",m = (h/(2*pi))**2/(2*E_n*d**2),"['(', 'X_0', '/', '(', '2', '*', 'pi', ')', ')', '^2', '/', '(', '2', '*', 'X_1', '*', 'X_2', '^2', ')']",3,10000,(((C*X_1)*X_2+C*X_1)+C)+C/(X_2+(((X_2*exp(-1*X_0))*exp(X_2))*exp(C*X_2))*exp(X_1/X_2))^0.5
III.15.14,2,MC,N/A,0.0032193078466412877,False,X_2/(X_2/C/X_0*(C*C)-X_0-C+C/(X_2/C*X_2)/X_1/C*C+X_0)+X_0,"['X_2', '/', '(', 'X_2', '/', 'C', '/', 'X_0', '*', '(', 'C', '*', 'C', ')', '-', 'X_0', '-', 'C', '+', 'C', '/', '(', 'X_2', '/', 'C', '*', 'X_2', ')', '/', 'X_1', '/', 'C', '*', 'C', '+', 'X_0', ')', '+', 'X_0']","[np.float64(4.6995717494403975), np.float64(1.7579955781238072), np.float64(-2.6749723837008705), np.float64(0.0004904322317446899), np.float64(-1.6546109739409194), np.float64(0.02109319146399167), np.float64(-4.480047296533533), np.float64(-1.7715002395479271)]",m = (h/(2*pi))**2/(2*E_n*d**2),"['(', 'X_0', '/', '(', '2', '*', 'pi', ')', ')', '^2', '/', '(', '2', '*', 'X_1', '*', 'X_2', '^2', ')']",3,10000,X_0+X_2/((C+C/(X_1*X_2^2))+(C*X_2)/X_0)
III.15.27,0,GRAMS-PUCT,BIC,5.121960753783735e-09,True,C*C/X_2/C/X_1*X_0,"['C', '*', 'C', '/', 'X_2', '/', 'C', '/', 'X_1', '*', 'X_0']","[np.float64(3.2146503095562347), np.float64(4.9995376628346), np.float64(2.5579008942365538)]",k = 2*pi*alpha/(n*d),"['2', '*', 'pi', '*', 'X_0', '/', '(', 'X_1', '*', 'X_2', ')']",3,2337,(C*X_0)/(X_1*X_2)
III.15.27,1,GRAMS-PUCT,BIC,3.012346033434767e-09,True,C/C*X_0/X_2/X_1,"['C', '/', 'C', '*', 'X_0', '/', 'X_2', '/', 'X_1']","[np.float64(-4.999999789676249), np.float64(-0.7957746825800284)]",k = 2*pi*alpha/(n*d),"['2', '*', 'pi', '*', 'X_0', '/', '(', 'X_1', '*', 'X_2', ')']",3,1147,(C*X_0)/(X_1*X_2)
III.15.27,2,GRAMS-PUCT,BIC,1.0794777853076911e-08,True,(C)/X_1/cos(C)/(X_2)*X_0,"['(', 'C', ')', '/', 'X_1', '/', 'cos', '(', 'C', ')', '/', '(', 'X_2', ')', '*', 'X_0']","[np.float64(-2.7390657125564153), np.float64(4.261311107490258)]",k = 2*pi*alpha/(n*d),"['2', '*', 'pi', '*', 'X_0', '/', '(', 'X_1', '*', 'X_2', ')']",3,232,(C*X_0)/(X_1*X_2)
III.15.27,0,GRAMS-PUCT,RMSE,0.20807521340842733,False,((C-C/X_0-(X_2-C+X_0+X_0*exp(C/(X_2*X_0/X_0)*X_2-X_2)/X_2*X_0*C)/(X_2*C/C-C+X_2)))/X_1/X_2,"['(', '(', 'C', '-', 'C', '/', 'X_0', '-', '(', 'X_2', '-', 'C', '+', 'X_0', '+', 'X_0', '*', 'exp', '(', 'C', '/', '(', 'X_2', '*', 'X_0', '/', 'X_0', ')', '*', 'X_2', '-', 'X_2', ')', '/', 'X_2', '*', 'X_0', '*', 'C', ')', '/', '(', 'X_2', '*', 'C', '/', 'C', '-', 'C', '+', 'X_2', ')', ')', ')', '/', 'X_1', '/', 'X_2']","[np.float64(-4.992584703952629), np.float64(5.0), np.float64(0.12513639465117662), np.float64(-1.9951998241199744), np.float64(-0.4172493019474717), np.float64(3.049332061699662), np.float64(-2.9328189412057926), np.float64(0.10570995833113973)]",k = 2*pi*alpha/(n*d),"['2', '*', 'pi', '*', 'X_0', '/', '(', 'X_1', '*', 'X_2', ')']",3,10000,(((((C*X_0^2)/((((C*X_1)*X_2^3)*exp(X_2)+((C*X_1)*X_2^2)*exp(X_2))+(X_1*X_2^3)*exp(X_2))+C/(((C*X_1)*X_2^2+(C*X_1)*X_2)+X_1*X_2^2))+C/((X_0*X_1)*X_2))+C/(X_1*X_2))+-1*(X_0/(((C*X_1)*X_2^2+(C*X_1)*X_2)+X_1*X_2^2)))+-1*(1/(((C*X_1)*X_2+C*X_1)+X_1*X_2))
III.15.27,1,GRAMS-PUCT,RMSE,4.792326991965694e-09,True,((X_0*(C/X_2/X_1*C*C/sin(C)))),"['(', '(', 'X_0', '*', '(', 'C', '/', 'X_2', '/', 'X_1', '*', 'C', '*', 'C', '/', 'sin', '(', 'C', ')', ')', ')', ')']","[np.float64(1.0341776914066443), np.float64(1.3968599164457531), np.float64(2.1399848536423485), np.float64(0.5144034364744243)]",k = 2*pi*alpha/(n*d),"['2', '*', 'pi', '*', 'X_0', '/', '(', 'X_1', '*', 'X_2', ')']",3,8926,(C*X_0)/(X_1*X_2)
III.15.27,2,GRAMS-PUCT,RMSE,0.7560176906318676,False,C*cos(C/X_0)/C/X_1/X_2/(C),"['C', '*', 'cos', '(', 'C', '/', 'X_0', ')', '/', 'C', '/', 'X_1', '/', 'X_2', '/', '(', 'C', ')']","[np.float64(3.367070392417624), np.float64(1.713578807338448), np.float64(2.322527318710646), np.float64(0.0569841920082128)]",k = 2*pi*alpha/(n*d),"['2', '*', 'pi', '*', 'X_0', '/', '(', 'X_1', '*', 'X_2', ')']",3,10000,(C*cos(C/X_0))/(X_1*X_2)
III.15.27,0,GRAMS-UCT,BIC,1.8109288175432815e-08,True,C*C/(C*X_1)*C/X_2*X_0,"['C', '*', 'C', '/', '(', 'C', '*', 'X_1', ')', '*', 'C', '/', 'X_2', '*', 'X_0']","[np.float64(-3.3642507480008987), np.float64(1.1425920515935437), np.float64(1.7862595848038378), np.float64(-2.9197447240981025)]",k = 2*pi*alpha/(n*d),"['2', '*', 'pi', '*', 'X_0', '/', '(', 'X_1', '*', 'X_2', ')']",3,2972,(C*X_0)/(X_1*X_2)
III.15.27,1,GRAMS-UCT,BIC,1.6974731831883323e-09,True,(C/(C)*X_0)/X_1*(sin(C)+C*C-C)/X_2*X_1/X_1,"['(', 'C', '/', '(', 'C', ')', '*', 'X_0', ')', '/', 'X_1', '*', '(', 'sin', '(', 'C', ')', '+', 'C', '*', 'C', '-', 'C', ')', '/', 'X_2', '*', 'X_1', '/', 'X_1']","[np.float64(-4.250114376624232), np.float64(4.984255340044158), np.float64(4.8942887071992605), np.float64(-2.313414685584547), np.float64(2.190021308061133), np.float64(1.3185782918248057)]",k = 2*pi*alpha/(n*d),"['2', '*', 'pi', '*', 'X_0', '/', '(', 'X_1', '*', 'X_2', ')']",3,920,(C*X_0)/(X_1*X_2)
III.15.27,2,GRAMS-UCT,BIC,1.0130386013859523e-09,True,C/C/(X_1)/(X_2*C)*X_0,"['C', '/', 'C', '/', '(', 'X_1', ')', '/', '(', 'X_2', '*', 'C', ')', '*', 'X_0']","[np.float64(1.1905866480323606), np.float64(-3.0561146280201408), np.float64(-0.06200282820671986)]",k = 2*pi*alpha/(n*d),"['2', '*', 'pi', '*', 'X_0', '/', '(', 'X_1', '*', 'X_2', ')']",3,283,(C*X_0)/(X_1*X_2)
III.15.27,0,GRAMS-UCT,RMSE,1.1051059277283661e-08,True,X_0*C/C/X_1/X_2,"['X_0', '*', 'C', '/', 'C', '/', 'X_1', '/', 'X_2']","[np.float64(-4.999995161404168), np.float64(-0.7957739475544332)]",k = 2*pi*alpha/(n*d),"['2', '*', 'pi', '*', 'X_0', '/', '(', 'X_1', '*', 'X_2', ')']",3,900,(C*X_0)/(X_1*X_2)
III.15.27,1,GRAMS-UCT,RMSE,4.393564220621046e-09,True,X_0/C/X_2/X_1*C,"['X_0', '/', 'C', '/', 'X_2', '/', 'X_1', '*', 'C']","[np.float64(-0.7956621068827844), np.float64(-4.999292453997085)]",k = 2*pi*alpha/(n*d),"['2', '*', 'pi', '*', 'X_0', '/', '(', 'X_1', '*', 'X_2', ')']",3,1279,(C*X_0)/(X_1*X_2)
III.15.27,2,GRAMS-UCT,RMSE,1.7195870568701857e-08,True,C/(X_2)*X_0*C/C/(X_1*C),"['C', '/', '(', 'X_2', ')', '*', 'X_0', '*', 'C', '/', 'C', '/', '(', 'X_1', '*', 'C', ')']","[np.float64(-4.999997172462036), np.float64(-4.999996396381203), np.float64(2.0031749201201174), np.float64(1.9862810963508797)]",k = 2*pi*alpha/(n*d),"['2', '*', 'pi', '*', 'X_0', '/', '(', 'X_1', '*', 'X_2', ')']",3,4403,(C*X_0)/(X_1*X_2)
III.15.27,0,MC,N/A,7.622248625484088e-08,True,X_0*C/X_1/X_2*C*C,"['X_0', '*', 'C', '/', 'X_1', '/', 'X_2', '*', 'C', '*', 'C']","[np.float64(4.999999917052232), np.float64(-0.37581258154909186), np.float64(-3.3437866844758)]",k = 2*pi*alpha/(n*d),"['2', '*', 'pi', '*', 'X_0', '/', '(', 'X_1', '*', 'X_2', ')']",3,2763,(C*X_0)/(X_1*X_2)
III.15.27,1,MC,N/A,5.575526051252771e-09,True,X_0/(X_2/C/C*X_1),"['X_0', '/', '(', 'X_2', '/', 'C', '/', 'C', '*', 'X_1', ')']","[np.float64(1.2566384341673418), np.float64(4.999994544996253)]",k = 2*pi*alpha/(n*d),"['2', '*', 'pi', '*', 'X_0', '/', '(', 'X_1', '*', 'X_2', ')']",3,358,(C*X_0)/(X_1*X_2)
III.15.27,2,MC,N/A,7.788981889949724e-09,True,X_0*C*C/C/(C*X_2/C)/X_1,"['X_0', '*', 'C', '*', 'C', '/', 'C', '/', '(', 'C', '*', 'X_2', '/', 'C', ')', '/', 'X_1']","[np.float64(-4.771761804418816), np.float64(-3.4803243209799075), np.float64(4.8080584518835705), np.float64(-2.5487500627132227), np.float64(-4.636373175386717)]",k = 2*pi*alpha/(n*d),"['2', '*', 'pi', '*', 'X_0', '/', '(', 'X_1', '*', 'X_2', ')']",3,3884,(C*X_0)/(X_1*X_2)
III.17.37,0,GRAMS-PUCT,BIC,2.5180079892680194,False,X_0*(sin(sin(C*(X_2)))*X_1),"['X_0', '*', '(', 'sin', '(', 'sin', '(', 'C', '*', '(', 'X_2', ')', ')', ')', '*', 'X_1', ')']",[np.float64(1.4637821729265228)],f = beta*(1+alpha*cos(theta)),"['X_0', '*', '(', '1', '+', 'X_1', '*', 'cos', '(', 'X_2', ')', ')']",3,10000,(X_0*X_1)*sin(sin(C*X_2))
III.17.37,1,GRAMS-PUCT,BIC,2.3857240124134615,False,X_2/C+((sin(C+C-X_2))*C-C)*X_0,"['X_2', '/', 'C', '+', '(', '(', 'sin', '(', 'C', '+', 'C', '-', 'X_2', ')', ')', '*', 'C', '-', 'C', ')', '*', 'X_0']","[np.float64(-5.0), np.float64(0.7119913832410111), np.float64(-2.3113202610879338), np.float64(-2.971596260960219), np.float64(-1.1679136729121424)]",f = beta*(1+alpha*cos(theta)),"['X_0', '*', '(', '1', '+', 'X_1', '*', 'cos', '(', 'X_2', ')', ')']",3,10000,((C*X_0)*sin(C-X_2)+C*X_0)+C*X_2
III.17.37,2,GRAMS-PUCT,BIC,2.3912008212604854,False,X_0/X_2+C+(cos(X_2)*X_2)*X_1,"['X_0', '/', 'X_2', '+', 'C', '+', '(', 'cos', '(', 'X_2', ')', '*', 'X_2', ')', '*', 'X_1']",[np.float64(2.156299681992826)],f = beta*(1+alpha*cos(theta)),"['X_0', '*', '(', '1', '+', 'X_1', '*', 'cos', '(', 'X_2', ')', ')']",3,10000,(C+X_0/X_2)+(X_1*X_2)*cos(X_2)
III.17.37,0,GRAMS-PUCT,RMSE,2.3998658735367577,False,C+cos(cos(X_2)*C*X_1-C)*X_2*C-X_0,"['C', '+', 'cos', '(', 'cos', '(', 'X_2', ')', '*', 'C', '*', 'X_1', '-', 'C', ')', '*', 'X_2', '*', 'C', '-', 'X_0']","[np.float64(5.0), np.float64(-0.1991461923219976), np.float64(-1.4970688794263824), np.float64(5.0)]",f = beta*(1+alpha*cos(theta)),"['X_0', '*', '(', '1', '+', 'X_1', '*', 'cos', '(', 'X_2', ')', ')']",3,10000,((C*X_2)*cos((C*X_1)*cos(X_2)+C)+C)+-1*X_0
III.17.37,1,GRAMS-PUCT,RMSE,1.8280039134337303,False,C+X_1-(X_1-C-X_1*C+X_1-sin(C*C+X_2)+X_1)*(X_1*C+C*exp(X_2)/C),"['C', '+', 'X_1', '-', '(', 'X_1', '-', 'C', '-', 'X_1', '*', 'C', '+', 'X_1', '-', 'sin', '(', 'C', '*', 'C', '+', 'X_2', ')', '+', 'X_1', ')', '*', '(', 'X_1', '*', 'C', '+', 'C', '*', 'exp', '(', 'X_2', ')', '/', 'C', ')']","[np.float64(3.0797641211392537), np.float64(-0.34340379473947985), np.float64(3.0014442667202452), np.float64(2.588204533542122), np.float64(-1.8192215557417402), np.float64(2.9830987814307646), np.float64(-0.010074626095081389), np.float64(-4.831374586873811)]",f = beta*(1+alpha*cos(theta)),"['X_0', '*', '(', '1', '+', 'X_1', '*', 'cos', '(', 'X_2', ')', ')']",3,10000,(((((((2*C)*X_1^2+((2*C)*X_1)*exp(X_2))+(C*X_1)*sin(C+X_2))+C*X_1)+(C*exp(X_2))*sin(C+X_2))+C*exp(X_2))+C)+X_1
III.17.37,2,GRAMS-PUCT,RMSE,2.6028412366526807,False,((X_0-X_1+X_2-C/C*sin(C+X_2)-X_2/X_0/X_0*cos(X_2/C+C))),"['(', '(', 'X_0', '-', 'X_1', '+', 'X_2', '-', 'C', '/', 'C', '*', 'sin', '(', 'C', '+', 'X_2', ')', '-', 'X_2', '/', 'X_0', '/', 'X_0', '*', 'cos', '(', 'X_2', '/', 'C', '+', 'C', ')', ')', ')']","[np.float64(4.9920896545605205), np.float64(-0.49995847338518656), np.float64(1.4162463714764995), np.float64(-1.1573213360074364), np.float64(-0.4253250029977665)]",f = beta*(1+alpha*cos(theta)),"['X_0', '*', '(', '1', '+', 'X_1', '*', 'cos', '(', 'X_2', ')', ')']",3,10000,(((C*sin(C+X_2)+X_0)+-1*X_1)+X_2)+-1*((X_2*cos(C*X_2+C))/X_0^2)
III.17.37,0,GRAMS-UCT,BIC,1.5901612107211363,False,X_0*X_1*cos(X_2)-(C*X_1/C)/C,"['X_0', '*', 'X_1', '*', 'cos', '(', 'X_2', ')', '-', '(', 'C', '*', 'X_1', '/', 'C', ')', '/', 'C']","[np.float64(5.0), np.float64(2.48860443546119), np.float64(-2.308713379028785)]",f = beta*(1+alpha*cos(theta)),"['X_0', '*', '(', '1', '+', 'X_1', '*', 'cos', '(', 'X_2', ')', ')']",3,10000,C*X_1+(X_0*X_1)*cos(X_2)
III.17.37,1,GRAMS-UCT,BIC,1.0894939038605043,False,sin(C/X_0+X_2-C)*C*C*X_1*X_0*C+X_1*C+C,"['sin', '(', 'C', '/', 'X_0', '+', 'X_2', '-', 'C', ')', '*', 'C', '*', 'C', '*', 'X_1', '*', 'X_0', '*', 'C', '+', 'X_1', '*', 'C', '+', 'C']","[np.float64(0.09998097632918652), np.float64(-1.5295150870479264), np.float64(-2.6721256429514053), np.float64(-1.1620829054641382), np.float64(0.2992202957916537), np.float64(-0.10981011298758869), np.float64(3.0642533997236363)]",f = beta*(1+alpha*cos(theta)),"['X_0', '*', '(', '1', '+', 'X_1', '*', 'cos', '(', 'X_2', ')', ')']",3,10000,(((C*X_0)*X_1)*sin((C+C/X_0)+X_2)+C*X_1)+C
III.17.37,2,GRAMS-UCT,BIC,1.8280385163301347,False,C-cos(X_2)*X_1*(C),"['C', '-', 'cos', '(', 'X_2', ')', '*', 'X_1', '*', '(', 'C', ')']","[np.float64(3.003088922620223), np.float64(-2.989390173467648)]",f = beta*(1+alpha*cos(theta)),"['X_0', '*', '(', '1', '+', 'X_1', '*', 'cos', '(', 'X_2', ')', ')']",3,10000,(C*X_1)*cos(X_2)+C
III.17.37,0,GRAMS-UCT,RMSE,2.0583375546836358,False,C-X_2/C*X_1+(cos(X_2)*X_1/C/C),"['C', '-', 'X_2', '/', 'C', '*', 'X_1', '+', '(', 'cos', '(', 'X_2', ')', '*', 'X_1', '/', 'C', '/', 'C', ')']","[np.float64(4.470111014475755), np.float64(5.0), np.float64(1.5551448227432816), np.float64(0.2349990115695294)]",f = beta*(1+alpha*cos(theta)),"['X_0', '*', '(', '1', '+', 'X_1', '*', 'cos', '(', 'X_2', ')', ')']",3,10000,((C*X_1)*X_2+(C*X_1)*cos(X_2))+C
III.17.37,1,GRAMS-UCT,RMSE,1.1028469972244597,False,X_0*cos(X_2+exp(X_2*C)/C*C/X_0)*X_1/C*C+C,"['X_0', '*', 'cos', '(', 'X_2', '+', 'exp', '(', 'X_2', '*', 'C', ')', '/', 'C', '*', 'C', '/', 'X_0', ')', '*', 'X_1', '/', 'C', '*', 'C', '+', 'C']","[np.float64(-5.0), np.float64(-3.342605677007108), np.float64(-1.1293294704268009), np.float64(4.911192721171326), np.float64(4.605262458851363), np.float64(2.7731155564243894)]",f = beta*(1+alpha*cos(theta)),"['X_0', '*', '(', '1', '+', 'X_1', '*', 'cos', '(', 'X_2', ')', ')']",3,10000,((C*X_0)*X_1)*cos((C*exp(C*X_2))/X_0+X_2)+C
III.17.37,2,GRAMS-UCT,RMSE,1.3760012761464182,False,sin(C+X_1*C)/(X_2)/X_1*C-X_1/X_2+cos(X_2)*X_0*X_1*C+C,"['sin', '(', 'C', '+', 'X_1', '*', 'C', ')', '/', '(', 'X_2', ')', '/', 'X_1', '*', 'C', '-', 'X_1', '/', 'X_2', '+', 'cos', '(', 'X_2', ')', '*', 'X_0', '*', 'X_1', '*', 'C', '+', 'C']","[np.float64(-1.087416557229772), np.float64(4.611330287685375), np.float64(0.9615137310012478), np.float64(0.9722763232172376), np.float64(4.1482884521491)]",f = beta*(1+alpha*cos(theta)),"['X_0', '*', '(', '1', '+', 'X_1', '*', 'cos', '(', 'X_2', ')', ')']",3,10000,((((C*X_0)*X_1)*cos(X_2)+C)+(C*sin(C*X_1+C))/(X_1*X_2))+-1*(X_1/X_2)
III.17.37,0,MC,N/A,2.3906696919951047,False,X_1*(exp(X_0/(C)-cos((cos(C*X_1)/C)/C)-X_1/C*C)*X_1+X_1*cos(X_2))/C,"['X_1', '*', '(', 'exp', '(', 'X_0', '/', '(', 'C', ')', '-', 'cos', '(', '(', 'cos', '(', 'C', '*', 'X_1', ')', '/', 'C', ')', '/', 'C', ')', '-', 'X_1', '/', 'C', '*', 'C', ')', '*', 'X_1', '+', 'X_1', '*', 'cos', '(', 'X_2', ')', ')', '/', 'C']","[np.float64(5.0), np.float64(-5.0), np.float64(4.998685413339225), np.float64(4.998685413339225), np.float64(-4.999996458285706), np.float64(-1.3615597775750337), np.float64(1.4256165308918411)]",f = beta*(1+alpha*cos(theta)),"['X_0', '*', '(', '1', '+', 'X_1', '*', 'cos', '(', 'X_2', ')', ')']",3,10000,(((C*X_1^2)*exp(C*X_0))*exp(C*X_1))*exp(-1*cos(C*cos(C*X_1)))+(C*X_1^2)*cos(X_2)
III.17.37,1,MC,N/A,2.262167644556135,False,X_0*C-C/sqrt(X_2-C)*cos(X_1*X_2/X_1)*X_1,"['X_0', '*', 'C', '-', 'C', '/', 'sqrt', '(', 'X_2', '-', 'C', ')', '*', 'cos', '(', 'X_1', '*', 'X_2', '/', 'X_1', ')', '*', 'X_1']","[np.float64(0.6314047061964184), np.float64(-5.0), np.float64(-0.7498035633416139)]",f = beta*(1+alpha*cos(theta)),"['X_0', '*', '(', '1', '+', 'X_1', '*', 'cos', '(', 'X_2', ')', ')']",3,10000,C*X_0+((C*X_1)*cos(X_2))/(C+X_2)^0.5
III.17.37,2,MC,N/A,2.419832568405216,False,C+sin(X_2+C-X_2/C/C+C+C)*X_0/C*C,"['C', '+', 'sin', '(', 'X_2', '+', 'C', '-', 'X_2', '/', 'C', '/', 'C', '+', 'C', '+', 'C', ')', '*', 'X_0', '/', 'C', '*', 'C']","[np.float64(0.4978505337335277), np.float64(2.247068212514939), np.float64(-1.5946652999317061), np.float64(2.4475191719732523), np.float64(4.268317106149197), np.float64(-2.6147734486252783), np.float64(-2.194343026990434), np.float64(4.921865351360967)]",f = beta*(1+alpha*cos(theta)),"['X_0', '*', '(', '1', '+', 'X_1', '*', 'cos', '(', 'X_2', ')', ')']",3,10000,(C*X_0)*sin((C*X_2+C)+X_2)+C
III.19.51,0,GRAMS-PUCT,BIC,1.5884918758054467,False,(C)/((X_1/C/C/C-X_4*C*X_3)/C*(X_4))/C,"['(', 'C', ')', '/', '(', '(', 'X_1', '/', 'C', '/', 'C', '/', 'C', '-', 'X_4', '*', 'C', '*', 'X_3', ')', '/', 'C', '*', '(', 'X_4', ')', ')', '/', 'C']","[np.float64(-4.9999592845074545), np.float64(-0.18289585278018836), np.float64(-1.3932674502201903), np.float64(-4.724136106651293), np.float64(-3.5274682457159487), np.float64(3.899986060801428), np.float64(1.3461739607786416)]",E_n = -m*q**4/(2*(4*pi*epsilon)**2*(h/(2*pi))**2)*(1/n**2),"['(', 'u-', 'X_0', '*', '(', 'X_1', '^2', '*', 'X_1', '^2', ')', '/', '(', '(', '2', '*', '(', '4', '*', 'pi', '*', 'X_4', ')', '^2', ')', '*', '(', 'X_2', '/', '(', '2', '*', 'pi', ')', ')', '^2', ')', '*', '(', '1', '/', 'X_3', '^2', ')', ')']",5,10000,C/((C*X_1)*X_4+(C*X_3)*X_4^2)
III.19.51,1,GRAMS-PUCT,BIC,1.557261002824867,False,C/(X_3*X_4*C-C-X_1),"['C', '/', '(', 'X_3', '*', 'X_4', '*', 'C', '-', 'C', '-', 'X_1', ')']","[np.float64(-5.0), np.float64(1.5125231703670905), np.float64(-2.92376878432476)]",E_n = -m*q**4/(2*(4*pi*epsilon)**2*(h/(2*pi))**2)*(1/n**2),"['(', 'u-', 'X_0', '*', '(', 'X_1', '^2', '*', 'X_1', '^2', ')', '/', '(', '(', '2', '*', '(', '4', '*', 'pi', '*', 'X_4', ')', '^2', ')', '*', '(', 'X_2', '/', '(', '2', '*', 'pi', ')', ')', '^2', ')', '*', '(', '1', '/', 'X_3', '^2', ')', ')']",5,10000,C/(((C*X_3)*X_4+C)+-1*X_1)
III.19.51,2,GRAMS-PUCT,BIC,1.9079761703471059,False,cos(C)/(C/(X_1)/X_2*X_1+C+X_3*X_2)*X_1,"['cos', '(', 'C', ')', '/', '(', 'C', '/', '(', 'X_1', ')', '/', 'X_2', '*', 'X_1', '+', 'C', '+', 'X_3', '*', 'X_2', ')', '*', 'X_1']","[np.float64(-2.2766385914472393), np.float64(0.8069104214942227), np.float64(-1.800832226143589)]",E_n = -m*q**4/(2*(4*pi*epsilon)**2*(h/(2*pi))**2)*(1/n**2),"['(', 'u-', 'X_0', '*', '(', 'X_1', '^2', '*', 'X_1', '^2', ')', '/', '(', '(', '2', '*', '(', '4', '*', 'pi', '*', 'X_4', ')', '^2', ')', '*', '(', 'X_2', '/', '(', '2', '*', 'pi', ')', ')', '^2', ')', '*', '(', '1', '/', 'X_3', '^2', ')', ')']",5,10000,(C*X_1)/((C+C/X_2)+X_2*X_3)
III.19.51,0,GRAMS-PUCT,RMSE,1.5043036147425253,False,C*(C+X_2+X_1*C)/C/(C)/((X_4-C/C)+X_3)-C,"['C', '*', '(', 'C', '+', 'X_2', '+', 'X_1', '*', 'C', ')', '/', 'C', '/', '(', 'C', ')', '/', '(', '(', 'X_4', '-', 'C', '/', 'C', ')', '+', 'X_3', ')', '-', 'C']","[np.float64(3.057050787067337), np.float64(1.6546677019859015), np.float64(-2.803407387147987), np.float64(-2.7344796935119495), np.float64(-2.5875566009150788), np.float64(-3.6691938364733194), np.float64(-1.7786773650761465), np.float64(-0.12102314786590668)]",E_n = -m*q**4/(2*(4*pi*epsilon)**2*(h/(2*pi))**2)*(1/n**2),"['(', 'u-', 'X_0', '*', '(', 'X_1', '^2', '*', 'X_1', '^2', ')', '/', '(', '(', '2', '*', '(', '4', '*', 'pi', '*', 'X_4', ')', '^2', ')', '*', '(', 'X_2', '/', '(', '2', '*', 'pi', ')', ')', '^2', ')', '*', '(', '1', '/', 'X_3', '^2', ')', ')']",5,10000,(((C*X_1)/((C+X_3)+X_4)+(C*X_2)/((C+X_3)+X_4))+C)+C/((C+X_3)+X_4)
III.19.51,1,GRAMS-PUCT,RMSE,1.6455173143798774,False,C/((X_4)/X_3-(X_3*C+C-(X_3*C)*C*C/C/X_4/X_0)),"['C', '/', '(', '(', 'X_4', ')', '/', 'X_3', '-', '(', 'X_3', '*', 'C', '+', 'C', '-', '(', 'X_3', '*', 'C', ')', '*', 'C', '*', 'C', '/', 'C', '/', 'X_4', '/', 'X_0', ')', ')']","[np.float64(-2.151497009034253), np.float64(-3.5992644783908174), np.float64(4.913463358792519), np.float64(0.7368457207390592), np.float64(1.8562213919950965), np.float64(0.905462278797897), np.float64(1.4423723298730946)]",E_n = -m*q**4/(2*(4*pi*epsilon)**2*(h/(2*pi))**2)*(1/n**2),"['(', 'u-', 'X_0', '*', '(', 'X_1', '^2', '*', 'X_1', '^2', ')', '/', '(', '(', '2', '*', '(', '4', '*', 'pi', '*', 'X_4', ')', '^2', ')', '*', '(', 'X_2', '/', '(', '2', '*', 'pi', ')', ')', '^2', ')', '*', '(', '1', '/', 'X_3', '^2', ')', ')']",5,10000,C/(((C*X_3+(C*X_3)/(X_0*X_4))+C)+X_4/X_3)
III.19.51,2,GRAMS-PUCT,RMSE,1.9956037096310257,False,C/(C*X_1/X_2+X_4/C),"['C', '/', '(', 'C', '*', 'X_1', '/', 'X_2', '+', 'X_4', '/', 'C', ')']","[np.float64(4.998444388790032), np.float64(0.7904833339627485), np.float64(-0.3108635520861002)]",E_n = -m*q**4/(2*(4*pi*epsilon)**2*(h/(2*pi))**2)*(1/n**2),"['(', 'u-', 'X_0', '*', '(', 'X_1', '^2', '*', 'X_1', '^2', ')', '/', '(', '(', '2', '*', '(', '4', '*', 'pi', '*', 'X_4', ')', '^2', ')', '*', '(', 'X_2', '/', '(', '2', '*', 'pi', ')', ')', '^2', ')', '*', '(', '1', '/', 'X_3', '^2', ')', ')']",5,10000,C/((C*X_1)/X_2+C*X_4)
III.19.51,0,GRAMS-UCT,BIC,1.4482290239413502,False,C/exp((C/(X_2-X_1+C*X_3))/(X_3-C*C/X_2)+X_4),"['C', '/', 'exp', '(', '(', 'C', '/', '(', 'X_2', '-', 'X_1', '+', 'C', '*', 'X_3', ')', ')', '/', '(', 'X_3', '-', 'C', '*', 'C', '/', 'X_2', ')', '+', 'X_4', ')']","[np.float64(-4.625117472644232), np.float64(-5.0), np.float64(5.0), np.float64(-2.9268893772892333), np.float64(-0.137323665254815)]",E_n = -m*q**4/(2*(4*pi*epsilon)**2*(h/(2*pi))**2)*(1/n**2),"['(', 'u-', 'X_0', '*', '(', 'X_1', '^2', '*', 'X_1', '^2', ')', '/', '(', '(', '2', '*', '(', '4', '*', 'pi', '*', 'X_4', ')', '^2', ')', '*', '(', 'X_2', '/', '(', '2', '*', 'pi', ')', ')', '^2', ')', '*', '(', '1', '/', 'X_3', '^2', ')', ')']",5,10000,(C*exp(-1*X_4))*exp(C/((((((C*X_1)/X_2+C*X_3^2)+C)+(C*X_3)/X_2)+-1*(X_1*X_3))+X_2*X_3))
III.19.51,1,GRAMS-UCT,BIC,0.9674188426200245,False,exp((((C/C*X_1)*C+X_2)/X_2+X_4*X_4-(C*X_0/X_3))*C/C)*C*X_0,"['exp', '(', '(', '(', '(', 'C', '/', 'C', '*', 'X_1', ')', '*', 'C', '+', 'X_2', ')', '/', 'X_2', '+', 'X_4', '*', 'X_4', '-', '(', 'C', '*', 'X_0', '/', 'X_3', ')', ')', '*', 'C', '/', 'C', ')', '*', 'C', '*', 'X_0']","[np.float64(4.346988225626508), np.float64(-0.6795018319213975), np.float64(0.6853110878083447), np.float64(3.0611144410481903), np.float64(-1.0157463343756534), np.float64(4.256196809284964), np.float64(-0.03344687164809482)]",E_n = -m*q**4/(2*(4*pi*epsilon)**2*(h/(2*pi))**2)*(1/n**2),"['(', 'u-', 'X_0', '*', '(', 'X_1', '^2', '*', 'X_1', '^2', ')', '/', '(', '(', '2', '*', '(', '4', '*', 'pi', '*', 'X_4', ')', '^2', ')', '*', '(', 'X_2', '/', '(', '2', '*', 'pi', ')', ')', '^2', ')', '*', '(', '1', '/', 'X_3', '^2', ')', ')']",5,10000,(((C*X_0)*exp(C*X_4^2))*exp((C*X_0)/X_3))*exp((C*X_1)/X_2)
III.19.51,2,GRAMS-UCT,BIC,1.9053162523852303,False,C/((C/C/C+C*X_3)-C/C/X_4),"['C', '/', '(', '(', 'C', '/', 'C', '/', 'C', '+', 'C', '*', 'X_3', ')', '-', 'C', '/', 'C', '/', 'X_4', ')']","[np.float64(2.2349673281112814), np.float64(2.5046962004551223), np.float64(5.0), np.float64(2.967803801100235), np.float64(-2.9865120313491254), np.float64(-3.336679884951992), np.float64(1.086556495541376)]",E_n = -m*q**4/(2*(4*pi*epsilon)**2*(h/(2*pi))**2)*(1/n**2),"['(', 'u-', 'X_0', '*', '(', 'X_1', '^2', '*', 'X_1', '^2', ')', '/', '(', '(', '2', '*', '(', '4', '*', 'pi', '*', 'X_4', ')', '^2', ')', '*', '(', 'X_2', '/', '(', '2', '*', 'pi', ')', ')', '^2', ')', '*', '(', '1', '/', 'X_3', '^2', ')', ')']",5,10000,C/((C*X_3+C)+C/X_4)
III.19.51,0,GRAMS-UCT,RMSE,1.4492084807548438,False,X_0/(C*C*X_3/C-C*X_3/(C/X_3*X_1)*X_4)*C*(X_0),"['X_0', '/', '(', 'C', '*', 'C', '*', 'X_3', '/', 'C', '-', 'C', '*', 'X_3', '/', '(', 'C', '/', 'X_3', '*', 'X_1', ')', '*', 'X_4', ')', '*', 'C', '*', '(', 'X_0', ')']","[np.float64(0.26401078603112355), np.float64(2.2013377752090855), np.float64(0.3391686978664426), np.float64(-2.2574635745189644), np.float64(-0.29976287715554045), np.float64(0.9063154511294421)]",E_n = -m*q**4/(2*(4*pi*epsilon)**2*(h/(2*pi))**2)*(1/n**2),"['(', 'u-', 'X_0', '*', '(', 'X_1', '^2', '*', 'X_1', '^2', ')', '/', '(', '(', '2', '*', '(', '4', '*', 'pi', '*', 'X_4', ')', '^2', ')', '*', '(', 'X_2', '/', '(', '2', '*', 'pi', ')', ')', '^2', ')', '*', '(', '1', '/', 'X_3', '^2', ')', ')']",5,10000,(C*X_0^2)/(C*X_3+((C*X_3^2)*X_4)/X_1)
III.19.51,1,GRAMS-UCT,RMSE,1.4635970426919225,False,X_0*X_0*C-C/X_4/C*(X_1-C/C-C*(((X_2-X_3)))-X_1/X_1)/X_2/X_2*X_0/X_3-X_3+C,"['X_0', '*', 'X_0', '*', 'C', '-', 'C', '/', 'X_4', '/', 'C', '*', '(', 'X_1', '-', 'C', '/', 'C', '-', 'C', '*', '(', '(', '(', 'X_2', '-', 'X_3', ')', ')', ')', '-', 'X_1', '/', 'X_1', ')', '/', 'X_2', '/', 'X_2', '*', 'X_0', '/', 'X_3', '-', 'X_3', '+', 'C']","[np.float64(0.0325263938539411), np.float64(4.079676285969448), np.float64(0.6218223206117482), np.float64(-0.2764180204536757), np.float64(4.9587769030029785), np.float64(-0.7867036351676774), np.float64(3.267302512120294)]",E_n = -m*q**4/(2*(4*pi*epsilon)**2*(h/(2*pi))**2)*(1/n**2),"['(', 'u-', 'X_0', '*', '(', 'X_1', '^2', '*', 'X_1', '^2', ')', '/', '(', '(', '2', '*', '(', '4', '*', 'pi', '*', 'X_4', ')', '^2', ')', '*', '(', 'X_2', '/', '(', '2', '*', 'pi', ')', ')', '^2', ')', '*', '(', '1', '/', 'X_3', '^2', ')', ')']",5,10000,(((((C*X_0^2+((C*X_0)*X_1)/((X_2^2*X_3)*X_4))+(C*X_0)/((X_2^2*X_3)*X_4))+(C*X_0)/((X_2*X_3)*X_4))+(C*X_0)/(X_2^2*X_4))+C)+-1*X_3
III.19.51,2,GRAMS-UCT,RMSE,1.2819622941572026,False,(C*X_3*X_2+X_4/(X_4)/(C*X_4*C*X_2-X_3-C))/C*X_1,"['(', 'C', '*', 'X_3', '*', 'X_2', '+', 'X_4', '/', '(', 'X_4', ')', '/', '(', 'C', '*', 'X_4', '*', 'C', '*', 'X_2', '-', 'X_3', '-', 'C', ')', ')', '/', 'C', '*', 'X_1']","[np.float64(0.014285734877149146), np.float64(-0.8588762305311309), np.float64(0.29145193341347597), np.float64(-1.2852964278962407), np.float64(1.005101638758019)]",E_n = -m*q**4/(2*(4*pi*epsilon)**2*(h/(2*pi))**2)*(1/n**2),"['(', 'u-', 'X_0', '*', '(', 'X_1', '^2', '*', 'X_1', '^2', ')', '/', '(', '(', '2', '*', '(', '4', '*', 'pi', '*', 'X_4', ')', '^2', ')', '*', '(', 'X_2', '/', '(', '2', '*', 'pi', ')', ')', '^2', ')', '*', '(', '1', '/', 'X_3', '^2', ')', ')']",5,10000,((C*X_1)*X_2)*X_3+(C*X_1)/(((C*X_2)*X_4+C)+-1*X_3)
III.19.51,0,MC,N/A,1.8168009435585586,False,(X_1+C)*C*(C/(X_3*C+C-C*C/(X_3/sin(X_2-X_3/C)/X_3)-X_2)),"['(', 'X_1', '+', 'C', ')', '*', 'C', '*', '(', 'C', '/', '(', 'X_3', '*', 'C', '+', 'C', '-', 'C', '*', 'C', '/', '(', 'X_3', '/', 'sin', '(', 'X_2', '-', 'X_3', '/', 'C', ')', '/', 'X_3', ')', '-', 'X_2', ')', ')']","[np.float64(-1.8712557960157552), np.float64(3.67092626333643), np.float64(1.8903396167905775), np.float64(-4.9165491037268), np.float64(-4.492391661159779), np.float64(2.204575752676672), np.float64(-4.689852775515589), np.float64(-2.0791644393610818)]",E_n = -m*q**4/(2*(4*pi*epsilon)**2*(h/(2*pi))**2)*(1/n**2),"['(', 'u-', 'X_0', '*', '(', 'X_1', '^2', '*', 'X_1', '^2', ')', '/', '(', '(', '2', '*', '(', '4', '*', 'pi', '*', 'X_4', ')', '^2', ')', '*', '(', 'X_2', '/', '(', '2', '*', 'pi', ')', ')', '^2', ')', '*', '(', '1', '/', 'X_3', '^2', ')', ')']",5,10000,(C*X_1)/(((C*X_3+C*sin(C*X_3+X_2))+C)+-1*X_2)+C/(((C*X_3+C*sin(C*X_3+X_2))+C)+-1*X_2)
III.19.51,1,MC,N/A,1.777353215889621,False,X_4/(C-exp(C*C/X_4/C)/X_0+C/X_4*C/X_3*X_1-sqrt(X_3*X_4)-X_0),"['X_4', '/', '(', 'C', '-', 'exp', '(', 'C', '*', 'C', '/', 'X_4', '/', 'C', ')', '/', 'X_0', '+', 'C', '/', 'X_4', '*', 'C', '/', 'X_3', '*', 'X_1', '-', 'sqrt', '(', 'X_3', '*', 'X_4', ')', '-', 'X_0', ')']","[np.float64(-4.810969729459613), np.float64(0.5546958934539473), np.float64(-2.9617486009256138), np.float64(-2.172365201404894), np.float64(-0.7828973692081351), np.float64(-3.268380010803109)]",E_n = -m*q**4/(2*(4*pi*epsilon)**2*(h/(2*pi))**2)*(1/n**2),"['(', 'u-', 'X_0', '*', '(', 'X_1', '^2', '*', 'X_1', '^2', ')', '/', '(', '(', '2', '*', '(', '4', '*', 'pi', '*', 'X_4', ')', '^2', ')', '*', '(', 'X_2', '/', '(', '2', '*', 'pi', ')', ')', '^2', ')', '*', '(', '1', '/', 'X_3', '^2', ')', ')']",5,10000,X_4/(((((C*X_1)/(X_3*X_4)+C)+-1*X_0)+-1*(X_3*X_4)^0.5)+-1*(exp(C/X_4)/X_0))
III.19.51,2,MC,N/A,1.7147918803655084,False,sin(C/exp((X_1)+((X_4)+sqrt(X_0))*((C))+X_0*X_4+X_0)+C*C)/(C-C+X_4-C/X_3),"['sin', '(', 'C', '/', 'exp', '(', '(', 'X_1', ')', '+', '(', '(', 'X_4', ')', '+', 'sqrt', '(', 'X_0', ')', ')', '*', '(', '(', 'C', ')', ')', '+', 'X_0', '*', 'X_4', '+', 'X_0', ')', '+', 'C', '*', 'C', ')', '/', '(', 'C', '-', 'C', '+', 'X_4', '-', 'C', '/', 'X_3', ')']","[np.float64(-3.5466200786437097), np.float64(4.5908291372051915), np.float64(0.5619624634960956), np.float64(-4.36328634642079), np.float64(2.9924589496161853), np.float64(2.4688846759728023), np.float64(1.6280861164368223)]",E_n = -m*q**4/(2*(4*pi*epsilon)**2*(h/(2*pi))**2)*(1/n**2),"['(', 'u-', 'X_0', '*', '(', 'X_1', '^2', '*', 'X_1', '^2', ')', '/', '(', '(', '2', '*', '(', '4', '*', 'pi', '*', 'X_4', ')', '^2', ')', '*', '(', 'X_2', '/', '(', '2', '*', 'pi', ')', ')', '^2', ')', '*', '(', '1', '/', 'X_3', '^2', ')', ')']",5,10000,sin(C+((((C*exp(-1*X_0))*exp(-1*X_1))*exp(C*X_0^0.5))*exp(C*X_4))*exp((-1*X_0)*X_4))/((C+C/X_3)+X_4)
III.21.20,0,GRAMS-PUCT,BIC,4.412826033284857,False,X_0*(C*X_2+((X_3-X_1/C))-C-X_2)+X_0*C,"['X_0', '*', '(', 'C', '*', 'X_2', '+', '(', '(', 'X_3', '-', 'X_1', '/', 'C', ')', ')', '-', 'C', '-', 'X_2', ')', '+', 'X_0', '*', 'C']","[np.float64(-0.18457013864338373), np.float64(0.839235475329783), np.float64(-2.9994195536389014), np.float64(-2.48641985833235)]",j = -rho_c_0*q*A_vec/m,"['u-', 'X_0', '*', 'X_1', '*', 'X_2', '/', 'X_3']",4,10000,((((C*X_0)*X_1+(C*X_0)*X_2)+(2*C)*X_0)+-1*(X_0*X_2))+X_0*X_3
III.21.20,1,GRAMS-PUCT,BIC,1.2034055049858537e-07,False,X_0*X_2/X_3*X_1*C,"['X_0', '*', 'X_2', '/', 'X_3', '*', 'X_1', '*', 'C']",[np.float64(-1.0000000081893479)],j = -rho_c_0*q*A_vec/m,"['u-', 'X_0', '*', 'X_1', '*', 'X_2', '/', 'X_3']",4,10000,(((C*X_0)*X_1)*X_2)/X_3
III.21.20,2,GRAMS-PUCT,BIC,4.384406980558317e-06,False,(X_1*(X_2/((X_2/X_0/(cos(C)*exp(X_2)+C*X_2)/C)*X_3))),"['(', 'X_1', '*', '(', 'X_2', '/', '(', '(', 'X_2', '/', 'X_0', '/', '(', 'cos', '(', 'C', ')', '*', 'exp', '(', 'X_2', ')', '+', 'C', '*', 'X_2', ')', '/', 'C', ')', '*', 'X_3', ')', ')', ')']","[np.float64(-1.5707965166407252), np.float64(-4.897706762409262), np.float64(0.2041770724858806)]",j = -rho_c_0*q*A_vec/m,"['u-', 'X_0', '*', 'X_1', '*', 'X_2', '/', 'X_3']",4,10000,(((C*X_0)*X_1)*X_2)/X_3+(((C*X_0)*X_1)*exp(X_2))/X_3
III.21.20,0,GRAMS-PUCT,RMSE,2.1658264641223104,False,(C/X_3*X_1*(C-X_2/C-X_3/X_2+X_0+X_0+C/X_1)),"['(', 'C', '/', 'X_3', '*', 'X_1', '*', '(', 'C', '-', 'X_2', '/', 'C', '-', 'X_3', '/', 'X_2', '+', 'X_0', '+', 'X_0', '+', 'C', '/', 'X_1', ')', ')']","[np.float64(-1.4172365470044652), np.float64(-4.224918739715579), np.float64(-0.5601077671935538), np.float64(0.0706325084543272)]",j = -rho_c_0*q*A_vec/m,"['u-', 'X_0', '*', 'X_1', '*', 'X_2', '/', 'X_3']",4,10000,(((((C*X_0)*X_1)/X_3+((C*X_1)*X_2)/X_3)+(C*X_1)/X_3)+(C*X_1)/X_2)+C/X_3
III.21.20,1,GRAMS-PUCT,RMSE,3.24833472999203e-06,False,C*X_0/C/C+(X_2*((C*(X_0)-X_0*X_1*C-C))/C*X_1)*C/X_3,"['C', '*', 'X_0', '/', 'C', '/', 'C', '+', '(', 'X_2', '*', '(', '(', 'C', '*', '(', 'X_0', ')', '-', 'X_0', '*', 'X_1', '*', 'C', '-', 'C', ')', ')', '/', 'C', '*', 'X_1', ')', '*', 'C', '/', 'X_3']","[np.float64(-1.6644845847046822e-06), np.float64(-3.823094173584884), np.float64(-4.999999999836922), np.float64(-4.495851461774722), np.float64(5.825231230481382e-07), np.float64(-2.4858519755124725e-06), np.float64(3.742506708190154), np.float64(0.8324354405591261)]",j = -rho_c_0*q*A_vec/m,"['u-', 'X_0', '*', 'X_1', '*', 'X_2', '/', 'X_3']",4,10000,(((((C*X_0)*X_1^2)*X_2)/X_3+(((C*X_0)*X_1)*X_2)/X_3)+C*X_0)+((C*X_1)*X_2)/X_3
III.21.20,2,GRAMS-PUCT,RMSE,6.314602682918209e-07,False,(C*C-X_0*X_1/X_3/C*X_2),"['(', 'C', '*', 'C', '-', 'X_0', '*', 'X_1', '/', 'X_3', '/', 'C', '*', 'X_2', ')']","[np.float64(-1.713106867749097), np.float64(-3.9940288467574983e-07), np.float64(0.9999999368536089)]",j = -rho_c_0*q*A_vec/m,"['u-', 'X_0', '*', 'X_1', '*', 'X_2', '/', 'X_3']",4,10000,(((C*X_0)*X_1)*X_2)/X_3+C
III.21.20,0,GRAMS-UCT,BIC,1.1643772744194058e-06,False,(X_0+C)/(C*(X_3/X_1-C/C))*X_2,"['(', 'X_0', '+', 'C', ')', '/', '(', 'C', '*', '(', 'X_3', '/', 'X_1', '-', 'C', '/', 'C', ')', ')', '*', 'X_2']","[np.float64(-1.918342527875194e-07), np.float64(-0.9999997686564727), np.float64(-2.904504427997155e-07), np.float64(4.9999514674619085)]",j = -rho_c_0*q*A_vec/m,"['u-', 'X_0', '*', 'X_1', '*', 'X_2', '/', 'X_3']",4,10000,((C*X_0)*X_2)/(C+X_3/X_1)+(C*X_2)/(C+X_3/X_1)
III.21.20,1,GRAMS-UCT,BIC,0.7582638616643558,False,X_1*C*X_0*X_2*C/X_3-sin(X_0),"['X_1', '*', 'C', '*', 'X_0', '*', 'X_2', '*', 'C', '/', 'X_3', '-', 'sin', '(', 'X_0', ')']","[np.float64(0.9994803551049841), np.float64(-1.0114352076852202)]",j = -rho_c_0*q*A_vec/m,"['u-', 'X_0', '*', 'X_1', '*', 'X_2', '/', 'X_3']",4,10000,(((C*X_0)*X_1)*X_2)/X_3-sin(X_0)
III.21.20,2,GRAMS-UCT,BIC,3.195960667105896,False,X_1*C/X_3-X_3-(((X_3-X_0-C-(X_2))*X_1*C*X_2)-X_0-C+X_0)+C*(C-C),"['X_1', '*', 'C', '/', 'X_3', '-', 'X_3', '-', '(', '(', '(', 'X_3', '-', 'X_0', '-', 'C', '-', '(', 'X_2', ')', ')', '*', 'X_1', '*', 'C', '*', 'X_2', ')', '-', 'X_0', '-', 'C', '+', 'X_0', ')', '+', 'C', '*', '(', 'C', '-', 'C', ')']","[np.float64(-5.0), np.float64(-2.1325130064791), np.float64(-0.3332765456668192), np.float64(3.8140488746023453), np.float64(-0.5086209968772399), np.float64(3.080155183706675), np.float64(-0.28364485739373607)]",j = -rho_c_0*q*A_vec/m,"['u-', 'X_0', '*', 'X_1', '*', 'X_2', '/', 'X_3']",4,10000,(((((((C*X_0)*X_1)*X_2+(C*X_1)*X_2^2)+((C*X_1)*X_2)*X_3)+(C*X_1)*X_2)+(C*X_1)/X_3)+C)+-1*X_3
III.21.20,0,GRAMS-UCT,RMSE,0.4717410117300397,False,C/X_2/X_2-cos(X_1)-exp(C)*C+(C/X_3*X_2)*X_0*X_1-X_2/C-(C)-X_3+X_3,"['C', '/', 'X_2', '/', 'X_2', '-', 'cos', '(', 'X_1', ')', '-', 'exp', '(', 'C', ')', '*', 'C', '+', '(', 'C', '/', 'X_3', '*', 'X_2', ')', '*', 'X_0', '*', 'X_1', '-', 'X_2', '/', 'C', '-', '(', 'C', ')', '-', 'X_3', '+', 'X_3']","[np.float64(-0.947141052184478), np.float64(-4.999937554232678), np.float64(-4.502808002007227), np.float64(-1.0013366844090854), np.float64(5.0), np.float64(-0.3245328177724731)]",j = -rho_c_0*q*A_vec/m,"['u-', 'X_0', '*', 'X_1', '*', 'X_2', '/', 'X_3']",4,10000,((((((C*X_0)*X_1)*X_2)/X_3+C*X_2)+C)+C/X_2^2)+-1*cos(X_1)
III.21.20,1,GRAMS-UCT,RMSE,3.286499278596691e-08,True,X_1*C*X_0*C/X_3*C*X_2,"['X_1', '*', 'C', '*', 'X_0', '*', 'C', '/', 'X_3', '*', 'C', '*', 'X_2']","[np.float64(2.691300690579239), np.float64(-0.19129450016995805), np.float64(1.9423849041523897)]",j = -rho_c_0*q*A_vec/m,"['u-', 'X_0', '*', 'X_1', '*', 'X_2', '/', 'X_3']",4,4405,(((C*X_0)*X_1)*X_2)/X_3
III.21.20,2,GRAMS-UCT,RMSE,1.7132670267751948e-06,False,(X_1*C*X_2*X_0)/X_3-C/X_3-C-(X_2*X_0*C)+C,"['(', 'X_1', '*', 'C', '*', 'X_2', '*', 'X_0', ')', '/', 'X_3', '-', 'C', '/', 'X_3', '-', 'C', '-', '(', 'X_2', '*', 'X_0', '*', 'C', ')', '+', 'C']","[np.float64(-0.9999999531291978), np.float64(4.362769766264978e-06), np.float64(0.8780771116678436), np.float64(-2.404661414821097e-07), np.float64(0.878076711118171)]",j = -rho_c_0*q*A_vec/m,"['u-', 'X_0', '*', 'X_1', '*', 'X_2', '/', 'X_3']",4,10000,(((((C*X_0)*X_1)*X_2)/X_3+(C*X_0)*X_2)+C)+C/X_3
III.21.20,0,MC,N/A,3.630395549990055,False,X_3-X_1/C+C/X_3-(X_0/C*X_1/X_3-X_2)*C,"['X_3', '-', 'X_1', '/', 'C', '+', 'C', '/', 'X_3', '-', '(', 'X_0', '/', 'C', '*', 'X_1', '/', 'X_3', '-', 'X_2', ')', '*', 'C']","[np.float64(-1.2107313876143142), np.float64(5.0), np.float64(-0.9208532699929527), np.float64(-2.699073056267069)]",j = -rho_c_0*q*A_vec/m,"['u-', 'X_0', '*', 'X_1', '*', 'X_2', '/', 'X_3']",4,10000,(((((C*X_0)*X_1)/X_3+C*X_1)+C*X_2)+C/X_3)+X_3
III.21.20,1,MC,N/A,8.858487232721979e-07,False,(X_2*((C*(X_0)-X_0*X_1*C-C))/C*X_1)*C/X_3,"['(', 'X_2', '*', '(', '(', 'C', '*', '(', 'X_0', ')', '-', 'X_0', '*', 'X_1', '*', 'C', '-', 'C', ')', ')', '/', 'C', '*', 'X_1', ')', '*', 'C', '/', 'X_3']","[np.float64(-4.914271108710961), np.float64(-5.2994927659964416e-08), np.float64(-2.4347758655750307e-06), np.float64(-4.600643253911166), np.float64(-0.9361803430639477)]",j = -rho_c_0*q*A_vec/m,"['u-', 'X_0', '*', 'X_1', '*', 'X_2', '/', 'X_3']",4,10000,((((C*X_0)*X_1^2)*X_2)/X_3+(((C*X_0)*X_1)*X_2)/X_3)+((C*X_1)*X_2)/X_3
III.21.20,2,MC,N/A,0.5939367984052649,False,C*X_2-(cos(X_1/C/C/X_2*C)/C*X_0+C*X_2/X_3)*(C)*(X_0)*X_1+C/X_1,"['C', '*', 'X_2', '-', '(', 'cos', '(', 'X_1', '/', 'C', '/', 'C', '/', 'X_2', '*', 'C', ')', '/', 'C', '*', 'X_0', '+', 'C', '*', 'X_2', '/', 'X_3', ')', '*', '(', 'C', ')', '*', '(', 'X_0', ')', '*', 'X_1', '+', 'C', '/', 'X_1']","[np.float64(0.05154096638502186), np.float64(-3.4051413445654615), np.float64(-2.977451515656696), np.float64(5.0), np.float64(5.0), np.float64(5.0), np.float64(0.18916701012852838), np.float64(0.2207195552421666)]",j = -rho_c_0*q*A_vec/m,"['u-', 'X_0', '*', 'X_1', '*', 'X_2', '/', 'X_3']",4,10000,((((C*X_0^2)*X_1)*cos((C*X_1)/X_2)+(((C*X_0)*X_1)*X_2)/X_3)+C*X_2)+C/X_1
III.4.32,0,GRAMS-PUCT,BIC,0.01617414774329712,False,(C*X_3/X_0*X_2)*C*(C)/X_1-C,"['(', 'C', '*', 'X_3', '/', 'X_0', '*', 'X_2', ')', '*', 'C', '*', '(', 'C', ')', '/', 'X_1', '-', 'C']","[np.float64(-0.920854339160351), np.float64(-1.5413583405563214), np.float64(4.421933333725961), np.float64(0.4708857537041875)]",n = 1/(exp((h/(2*pi))*omega/(kb*T))-1),"['1', '/', '(', 'exp', '(', '(', 'X_0', '/', '(', '2', '*', 'pi', ')', ')', '*', 'X_1', '/', '(', 'X_2', '*', 'X_3', ')', ')', '-', '1', ')']",4,10000,((C*X_2)*X_3)/(X_0*X_1)+C
III.4.32,1,GRAMS-PUCT,BIC,3.7664414104652333,False,C*C-(X_1/X_1*C/X_0*X_3*(C*X_3/(X_1)-X_2/(C)*X_2+X_2)*C/C)-X_0*C,"['C', '*', 'C', '-', '(', 'X_1', '/', 'X_1', '*', 'C', '/', 'X_0', '*', 'X_3', '*', '(', 'C', '*', 'X_3', '/', '(', 'X_1', ')', '-', 'X_2', '/', '(', 'C', ')', '*', 'X_2', '+', 'X_2', ')', '*', 'C', '/', 'C', ')', '-', 'X_0', '*', 'C']","[np.float64(-2.232876339818603), np.float64(0.4863675329939532), np.float64(1.3072530645233909), np.float64(5.0), np.float64(-2.4213379648392257), np.float64(1.9683722616329553), np.float64(-4.662980696978901), np.float64(-0.0965392563984846)]",n = 1/(exp((h/(2*pi))*omega/(kb*T))-1),"['1', '/', '(', 'exp', '(', '(', 'X_0', '/', '(', '2', '*', 'pi', ')', ')', '*', 'X_1', '/', '(', 'X_2', '*', 'X_3', ')', ')', '-', '1', ')']",4,10000,(((C*X_0+(C*X_3^2)/(X_0*X_1))+C)+((C*X_2^2)*X_3)/X_0)+((C*X_2)*X_3)/X_0
III.4.32,2,GRAMS-PUCT,BIC,3.14632047779874,False,((X_3/X_2+(X_0*X_3)*exp(X_0*C)*X_2)/(X_0-(X_1/(X_2/C/X_2*C)+C*(C+X_1+C*X_2)/C)/C)/X_1),"['(', '(', 'X_3', '/', 'X_2', '+', '(', 'X_0', '*', 'X_3', ')', '*', 'exp', '(', 'X_0', '*', 'C', ')', '*', 'X_2', ')', '/', '(', 'X_0', '-', '(', 'X_1', '/', '(', 'X_2', '/', 'C', '/', 'X_2', '*', 'C', ')', '+', 'C', '*', '(', 'C', '+', 'X_1', '+', 'C', '*', 'X_2', ')', '/', 'C', ')', '/', 'C', ')', '/', 'X_1', ')']","[np.float64(0.08478875614246552), np.float64(3.5384679271903647), np.float64(3.6750921195378825), np.float64(-1.025087303961823), np.float64(-4.2538984359661), np.float64(-0.04699574725236072), np.float64(1.0580424843990568), np.float64(4.9376743931990825)]",n = 1/(exp((h/(2*pi))*omega/(kb*T))-1),"['1', '/', '(', 'exp', '(', '(', 'X_0', '/', '(', '2', '*', 'pi', ')', ')', '*', 'X_1', '/', '(', 'X_2', '*', 'X_3', ')', ')', '-', '1', ')']",4,10000,(((X_0*X_2)*X_3)*exp(C*X_0))/((((2*C)*X_1^2+(C*X_1)*X_2)+C*X_1)+X_0*X_1)+X_3/(((((2*C)*X_1^2)*X_2+(C*X_1)*X_2^2)+(C*X_1)*X_2)+(X_0*X_1)*X_2)
III.4.32,0,GRAMS-PUCT,RMSE,1.6547056073765831,False,C/sin(exp(C*X_0)-C)/X_1*X_3/X_1*((C-X_2)+X_1/C),"['C', '/', 'sin', '(', 'exp', '(', 'C', '*', 'X_0', ')', '-', 'C', ')', '/', 'X_1', '*', 'X_3', '/', 'X_1', '*', '(', '(', 'C', '-', 'X_2', ')', '+', 'X_1', '/', 'C', ')']","[np.float64(-0.014941516794614489), np.float64(-0.0016397968891346628), np.float64(-2.1416453727083087), np.float64(2.919732703007524), np.float64(-0.523480913320448)]",n = 1/(exp((h/(2*pi))*omega/(kb*T))-1),"['1', '/', '(', 'exp', '(', '(', 'X_0', '/', '(', '2', '*', 'pi', ')', ')', '*', 'X_1', '/', '(', 'X_2', '*', 'X_3', ')', ')', '-', '1', ')']",4,10000,(((C*X_2)*X_3)/(X_1^2*sin(C-exp(C*X_0)))+(C*X_3)/(X_1^2*sin(C-exp(C*X_0))))+(C*X_3)/(X_1*sin(C-exp(C*X_0)))
III.4.32,1,GRAMS-PUCT,RMSE,0.016091387587415323,False,C-((C/C*C-X_3)*(X_2*C/C)/X_1/X_0),"['C', '-', '(', '(', 'C', '/', 'C', '*', 'C', '-', 'X_3', ')', '*', '(', 'X_2', '*', 'C', '/', 'C', ')', '/', 'X_1', '/', 'X_0', ')']","[np.float64(-0.4699622455997442), np.float64(-0.0008015451109496297), np.float64(-2.398069717884532), np.float64(3.5376487490784148), np.float64(4.9010541397499585), np.float64(0.780645962264086)]",n = 1/(exp((h/(2*pi))*omega/(kb*T))-1),"['1', '/', '(', 'exp', '(', '(', 'X_0', '/', '(', '2', '*', 'pi', ')', ')', '*', 'X_1', '/', '(', 'X_2', '*', 'X_3', ')', ')', '-', '1', ')']",4,10000,(((C*X_2)*X_3)/(X_0*X_1)+(C*X_2)/(X_0*X_1))+C
III.4.32,2,GRAMS-PUCT,RMSE,3.6265771768811224,False,C*X_3*(C*X_1*X_2+C*C*exp(C-X_0)-X_2/X_1)+C/X_0*C/X_0/X_0,"['C', '*', 'X_3', '*', '(', 'C', '*', 'X_1', '*', 'X_2', '+', 'C', '*', 'C', '*', 'exp', '(', 'C', '-', 'X_0', ')', '-', 'X_2', '/', 'X_1', ')', '+', 'C', '/', 'X_0', '*', 'C', '/', 'X_0', '/', 'X_0']","[np.float64(-2.1076617883414506), np.float64(0.0353000493102393), np.float64(-3.097518729399722), np.float64(3.96179812361545), np.float64(-0.7061138167738932), np.float64(-4.9415172603358375), np.float64(-0.44238229256135736)]",n = 1/(exp((h/(2*pi))*omega/(kb*T))-1),"['1', '/', '(', 'exp', '(', '(', 'X_0', '/', '(', '2', '*', 'pi', ')', ')', '*', 'X_1', '/', '(', 'X_2', '*', 'X_3', ')', ')', '-', '1', ')']",4,10000,((((C*X_1)*X_2)*X_3+(C*X_3)*exp(-1*X_0))+((C*X_2)*X_3)/X_1)+C/X_0^3
III.4.32,0,GRAMS-UCT,BIC,2.952668880861328,False,C/(X_1/C-C)*(X_2*C+C*C/(X_3))*((X_0-C)/X_1)*C*X_3+X_1,"['C', '/', '(', 'X_1', '/', 'C', '-', 'C', ')', '*', '(', 'X_2', '*', 'C', '+', 'C', '*', 'C', '/', '(', 'X_3', ')', ')', '*', '(', '(', 'X_0', '-', 'C', ')', '/', 'X_1', ')', '*', 'C', '*', 'X_3', '+', 'X_1']","[np.float64(3.6270695569758016), np.float64(2.056955638719121), np.float64(-1.5009153975344405), np.float64(2.633873846732949), np.float64(3.580909288510923), np.float64(-1.278357216597526), np.float64(5.0), np.float64(-0.2995825785794372)]",n = 1/(exp((h/(2*pi))*omega/(kb*T))-1),"['1', '/', '(', 'exp', '(', '(', 'X_0', '/', '(', '2', '*', 'pi', ')', ')', '*', 'X_1', '/', '(', 'X_2', '*', 'X_3', ')', ')', '-', '1', ')']",4,10000,((((((C*X_0)*X_2)*X_3)/(C*X_1^2+C*X_1)+(C*X_0)/(C*X_1^2+C*X_1))+((C*X_2)*X_3)/(C*X_1^2+C*X_1))+C/(C*X_1^2+C*X_1))+X_1
III.4.32,1,GRAMS-UCT,BIC,0.016174147216180008,False,C/X_1*X_3/X_0*X_2/C*C-C,"['C', '/', 'X_1', '*', 'X_3', '/', 'X_0', '*', 'X_2', '/', 'C', '*', 'C', '-', 'C']","[np.float64(4.969933641199503), np.float64(3.959258698761402), np.float64(4.999998321906859), np.float64(0.47088016970019747)]",n = 1/(exp((h/(2*pi))*omega/(kb*T))-1),"['1', '/', '(', 'exp', '(', '(', 'X_0', '/', '(', '2', '*', 'pi', ')', ')', '*', 'X_1', '/', '(', 'X_2', '*', 'X_3', ')', ')', '-', '1', ')']",4,10000,((C*X_2)*X_3)/(X_0*X_1)+C
III.4.32,2,GRAMS-UCT,BIC,0.33546141160205145,False,X_2*C/X_0/C*C/X_1/C*X_3,"['X_2', '*', 'C', '/', 'X_0', '/', 'C', '*', 'C', '/', 'X_1', '/', 'C', '*', 'X_3']","[np.float64(-4.452920912142162), np.float64(1.094329753690968), np.float64(5.0), np.float64(-3.327482445626624)]",n = 1/(exp((h/(2*pi))*omega/(kb*T))-1),"['1', '/', '(', 'exp', '(', '(', 'X_0', '/', '(', '2', '*', 'pi', ')', ')', '*', 'X_1', '/', '(', 'X_2', '*', 'X_3', ')', ')', '-', '1', ')']",4,10000,((C*X_2)*X_3)/(X_0*X_1)
III.4.32,0,GRAMS-UCT,RMSE,3.533365235801596,False,C+X_2*X_3-(X_2/X_0)/C/X_1-X_2+C+C,"['C', '+', 'X_2', '*', 'X_3', '-', '(', 'X_2', '/', 'X_0', ')', '/', 'C', '/', 'X_1', '-', 'X_2', '+', 'C', '+', 'C']","[np.float64(0.9737238623385047), np.float64(-0.061734731993607204), np.float64(-4.735121551781347), np.float64(-1.498217982830914)]",n = 1/(exp((h/(2*pi))*omega/(kb*T))-1),"['1', '/', '(', 'exp', '(', '(', 'X_0', '/', '(', '2', '*', 'pi', ')', ')', '*', 'X_1', '/', '(', 'X_2', '*', 'X_3', ')', ')', '-', '1', ')']",4,10000,(((C*X_2)/(X_0*X_1)+C)+X_2*X_3)+-1*X_2
III.4.32,1,GRAMS-UCT,RMSE,2.439084576695279,False,C*sin(C)/X_1*X_3*X_2/X_0-exp(C+X_1)-X_2+C,"['C', '*', 'sin', '(', 'C', ')', '/', 'X_1', '*', 'X_3', '*', 'X_2', '/', 'X_0', '-', 'exp', '(', 'C', '+', 'X_1', ')', '-', 'X_2', '+', 'C']","[np.float64(5.0), np.float64(-4.712376925045317), np.float64(-4.120122191911897), np.float64(4.9703648108660525)]",n = 1/(exp((h/(2*pi))*omega/(kb*T))-1),"['1', '/', '(', 'exp', '(', '(', 'X_0', '/', '(', '2', '*', 'pi', ')', ')', '*', 'X_1', '/', '(', 'X_2', '*', 'X_3', ')', ')', '-', '1', ')']",4,10000,((((C*X_2)*X_3)/(X_0*X_1)+C*exp(X_1))+C)+-1*X_2
III.4.32,2,GRAMS-UCT,RMSE,0.01617414796270443,False,(X_3/X_1)/X_0*C*C*X_2*C*C+X_3-X_3-C,"['(', 'X_3', '/', 'X_1', ')', '/', 'X_0', '*', 'C', '*', 'C', '*', 'X_2', '*', 'C', '*', 'C', '+', 'X_3', '-', 'X_3', '-', 'C']","[np.float64(1.8049466176425952), np.float64(-1.6713039500190794), np.float64(0.4161185164737456), np.float64(-4.999999406508396), np.float64(0.47088231162931354)]",n = 1/(exp((h/(2*pi))*omega/(kb*T))-1),"['1', '/', '(', 'exp', '(', '(', 'X_0', '/', '(', '2', '*', 'pi', ')', ')', '*', 'X_1', '/', '(', 'X_2', '*', 'X_3', ')', ')', '-', '1', ')']",4,10000,((C*X_2)*X_3)/(X_0*X_1)+C
III.4.32,0,MC,N/A,0.3354614115947942,False,C/X_0*X_3*C/C*X_2/X_1,"['C', '/', 'X_0', '*', 'X_3', '*', 'C', '/', 'C', '*', 'X_2', '/', 'X_1']","[np.float64(3.638563994063926), np.float64(-1.9762598261853415), np.float64(-1.1760428292646727)]",n = 1/(exp((h/(2*pi))*omega/(kb*T))-1),"['1', '/', '(', 'exp', '(', '(', 'X_0', '/', '(', '2', '*', 'pi', ')', ')', '*', 'X_1', '/', '(', 'X_2', '*', 'X_3', ')', ')', '-', '1', ')']",4,10000,((C*X_2)*X_3)/(X_0*X_1)
III.4.32,1,MC,N/A,3.457119864362176,False,(((X_1*X_2/(C)+X_0/C+(X_2*X_3/X_1))*X_0/(X_0*X_0+X_1*C)*C)),"['(', '(', '(', 'X_1', '*', 'X_2', '/', '(', 'C', ')', '+', 'X_0', '/', 'C', '+', '(', 'X_2', '*', 'X_3', '/', 'X_1', ')', ')', '*', 'X_0', '/', '(', 'X_0', '*', 'X_0', '+', 'X_1', '*', 'C', ')', '*', 'C', ')', ')']","[np.float64(5.0), np.float64(5.0), np.float64(0.14413717349918134), np.float64(4.675798589742421)]",n = 1/(exp((h/(2*pi))*omega/(kb*T))-1),"['1', '/', '(', 'exp', '(', '(', 'X_0', '/', '(', '2', '*', 'pi', ')', ')', '*', 'X_1', '/', '(', 'X_2', '*', 'X_3', ')', ')', '-', '1', ')']",4,10000,((C*X_0^2)/(C*X_1+X_0^2)+(((C*X_0)*X_1)*X_2)/(C*X_1+X_0^2))+(((C*X_0)*X_2)*X_3)/(C*X_1^2+X_0^2*X_1)
III.4.32,2,MC,N/A,2.1399435616714384,False,(X_3)*C/X_1*X_0*(X_2*exp(X_0*C/C))*C,"['(', 'X_3', ')', '*', 'C', '/', 'X_1', '*', 'X_0', '*', '(', 'X_2', '*', 'exp', '(', 'X_0', '*', 'C', '/', 'C', ')', ')', '*', 'C']","[np.float64(2.8105544894336125), np.float64(-4.352158448312633), np.float64(4.687496127491159), np.float64(4.101034719730566)]",n = 1/(exp((h/(2*pi))*omega/(kb*T))-1),"['1', '/', '(', 'exp', '(', '(', 'X_0', '/', '(', '2', '*', 'pi', ')', ')', '*', 'X_1', '/', '(', 'X_2', '*', 'X_3', ')', ')', '-', '1', ')']",4,10000,((((C*X_0)*X_2)*X_3)*exp(C*X_0))/X_1
III.4.33,0,GRAMS-PUCT,BIC,0.23815140712565738,False,C*(X_2*X_3-X_1+C*(X_1-C)-C*X_0/(C)*(X_3)/C/X_2*C),"['C', '*', '(', 'X_2', '*', 'X_3', '-', 'X_1', '+', 'C', '*', '(', 'X_1', '-', 'C', ')', '-', 'C', '*', 'X_0', '/', '(', 'C', ')', '*', '(', 'X_3', ')', '/', 'C', '/', 'X_2', '*', 'C', ')']","[np.float64(0.9932610910217582), np.float64(0.7824125443071891), np.float64(-0.24578645648487196), np.float64(-0.20803346486042854), np.float64(4.972178108035464), np.float64(4.6713016032698595), np.float64(-4.985304696135753)]",E_n = (h/(2*pi))*omega/(exp((h/(2*pi))*omega/(kb*T))-1),"['(', 'X_0', '/', '(', '2', '*', 'pi', ')', ')', '*', 'X_1', '/', '(', 'exp', '(', '(', 'X_0', '/', '(', '2', '*', 'pi', ')', ')', '*', 'X_1', '/', '(', 'X_2', '*', 'X_3', ')', ')', '-', '1', ')']",4,10000,((((C*X_0)*X_3)/X_2+(2*C)*X_1)+(C*X_2)*X_3)+C
III.4.33,1,GRAMS-PUCT,BIC,0.03265735233596056,False,C/(C)*C*X_2*X_3+X_1/((C/C))*X_0-C*X_3-C/(X_2-X_3*X_2+C),"['C', '/', '(', 'C', ')', '*', 'C', '*', 'X_2', '*', 'X_3', '+', 'X_1', '/', '(', '(', 'C', '/', 'C', ')', ')', '*', 'X_0', '-', 'C', '*', 'X_3', '-', 'C', '/', '(', 'X_2', '-', 'X_3', '*', 'X_2', '+', 'C', ')']","[np.float64(2.734676261824637), np.float64(4.354316858486456), np.float64(1.5877169304292635), np.float64(-4.995263877852155), np.float64(0.36161813405724136), np.float64(0.004002879614037585), np.float64(0.09223401004515618), np.float64(-4.999994843618124)]",E_n = (h/(2*pi))*omega/(exp((h/(2*pi))*omega/(kb*T))-1),"['(', 'X_0', '/', '(', '2', '*', 'pi', ')', ')', '*', 'X_1', '/', '(', 'exp', '(', '(', 'X_0', '/', '(', '2', '*', 'pi', ')', ')', '*', 'X_1', '/', '(', 'X_2', '*', 'X_3', ')', ')', '-', '1', ')']",4,10000,(((C*X_0)*X_1+(C*X_2)*X_3)+C*X_3)+C/((C+-1*(X_2*X_3))+X_2)
III.4.33,2,GRAMS-PUCT,BIC,0.2070084114481801,False,C+(X_0-X_1/X_0/C)*C+X_3*X_2,"['C', '+', '(', 'X_0', '-', 'X_1', '/', 'X_0', '/', 'C', ')', '*', 'C', '+', 'X_3', '*', 'X_2']","[np.float64(0.7559777232103364), np.float64(-1.1791670053982692), np.float64(-0.35607156731896855)]",E_n = (h/(2*pi))*omega/(exp((h/(2*pi))*omega/(kb*T))-1),"['(', 'X_0', '/', '(', '2', '*', 'pi', ')', ')', '*', 'X_1', '/', '(', 'exp', '(', '(', 'X_0', '/', '(', '2', '*', 'pi', ')', ')', '*', 'X_1', '/', '(', 'X_2', '*', 'X_3', ')', ')', '-', '1', ')']",4,10000,((C*X_0+C)+(C*X_1)/X_0)+X_2*X_3
III.4.33,0,GRAMS-PUCT,RMSE,0.09712338322804474,False,(C*C+C*X_1*C+X_2*X_3-C)-C*X_0,"['(', 'C', '*', 'C', '+', 'C', '*', 'X_1', '*', 'C', '+', 'X_2', '*', 'X_3', '-', 'C', ')', '-', 'C', '*', 'X_0']","[np.float64(1.3623015640404312), np.float64(0.4912996517255527), np.float64(-0.1872973632529424), np.float64(1.1592592234161099), np.float64(0.044738380625582205), np.float64(0.2173593765022961)]",E_n = (h/(2*pi))*omega/(exp((h/(2*pi))*omega/(kb*T))-1),"['(', 'X_0', '/', '(', '2', '*', 'pi', ')', ')', '*', 'X_1', '/', '(', 'exp', '(', '(', 'X_0', '/', '(', '2', '*', 'pi', ')', ')', '*', 'X_1', '/', '(', 'X_2', '*', 'X_3', ')', ')', '-', '1', ')']",4,10000,((C*X_0+C*X_1)+C)+X_2*X_3
III.4.33,1,GRAMS-PUCT,RMSE,0.26780379629412826,False,(X_0*C+C+(((C/C/(X_0)-C-X_0+(C*X_3*X_2))*C))),"['(', 'X_0', '*', 'C', '+', 'C', '+', '(', '(', '(', 'C', '/', 'C', '/', '(', 'X_0', ')', '-', 'C', '-', 'X_0', '+', '(', 'C', '*', 'X_3', '*', 'X_2', ')', ')', '*', 'C', ')', ')', ')']","[np.float64(-0.0037505169301007522), np.float64(0.6971836432366478), np.float64(1.7233448322738771), np.float64(4.744752087130743), np.float64(3.8003046199266706), np.float64(4.999550177788598), np.float64(0.19923358155138815)]",E_n = (h/(2*pi))*omega/(exp((h/(2*pi))*omega/(kb*T))-1),"['(', 'X_0', '/', '(', '2', '*', 'pi', ')', ')', '*', 'X_1', '/', '(', 'exp', '(', '(', 'X_0', '/', '(', '2', '*', 'pi', ')', ')', '*', 'X_1', '/', '(', 'X_2', '*', 'X_3', ')', ')', '-', '1', ')']",4,10000,(((2*C)*X_0+(C*X_2)*X_3)+C)+C/X_0
III.4.33,2,GRAMS-PUCT,RMSE,0.2694905817684488,False,X_3*X_2-C*(C/C-C-X_1),"['X_3', '*', 'X_2', '-', 'C', '*', '(', 'C', '/', 'C', '-', 'C', '-', 'X_1', ')']","[np.float64(-0.2154778947866276), np.float64(-4.734613843886241), np.float64(-4.29065423167599), np.float64(1.2465775719946086)]",E_n = (h/(2*pi))*omega/(exp((h/(2*pi))*omega/(kb*T))-1),"['(', 'X_0', '/', '(', '2', '*', 'pi', ')', ')', '*', 'X_1', '/', '(', 'exp', '(', '(', 'X_0', '/', '(', '2', '*', 'pi', ')', ')', '*', 'X_1', '/', '(', 'X_2', '*', 'X_3', ')', ')', '-', '1', ')']",4,10000,(C*X_1+C)+X_2*X_3
III.4.33,0,GRAMS-UCT,BIC,0.09533144802502617,False,C/cos((C+X_0))-C+(C*X_0)-(X_2*X_3*C)+(C-(C/X_2))*X_2+(X_1)*C,"['C', '/', 'cos', '(', '(', 'C', '+', 'X_0', ')', ')', '-', 'C', '+', '(', 'C', '*', 'X_0', ')', '-', '(', 'X_2', '*', 'X_3', '*', 'C', ')', '+', '(', 'C', '-', '(', 'C', '/', 'X_2', ')', ')', '*', 'X_2', '+', '(', 'X_1', ')', '*', 'C']","[np.float64(-8.83170029968343e-06), np.float64(-3.4443772324613082), np.float64(0.151079950741014), np.float64(-0.21705699852358876), np.float64(-0.9971724216526416), np.float64(-0.004410647537261473), np.float64(-0.8136154189849656), np.float64(-0.21714042566864833)]",E_n = (h/(2*pi))*omega/(exp((h/(2*pi))*omega/(kb*T))-1),"['(', 'X_0', '/', '(', '2', '*', 'pi', ')', ')', '*', 'X_1', '/', '(', 'exp', '(', '(', 'X_0', '/', '(', '2', '*', 'pi', ')', ')', '*', 'X_1', '/', '(', 'X_2', '*', 'X_3', ')', ')', '-', '1', ')']",4,10000,((((C*X_0+C*X_1)+(C*X_2)*X_3)+C*X_2)+C)+C/cos(C+X_0)
III.4.33,1,GRAMS-UCT,BIC,0.10515103948537946,False,X_2*(C*X_2)/(X_3)*C*(C-X_0)/X_3+C*(X_1-C+(sqrt(X_2)-(C-(C*X_3*X_2)))+X_0),"['X_2', '*', '(', 'C', '*', 'X_2', ')', '/', '(', 'X_3', ')', '*', 'C', '*', '(', 'C', '-', 'X_0', ')', '/', 'X_3', '+', 'C', '*', '(', 'X_1', '-', 'C', '+', '(', 'sqrt', '(', 'X_2', ')', '-', '(', 'C', '-', '(', 'C', '*', 'X_3', '*', 'X_2', ')', ')', ')', '+', 'X_0', ')']","[np.float64(0.009025774958049976), np.float64(-0.41631796550227934), np.float64(0.6369462277746285), np.float64(-0.20144589896650297), np.float64(1.873885756203899), np.float64(2.0477974129535528), np.float64(-4.9993620605859705)]",E_n = (h/(2*pi))*omega/(exp((h/(2*pi))*omega/(kb*T))-1),"['(', 'X_0', '/', '(', '2', '*', 'pi', ')', ')', '*', 'X_1', '/', '(', 'exp', '(', '(', 'X_0', '/', '(', '2', '*', 'pi', ')', ')', '*', 'X_1', '/', '(', 'X_2', '*', 'X_3', ')', ')', '-', '1', ')']",4,10000,(((((((C*X_0)*X_2^2)/X_3^2+C*X_0)+C*X_1)+C*X_2^0.5)+(C*X_2^2)/X_3^2)+(C*X_2)*X_3)+C
III.4.33,2,GRAMS-UCT,BIC,0.2678252294315032,False,X_0*C+C*(X_3)*X_2,"['X_0', '*', 'C', '+', 'C', '*', '(', 'X_3', ')', '*', 'X_2']","[np.float64(-0.2138624638966047), np.float64(0.9961563260110146)]",E_n = (h/(2*pi))*omega/(exp((h/(2*pi))*omega/(kb*T))-1),"['(', 'X_0', '/', '(', '2', '*', 'pi', ')', ')', '*', 'X_1', '/', '(', 'exp', '(', '(', 'X_0', '/', '(', '2', '*', 'pi', ')', ')', '*', 'X_1', '/', '(', 'X_2', '*', 'X_3', ')', ')', '-', '1', ')']",4,10000,C*X_0+(C*X_2)*X_3
III.4.33,0,GRAMS-UCT,RMSE,0.20876965615986567,False,X_3*(X_2-X_2*(C/X_0*X_1/C)/X_0)+C*C*C+X_2*X_1/X_2*C,"['X_3', '*', '(', 'X_2', '-', 'X_2', '*', '(', 'C', '/', 'X_0', '*', 'X_1', '/', 'C', ')', '/', 'X_0', ')', '+', 'C', '*', 'C', '*', 'C', '+', 'X_2', '*', 'X_1', '/', 'X_2', '*', 'C']","[np.float64(0.08553795524899548), np.float64(-3.8272362023686113), np.float64(0.429812960373829), np.float64(3.4938235447222152), np.float64(-0.01967608478212469), np.float64(-0.2567102429084056)]",E_n = (h/(2*pi))*omega/(exp((h/(2*pi))*omega/(kb*T))-1),"['(', 'X_0', '/', '(', '2', '*', 'pi', ')', ')', '*', 'X_1', '/', '(', 'exp', '(', '(', 'X_0', '/', '(', '2', '*', 'pi', ')', ')', '*', 'X_1', '/', '(', 'X_2', '*', 'X_3', ')', ')', '-', '1', ')']",4,10000,((C*X_1+C)+(((C*X_1)*X_2)*X_3)/X_0^2)+X_2*X_3
III.4.33,1,GRAMS-UCT,RMSE,0.13535486615584935,False,X_1*C-C/C-C/X_0-X_2*X_3/(C)-C/C/C,"['X_1', '*', 'C', '-', 'C', '/', 'C', '-', 'C', '/', 'X_0', '-', 'X_2', '*', 'X_3', '/', '(', 'C', ')', '-', 'C', '/', 'C', '/', 'C']","[np.float64(-0.21668130261980084), np.float64(-0.8871347290970214), np.float64(-4.485087375465026), np.float64(-1.1881875681596423), np.float64(-1.0037529148189512), np.float64(-4.1863803361458904), np.float64(-4.164818899951755), np.float64(3.651653043761057)]",E_n = (h/(2*pi))*omega/(exp((h/(2*pi))*omega/(kb*T))-1),"['(', 'X_0', '/', '(', '2', '*', 'pi', ')', ')', '*', 'X_1', '/', '(', 'exp', '(', '(', 'X_0', '/', '(', '2', '*', 'pi', ')', ')', '*', 'X_1', '/', '(', 'X_2', '*', 'X_3', ')', ')', '-', '1', ')']",4,10000,((C*X_1+(C*X_2)*X_3)+C)+C/X_0
III.4.33,2,GRAMS-UCT,RMSE,0.0695865256978149,False,(sin(X_1)/C)*C*X_0+X_0*C-(C/X_0/C/X_3)-X_2/(C)*X_3+X_0-C,"['(', 'sin', '(', 'X_1', ')', '/', 'C', ')', '*', 'C', '*', 'X_0', '+', 'X_0', '*', 'C', '-', '(', 'C', '/', 'X_0', '/', 'C', '/', 'X_3', ')', '-', 'X_2', '/', '(', 'C', ')', '*', 'X_3', '+', 'X_0', '-', 'C']","[np.float64(4.9965276776376575), np.float64(0.5270226399250867), np.float64(-1.2234763632908878), np.float64(0.09096672757999329), np.float64(-4.999999940529577), np.float64(-1.0037002311253012), np.float64(-0.0008600748586484066)]",E_n = (h/(2*pi))*omega/(exp((h/(2*pi))*omega/(kb*T))-1),"['(', 'X_0', '/', '(', '2', '*', 'pi', ')', ')', '*', 'X_1', '/', '(', 'exp', '(', '(', 'X_0', '/', '(', '2', '*', 'pi', ')', ')', '*', 'X_1', '/', '(', 'X_2', '*', 'X_3', ')', ')', '-', '1', ')']",4,10000,(((((C*X_0)*sin(X_1)+C*X_0)+(C*X_2)*X_3)+C)+C/(X_0*X_3))+X_0
III.4.33,0,MC,N/A,0.26189944719599484,False,(X_3*X_2+X_3*C/X_3/sqrt(C/C/X_2/C/exp(X_1))/(X_0/C*cos(X_2)+X_2))+C,"['(', 'X_3', '*', 'X_2', '+', 'X_3', '*', 'C', '/', 'X_3', '/', 'sqrt', '(', 'C', '/', 'C', '/', 'X_2', '/', 'C', '/', 'exp', '(', 'X_1', ')', ')', '/', '(', 'X_0', '/', 'C', '*', 'cos', '(', 'X_2', ')', '+', 'X_2', ')', ')', '+', 'C']","[np.float64(-0.042046546658627004), np.float64(-4.229895227456525), np.float64(3.8082182244904255), np.float64(-4.788266782163613), np.float64(2.411527087724841), np.float64(-0.30705760352421807)]",E_n = (h/(2*pi))*omega/(exp((h/(2*pi))*omega/(kb*T))-1),"['(', 'X_0', '/', '(', '2', '*', 'pi', ')', ')', '*', 'X_1', '/', '(', 'exp', '(', '(', 'X_0', '/', '(', '2', '*', 'pi', ')', ')', '*', 'X_1', '/', '(', 'X_2', '*', 'X_3', ')', ')', '-', '1', ')']",4,10000,(C+C/(((C*X_0)*((C*exp(-1*X_1))/X_2)^0.5)*cos(X_2)+X_2*((C*exp(-1*X_1))/X_2)^0.5))+X_2*X_3
III.4.33,1,MC,N/A,0.26777008118426665,False,X_0*C-(X_3*(X_2)+C-C*X_2)*C,"['X_0', '*', 'C', '-', '(', 'X_3', '*', '(', 'X_2', ')', '+', 'C', '-', 'C', '*', 'X_2', ')', '*', 'C']","[np.float64(-0.21419721093751118), np.float64(0.012144075819536502), np.float64(0.00649640070594745), np.float64(-0.9971063655208163)]",E_n = (h/(2*pi))*omega/(exp((h/(2*pi))*omega/(kb*T))-1),"['(', 'X_0', '/', '(', '2', '*', 'pi', ')', ')', '*', 'X_1', '/', '(', 'exp', '(', '(', 'X_0', '/', '(', '2', '*', 'pi', ')', ')', '*', 'X_1', '/', '(', 'X_2', '*', 'X_3', ')', ')', '-', '1', ')']",4,10000,((C*X_0+(C*X_2)*X_3)+C*X_2)+C
III.4.33,2,MC,N/A,0.0386022723029502,False,X_2*X_3+C*(X_1*C*X_0+C)*X_0/(X_0),"['X_2', '*', 'X_3', '+', 'C', '*', '(', 'X_1', '*', 'C', '*', 'X_0', '+', 'C', ')', '*', 'X_0', '/', '(', 'X_0', ')']","[np.float64(-0.019759926808950664), np.float64(3.6530492631596916), np.float64(1.5455648444256802)]",E_n = (h/(2*pi))*omega/(exp((h/(2*pi))*omega/(kb*T))-1),"['(', 'X_0', '/', '(', '2', '*', 'pi', ')', ')', '*', 'X_1', '/', '(', 'exp', '(', '(', 'X_0', '/', '(', '2', '*', 'pi', ')', ')', '*', 'X_1', '/', '(', 'X_2', '*', 'X_3', ')', ')', '-', '1', ')']",4,10000,((C*X_0)*X_1+C)+X_2*X_3
III.7.38,0,GRAMS-PUCT,BIC,7.736947939786352e-09,True,C*X_0*X_1/X_2*C/C,"['C', '*', 'X_0', '*', 'X_1', '/', 'X_2', '*', 'C', '/', 'C']","[np.float64(4.999701426475693), np.float64(-4.999977003484017), np.float64(-1.9893088402758141)]",omega = 2*mom*B/(h/(2*pi)),"['2', '*', 'X_0', '*', 'X_1', '/', '(', 'X_2', '/', '(', '2', '*', 'pi', ')', ')']",3,7033,((C*X_0)*X_1)/X_2
III.7.38,1,GRAMS-PUCT,BIC,1.2888803876006948e-06,False,(X_1/C*X_0/X_2-C)*C*C,"['(', 'X_1', '/', 'C', '*', 'X_0', '/', 'X_2', '-', 'C', ')', '*', 'C', '*', 'C']","[np.float64(-0.7071006269938405), np.float64(6.147319878464169e-09), np.float64(4.489058966263449), np.float64(-1.9794101165182865)]",omega = 2*mom*B/(h/(2*pi)),"['2', '*', 'X_0', '*', 'X_1', '/', '(', 'X_2', '/', '(', '2', '*', 'pi', ')', ')']",3,10000,((C*X_0)*X_1)/X_2+C
III.7.38,2,GRAMS-PUCT,BIC,6.619462048454217e-08,True,(X_0/C/(C*X_2)*C*X_1),"['(', 'X_0', '/', 'C', '/', '(', 'C', '*', 'X_2', ')', '*', 'C', '*', 'X_1', ')']","[np.float64(-0.2146964087552824), np.float64(-1.7686042357795952), np.float64(4.771614002315341)]",omega = 2*mom*B/(h/(2*pi)),"['2', '*', 'X_0', '*', 'X_1', '/', '(', 'X_2', '/', '(', '2', '*', 'pi', ')', ')']",3,2333,((C*X_0)*X_1)/X_2
III.7.38,0,GRAMS-PUCT,RMSE,7.878928347473554e-08,True,X_0*(X_1*C/X_2)*C,"['X_0', '*', '(', 'X_1', '*', 'C', '/', 'X_2', ')', '*', 'C']","[np.float64(-3.229262649427957), np.float64(-3.8914055608551212)]",omega = 2*mom*B/(h/(2*pi)),"['2', '*', 'X_0', '*', 'X_1', '/', '(', 'X_2', '/', '(', '2', '*', 'pi', ')', ')']",3,7322,((C*X_0)*X_1)/X_2
III.7.38,1,GRAMS-PUCT,RMSE,8.42894434368234e-07,False,C*X_1*X_1/(C)/X_2/X_1*X_0+C*C,"['C', '*', 'X_1', '*', 'X_1', '/', '(', 'C', ')', '/', 'X_2', '/', 'X_1', '*', 'X_0', '+', 'C', '*', 'C']","[np.float64(4.767713290198197), np.float64(0.3794025622605612), np.float64(7.185225734069261e-07), np.float64(-1.8771633219020096)]",omega = 2*mom*B/(h/(2*pi)),"['2', '*', 'X_0', '*', 'X_1', '/', '(', 'X_2', '/', '(', '2', '*', 'pi', ')', ')']",3,10000,((C*X_0)*X_1)/X_2+C
III.7.38,2,GRAMS-PUCT,RMSE,9.651051799361244e-08,True,C+(X_1/C)*(C*X_0)/X_2,"['C', '+', '(', 'X_1', '/', 'C', ')', '*', '(', 'C', '*', 'X_0', ')', '/', 'X_2']","[np.float64(-1.4790741440626474e-07), np.float64(-0.26204602227791574), np.float64(-3.292967442183669)]",omega = 2*mom*B/(h/(2*pi)),"['2', '*', 'X_0', '*', 'X_1', '/', '(', 'X_2', '/', '(', '2', '*', 'pi', ')', ')']",3,4365,((C*X_0)*X_1)/X_2+C
III.7.38,0,GRAMS-UCT,BIC,2.172044634833872e-08,True,X_0/C/C*X_1/X_2/C*C*((C*C))/C,"['X_0', '/', 'C', '/', 'C', '*', 'X_1', '/', 'X_2', '/', 'C', '*', 'C', '*', '(', '(', 'C', '*', 'C', ')', ')', '/', 'C']","[np.float64(-1.4531489067931271), np.float64(1.3120291522864078), np.float64(1.540256625609455), np.float64(4.99999999018709), np.float64(-4.999999989652611), np.float64(4.999999979609804), np.float64(3.3872983894275457)]",omega = 2*mom*B/(h/(2*pi)),"['2', '*', 'X_0', '*', 'X_1', '/', '(', 'X_2', '/', '(', '2', '*', 'pi', ')', ')']",3,876,((C*X_0)*X_1)/X_2
III.7.38,1,GRAMS-UCT,BIC,2.5946276152263643e-08,True,X_1/(X_2)*C/((C)/X_0/C)*X_1*C*C/X_1,"['X_1', '/', '(', 'X_2', ')', '*', 'C', '/', '(', '(', 'C', ')', '/', 'X_0', '/', 'C', ')', '*', 'X_1', '*', 'C', '*', 'C', '/', 'X_1']","[np.float64(2.6113286539109977), np.float64(3.881203749335715), np.float64(4.572233724668923), np.float64(-2.6570981683359194), np.float64(-1.5373712299943438)]",omega = 2*mom*B/(h/(2*pi)),"['2', '*', 'X_0', '*', 'X_1', '/', '(', 'X_2', '/', '(', '2', '*', 'pi', ')', ')']",3,3666,((C*X_0)*X_1)/X_2
III.7.38,2,GRAMS-UCT,BIC,1.7775986183431727e-08,True,X_1/C/X_2*C*X_0,"['X_1', '/', 'C', '/', 'X_2', '*', 'C', '*', 'X_0']","[np.float64(0.39788735369795836), np.float64(4.999999947801317)]",omega = 2*mom*B/(h/(2*pi)),"['2', '*', 'X_0', '*', 'X_1', '/', '(', 'X_2', '/', '(', '2', '*', 'pi', ')', ')']",3,8049,((C*X_0)*X_1)/X_2
III.7.38,0,GRAMS-UCT,RMSE,3.022188474534059e-08,True,C*C*X_0*X_1/X_2*C,"['C', '*', 'C', '*', 'X_0', '*', 'X_1', '/', 'X_2', '*', 'C']","[np.float64(-1.4176258035125062), np.float64(2.103268323246831), np.float64(-4.2145729272998995)]",omega = 2*mom*B/(h/(2*pi)),"['2', '*', 'X_0', '*', 'X_1', '/', '(', 'X_2', '/', '(', '2', '*', 'pi', ')', ')']",3,818,((C*X_0)*X_1)/X_2
III.7.38,1,GRAMS-UCT,RMSE,1.0042820236758262e-06,False,X_2+C*X_1*X_0/C/X_2-X_2,"['X_2', '+', 'C', '*', 'X_1', '*', 'X_0', '/', 'C', '/', 'X_2', '-', 'X_2']","[np.float64(1.264822143953122), np.float64(0.10065134642669067)]",omega = 2*mom*B/(h/(2*pi)),"['2', '*', 'X_0', '*', 'X_1', '/', '(', 'X_2', '/', '(', '2', '*', 'pi', ')', ')']",3,10000,((C*X_0)*X_1)/X_2
III.7.38,2,GRAMS-UCT,RMSE,1.9312321572450976e-08,True,X_0*C*X_1/X_2/(C)/C,"['X_0', '*', 'C', '*', 'X_1', '/', 'X_2', '/', '(', 'C', ')', '/', 'C']","[np.float64(4.998953294685563), np.float64(1.9702658049255963), np.float64(0.20190375452910195)]",omega = 2*mom*B/(h/(2*pi)),"['2', '*', 'X_0', '*', 'X_1', '/', '(', 'X_2', '/', '(', '2', '*', 'pi', ')', ')']",3,2630,((C*X_0)*X_1)/X_2
III.7.38,0,MC,N/A,1.4555078710297589e-08,True,C*X_0*(X_1/X_2/C),"['C', '*', 'X_0', '*', '(', 'X_1', '/', 'X_2', '/', 'C', ')']","[np.float64(-4.999965011234095), np.float64(-0.39788457331227306)]",omega = 2*mom*B/(h/(2*pi)),"['2', '*', 'X_0', '*', 'X_1', '/', '(', 'X_2', '/', '(', '2', '*', 'pi', ')', ')']",3,2113,((C*X_0)*X_1)/X_2
III.7.38,1,MC,N/A,9.553610777374624e-07,False,X_0*X_1*C/X_2/C,"['X_0', '*', 'X_1', '*', 'C', '/', 'X_2', '/', 'C']","[np.float64(5.0), np.float64(0.3978873511697311)]",omega = 2*mom*B/(h/(2*pi)),"['2', '*', 'X_0', '*', 'X_1', '/', '(', 'X_2', '/', '(', '2', '*', 'pi', ')', ')']",3,10000,((C*X_0)*X_1)/X_2
III.7.38,2,MC,N/A,0.5260363548807002,False,X_0/X_2*X_1/sin(C/C-C)+X_2/C,"['X_0', '/', 'X_2', '*', 'X_1', '/', 'sin', '(', 'C', '/', 'C', '-', 'C', ')', '+', 'X_2', '/', 'C']","[np.float64(-5.0), np.float64(4.152574709000584), np.float64(5.0), np.float64(-4.8867445260893385)]",omega = 2*mom*B/(h/(2*pi)),"['2', '*', 'X_0', '*', 'X_1', '/', '(', 'X_2', '/', '(', '2', '*', 'pi', ')', ')']",3,10000,((C*X_0)*X_1)/X_2+C*X_2
III.8.54,0,GRAMS-PUCT,BIC,0.34883578816274685,False,sin(C/X_2+(C/X_1)+X_1+C-X_1/X_0)*C-X_2+C*X_2,"['sin', '(', 'C', '/', 'X_2', '+', '(', 'C', '/', 'X_1', ')', '+', 'X_1', '+', 'C', '-', 'X_1', '/', 'X_0', ')', '*', 'C', '-', 'X_2', '+', 'C', '*', 'X_2']","[np.float64(1.3028921933616144), np.float64(-0.8003369951018776), np.float64(4.001437217006205), np.float64(-0.5515457862853888), np.float64(0.9933402260726548)]",prob = sin(E_n*t/(h/(2*pi)))**2,"['sin', '(', 'X_0', '*', 'X_1', '/', '(', 'X_2', '/', '(', '2', '*', 'pi', ')', ')', ')', '^2']",3,10000,(C*X_2+C*sin((((C+C/X_2)+C/X_1)+X_1)+-1*(X_1/X_0)))+-1*X_2
III.8.54,1,GRAMS-PUCT,BIC,0.32303666616811955,False,C*cos(X_2*sin(C/C*X_1+(exp(C/X_2-(X_0+(C+(X_0+X_1)))))*X_0*X_2)-X_1*X_2/C*C+C),"['C', '*', 'cos', '(', 'X_2', '*', 'sin', '(', 'C', '/', 'C', '*', 'X_1', '+', '(', 'exp', '(', 'C', '/', 'X_2', '-', '(', 'X_0', '+', '(', 'C', '+', '(', 'X_0', '+', 'X_1', ')', ')', ')', ')', ')', '*', 'X_0', '*', 'X_2', ')', '-', 'X_1', '*', 'X_2', '/', 'C', '*', 'C', '+', 'C', ')']","[np.float64(-0.6580208004477617), np.float64(-0.39503970212211004), np.float64(-4.3472497576287195), np.float64(-1.6690001845839806), np.float64(-3.22077945333152), np.float64(-5.0), np.float64(-1.7008621859299933), np.float64(-3.6125712325719497)]",prob = sin(E_n*t/(h/(2*pi)))**2,"['sin', '(', 'X_0', '*', 'X_1', '/', '(', 'X_2', '/', '(', '2', '*', 'pi', ')', ')', ')', '^2']",3,10000,C*cos(((C*X_1)*X_2+C)+X_2*sin(((((C*X_0)*X_2)*exp(-2*X_0))*exp(-1*X_1))*exp(C/X_2)+C*X_1))
III.8.54,2,GRAMS-PUCT,BIC,0.3491809120605964,False,C*X_1*(C/C*(C+X_2/X_0)/C+X_0*(X_1/C*C)-X_2),"['C', '*', 'X_1', '*', '(', 'C', '/', 'C', '*', '(', 'C', '+', 'X_2', '/', 'X_0', ')', '/', 'C', '+', 'X_0', '*', '(', 'X_1', '/', 'C', '*', 'C', ')', '-', 'X_2', ')']","[np.float64(-0.12487936670978655), np.float64(4.998948411440881), np.float64(1.405998745822781), np.float64(-3.1973918408477884), np.float64(2.2627476295534676), np.float64(2.1887885511181433), np.float64(2.0745761117668002)]",prob = sin(E_n*t/(h/(2*pi)))**2,"['sin', '(', 'X_0', '*', 'X_1', '/', '(', 'X_2', '/', '(', '2', '*', 'pi', ')', ')', ')', '^2']",3,10000,(((C*X_0)*X_1^2+(C*X_1)*X_2)+C*X_1)+((C*X_1)*X_2)/X_0
III.8.54,0,GRAMS-PUCT,RMSE,0.34677282477545274,False,cos(C*X_1-X_2+X_0/C*X_2/C+C-X_0/X_1)*C,"['cos', '(', 'C', '*', 'X_1', '-', 'X_2', '+', 'X_0', '/', 'C', '*', 'X_2', '/', 'C', '+', 'C', '-', 'X_0', '/', 'X_1', ')', '*', 'C']","[np.float64(0.22405611285628682), np.float64(0.4688682785855898), np.float64(4.449828404445266), np.float64(-1.8979559039964644), np.float64(-0.5353016924572261)]",prob = sin(E_n*t/(h/(2*pi)))**2,"['sin', '(', 'X_0', '*', 'X_1', '/', '(', 'X_2', '/', '(', '2', '*', 'pi', ')', ')', ')', '^2']",3,10000,C*cos(((((C*X_0)*X_2+C*X_1)+C)+-1*(X_0/X_1))+-1*X_2)
III.8.54,1,GRAMS-PUCT,RMSE,0.34799915948616866,False,(X_2)/X_1*C/C+C+X_2/(cos(C+(C)))+(((C*X_2)*cos(exp(X_1-X_0/X_2*C)/X_1)*X_2+((X_0)))/X_0)/X_1-X_2,"['(', 'X_2', ')', '/', 'X_1', '*', 'C', '/', 'C', '+', 'C', '+', 'X_2', '/', '(', 'cos', '(', 'C', '+', '(', 'C', ')', ')', ')', '+', '(', '(', '(', 'C', '*', 'X_2', ')', '*', 'cos', '(', 'exp', '(', 'X_1', '-', 'X_0', '/', 'X_2', '*', 'C', ')', '/', 'X_1', ')', '*', 'X_2', '+', '(', '(', 'X_0', ')', ')', ')', '/', 'X_0', ')', '/', 'X_1', '-', 'X_2']","[np.float64(2.0368473677570655), np.float64(-4.978153407429972), np.float64(-0.12002754538340679), np.float64(-3.913845881920863), np.float64(4.541839342247024), np.float64(0.028310621717833363), np.float64(-1.3314942197868107)]",prob = sin(E_n*t/(h/(2*pi)))**2,"['sin', '(', 'X_0', '*', 'X_1', '/', '(', 'X_2', '/', '(', '2', '*', 'pi', ')', ')', ')', '^2']",3,10000,((((((C*X_2^2)*cos((exp(X_1)*exp((C*X_0)/X_2))/X_1))/(X_0*X_1)+C*X_2)+C)+(C*X_2)/X_1)+-1*X_2)+1/X_1
III.8.54,2,GRAMS-PUCT,RMSE,0.35002831667681744,False,C+sin(C/exp(sqrt(C/X_2*C))-X_0+C*X_1),"['C', '+', 'sin', '(', 'C', '/', 'exp', '(', 'sqrt', '(', 'C', '/', 'X_2', '*', 'C', ')', ')', '-', 'X_0', '+', 'C', '*', 'X_1', ')']","[np.float64(-0.45215092060074924), np.float64(4.588639551259094), np.float64(0.0691221890802825), np.float64(1.461328347546278), np.float64(-0.3585793557757812)]",prob = sin(E_n*t/(h/(2*pi)))**2,"['sin', '(', 'X_0', '*', 'X_1', '/', '(', 'X_2', '/', '(', '2', '*', 'pi', ')', ')', ')', '^2']",3,10000,C+sin((C*X_1+C*exp(-1*(C/X_2)^0.5))+-1*X_0)
III.8.54,0,GRAMS-UCT,BIC,0.3480589525751278,False,sin(sin(X_2*(C))*X_1+C/X_0)*C*X_1+C+C*C/C*X_0,"['sin', '(', 'sin', '(', 'X_2', '*', '(', 'C', ')', ')', '*', 'X_1', '+', 'C', '/', 'X_0', ')', '*', 'C', '*', 'X_1', '+', 'C', '+', 'C', '*', 'C', '/', 'C', '*', 'X_0']","[np.float64(0.7686990612603579), np.float64(-4.094290220617782), np.float64(-0.13128893674208786), np.float64(0.33407338946649073), np.float64(0.03558287765693792), np.float64(0.20612457171206566), np.float64(4.999999215056611)]",prob = sin(E_n*t/(h/(2*pi)))**2,"['sin', '(', 'X_0', '*', 'X_1', '/', '(', 'X_2', '/', '(', '2', '*', 'pi', ')', ')', ')', '^2']",3,10000,(C*X_0+(C*X_1)*sin(C/X_0+X_1*sin(C*X_2)))+C
III.8.54,1,GRAMS-UCT,BIC,0.3470446255521762,False,cos((X_1/C+X_1)*X_0-X_2*C-C+C)/C,"['cos', '(', '(', 'X_1', '/', 'C', '+', 'X_1', ')', '*', 'X_0', '-', 'X_2', '*', 'C', '-', 'C', '+', 'C', ')', '/', 'C']","[np.float64(-2.4596854998110156), np.float64(0.28786430675984775), np.float64(-3.860106022138786), np.float64(-4.678635505838322), np.float64(1.8325810165281269)]",prob = sin(E_n*t/(h/(2*pi)))**2,"['sin', '(', 'X_0', '*', 'X_1', '/', '(', 'X_2', '/', '(', '2', '*', 'pi', ')', ')', ')', '^2']",3,10000,C*cos((((C*X_0)*X_1+C*X_2)+C)+-1*(X_0*X_1))
III.8.54,2,GRAMS-UCT,BIC,0.3484411939798845,False,cos((X_0*X_1*C*C)/C)*C/C+C,"['cos', '(', '(', 'X_0', '*', 'X_1', '*', 'C', '*', 'C', ')', '/', 'C', ')', '*', 'C', '/', 'C', '+', 'C']","[np.float64(3.950258390498667), np.float64(3.627397961471774), np.float64(3.889693465781476), np.float64(0.4031682481577137), np.float64(-4.471675499154087), np.float64(0.49434167769272086)]",prob = sin(E_n*t/(h/(2*pi)))**2,"['sin', '(', 'X_0', '*', 'X_1', '/', '(', 'X_2', '/', '(', '2', '*', 'pi', ')', ')', ')', '^2']",3,10000,C*cos((C*X_0)*X_1)+C
III.8.54,0,GRAMS-UCT,RMSE,0.3424253975407496,False,sin(cos(X_0*X_1+C/X_0)*C)/C*X_2/C*C-C,"['sin', '(', 'cos', '(', 'X_0', '*', 'X_1', '+', 'C', '/', 'X_0', ')', '*', 'C', ')', '/', 'C', '*', 'X_2', '/', 'C', '*', 'C', '-', 'C']","[np.float64(-0.7587840899780532), np.float64(-3.436069028323295), np.float64(-4.702218511784758), np.float64(4.123585362073467), np.float64(-0.9796790541197034), np.float64(-0.48694270832977016)]",prob = sin(E_n*t/(h/(2*pi)))**2,"['sin', '(', 'X_0', '*', 'X_1', '/', '(', 'X_2', '/', '(', '2', '*', 'pi', ')', ')', ')', '^2']",3,10000,(C*X_2)*sin(C*cos(C/X_0+X_0*X_1))+C
III.8.54,1,GRAMS-UCT,RMSE,0.35013864903230385,False,cos(C-X_1/(X_1)+(X_0*C/X_2)/X_1*C-(X_1)-C)*C,"['cos', '(', 'C', '-', 'X_1', '/', '(', 'X_1', ')', '+', '(', 'X_0', '*', 'C', '/', 'X_2', ')', '/', 'X_1', '*', 'C', '-', '(', 'X_1', ')', '-', 'C', ')', '*', 'C']","[np.float64(-3.563667723007007), np.float64(-4.157421227709264), np.float64(0.33092638246143036), np.float64(-0.6764247651350312), np.float64(0.5304959647425795)]",prob = sin(E_n*t/(h/(2*pi)))**2,"['sin', '(', 'X_0', '*', 'X_1', '/', '(', 'X_2', '/', '(', '2', '*', 'pi', ')', ')', ')', '^2']",3,10000,C*cos(((C*X_0)/(X_1*X_2)+C)+X_1)
III.8.54,2,GRAMS-UCT,RMSE,0.3495216854419121,False,X_2*X_2*((C-X_0*exp(C)*C*X_1))/C+exp(((C))/C*X_0)*X_0,"['X_2', '*', 'X_2', '*', '(', '(', 'C', '-', 'X_0', '*', 'exp', '(', 'C', ')', '*', 'C', '*', 'X_1', ')', ')', '/', 'C', '+', 'exp', '(', '(', '(', 'C', ')', ')', '/', 'C', '*', 'X_0', ')', '*', 'X_0']","[np.float64(0.13441474857542285), np.float64(-4.112750613860869), np.float64(2.982287218948094), np.float64(-5.0), np.float64(0.22042842990952688), np.float64(-0.31673479675794486)]",prob = sin(E_n*t/(h/(2*pi)))**2,"['sin', '(', 'X_0', '*', 'X_1', '/', '(', 'X_2', '/', '(', '2', '*', 'pi', ')', ')', ')', '^2']",3,10000,(((C*X_0)*X_1)*X_2^2+C*X_2^2)+X_0*exp(C*X_0)
III.8.54,0,MC,N/A,0.3488281693424869,False,C*sin(sqrt(X_1*C)-X_2/C+X_1*X_0)+sin(C/C),"['C', '*', 'sin', '(', 'sqrt', '(', 'X_1', '*', 'C', ')', '-', 'X_2', '/', 'C', '+', 'X_1', '*', 'X_0', ')', '+', 'sin', '(', 'C', '/', 'C', ')']","[np.float64(-0.15369436446992996), np.float64(4.318477176961433), np.float64(4.5833394168223105), np.float64(1.1422227297197625), np.float64(2.8477435005325713)]",prob = sin(E_n*t/(h/(2*pi)))**2,"['sin', '(', 'X_0', '*', 'X_1', '/', '(', 'X_2', '/', '(', '2', '*', 'pi', ')', ')', ')', '^2']",3,10000,C*sin((C*X_2+X_0*X_1)+(C*X_1)^0.5)+C
III.8.54,1,MC,N/A,0.33818755672921225,False,sin((X_0)*(X_2/C*C-cos(C+X_1)+X_2/X_1+C+C))/C/X_1-C-C,"['sin', '(', '(', 'X_0', ')', '*', '(', 'X_2', '/', 'C', '*', 'C', '-', 'cos', '(', 'C', '+', 'X_1', ')', '+', 'X_2', '/', 'X_1', '+', 'C', '+', 'C', ')', ')', '/', 'C', '/', 'X_1', '-', 'C', '-', 'C']","[np.float64(-3.4438404610181776), np.float64(-3.7793710568538454), np.float64(3.3756021233822744), np.float64(-3.6379092977710417), np.float64(-4.809638209663684), np.float64(4.728829423332569), np.float64(0.7339501547128497), np.float64(-1.2171551614988576)]",prob = sin(E_n*t/(h/(2*pi)))**2,"['sin', '(', 'X_0', '*', 'X_1', '/', '(', 'X_2', '/', '(', '2', '*', 'pi', ')', ')', ')', '^2']",3,10000,C+(C*sin((((C*X_0)*X_2+C*X_0)+-1*(X_0*cos(C+X_1)))+(X_0*X_2)/X_1))/X_1
III.8.54,2,MC,N/A,0.3496131728417891,False,(cos(C)/sin(cos(X_1*X_1/C/C)+C)/X_0)*X_2*X_2*X_1*(C)/(C)/X_0+C-sqrt(C/X_2),"['(', 'cos', '(', 'C', ')', '/', 'sin', '(', 'cos', '(', 'X_1', '*', 'X_1', '/', 'C', '/', 'C', ')', '+', 'C', ')', '/', 'X_0', ')', '*', 'X_2', '*', 'X_2', '*', 'X_1', '*', '(', 'C', ')', '/', '(', 'C', ')', '/', 'X_0', '+', 'C', '-', 'sqrt', '(', 'C', '/', 'X_2', ')']","[np.float64(4.710788034681187), np.float64(-2.7551546350111487), np.float64(-3.4066947797681677), np.float64(2.1170007295518625), np.float64(-3.2204184147232002), np.float64(-4.585868319225739), np.float64(0.8744517480278411), np.float64(0.17811013857161814)]",prob = sin(E_n*t/(h/(2*pi)))**2,"['sin', '(', 'X_0', '*', 'X_1', '/', '(', 'X_2', '/', '(', '2', '*', 'pi', ')', ')', ')', '^2']",3,10000,(((C*X_1)*X_2^2)/(X_0^2*sin(C+cos(C*X_1^2)))+C)+-1*(C/X_2)^0.5
III.9.52,0,GRAMS-PUCT,BIC,12.211289536748202,False,C-((C+X_3)/C*(C*(X_1)/C*X_0-X_5)),"['C', '-', '(', '(', 'C', '+', 'X_3', ')', '/', 'C', '*', '(', 'C', '*', '(', 'X_1', ')', '/', 'C', '*', 'X_0', '-', 'X_5', ')', ')']","[np.float64(-1.1119806773084895), np.float64(-3.9497243653541747), np.float64(-5.0), np.float64(3.9991637474653494), np.float64(-0.4196718874460374)]",prob = (p_d*Ef*t/(h/(2*pi)))*sin((omega-omega_0)*t/2)^2/((omega-omega_0)*t/2)^2,"['(', 'X_0', '*', 'X_1', '*', 'X_2', '/', '(', 'X_3', '/', '(', '2', '*', 'pi', ')', ')', ')', '*', 'sin', '(', '(', 'X_4', '-', 'X_5', ')', '*', 'X_2', '/', '2', ')', '^2', '/', '(', '(', 'X_4', '-', 'X_5', ')', '*', 'X_2', '/', '2', ')', '^2']",6,10000,(((((C*X_0)*X_1)*X_3+(C*X_0)*X_1)+(C*X_3)*X_5)+C*X_5)+C
III.9.52,1,GRAMS-PUCT,BIC,12.57982537060379,False,C*X_1*C/X_3+X_0*C/X_3-X_3*C,"['C', '*', 'X_1', '*', 'C', '/', 'X_3', '+', 'X_0', '*', 'C', '/', 'X_3', '-', 'X_3', '*', 'C']","[np.float64(3.439027455773537), np.float64(2.8707834517103508), np.float64(5.0), np.float64(0.5709916463562937)]",prob = (p_d*Ef*t/(h/(2*pi)))*sin((omega-omega_0)*t/2)^2/((omega-omega_0)*t/2)^2,"['(', 'X_0', '*', 'X_1', '*', 'X_2', '/', '(', 'X_3', '/', '(', '2', '*', 'pi', ')', ')', ')', '*', 'sin', '(', '(', 'X_4', '-', 'X_5', ')', '*', 'X_2', '/', '2', ')', '^2', '/', '(', '(', 'X_4', '-', 'X_5', ')', '*', 'X_2', '/', '2', ')', '^2']",6,10000,((C*X_0)/X_3+(C*X_1)/X_3)+C*X_3
III.9.52,2,GRAMS-PUCT,BIC,10.005638025999342,False,sin(C-X_5+X_4)*C*sqrt(X_0)/C*C-X_0+X_0*C*C-C/X_2,"['sin', '(', 'C', '-', 'X_5', '+', 'X_4', ')', '*', 'C', '*', 'sqrt', '(', 'X_0', ')', '/', 'C', '*', 'C', '-', 'X_0', '+', 'X_0', '*', 'C', '*', 'C', '-', 'C', '/', 'X_2']","[np.float64(-4.721282385477116), np.float64(-4.999998492612524), np.float64(-2.5222012918583845), np.float64(4.999998491862688), np.float64(4.141101964322483), np.float64(2.0417938400325784), np.float64(5.0)]",prob = (p_d*Ef*t/(h/(2*pi)))*sin((omega-omega_0)*t/2)^2/((omega-omega_0)*t/2)^2,"['(', 'X_0', '*', 'X_1', '*', 'X_2', '/', '(', 'X_3', '/', '(', '2', '*', 'pi', ')', ')', ')', '*', 'sin', '(', '(', 'X_4', '-', 'X_5', ')', '*', 'X_2', '/', '2', ')', '^2', '/', '(', '(', 'X_4', '-', 'X_5', ')', '*', 'X_2', '/', '2', ')', '^2']",6,10000,(((C*X_0^0.5)*sin((C+X_4)+-1*X_5)+C*X_0)+C/X_2)+-1*X_0
III.9.52,0,GRAMS-PUCT,RMSE,11.87872421930469,False,sin(sin(X_4)*C-X_5/C+C)/C*C,"['sin', '(', 'sin', '(', 'X_4', ')', '*', 'C', '-', 'X_5', '/', 'C', '+', 'C', ')', '/', 'C', '*', 'C']","[np.float64(0.8641020819488282), np.float64(-1.8222937855978938), np.float64(-3.2660831393952447), np.float64(0.11472123272431084), np.float64(-2.6814439582235208)]",prob = (p_d*Ef*t/(h/(2*pi)))*sin((omega-omega_0)*t/2)^2/((omega-omega_0)*t/2)^2,"['(', 'X_0', '*', 'X_1', '*', 'X_2', '/', '(', 'X_3', '/', '(', '2', '*', 'pi', ')', ')', ')', '*', 'sin', '(', '(', 'X_4', '-', 'X_5', ')', '*', 'X_2', '/', '2', ')', '^2', '/', '(', '(', 'X_4', '-', 'X_5', ')', '*', 'X_2', '/', '2', ')', '^2']",6,10000,C*sin((C*X_5+C*sin(X_4))+C)
III.9.52,1,GRAMS-PUCT,RMSE,12.200182271728012,False,(C)+X_1+X_0/C*X_1*C/X_3-X_2,"['(', 'C', ')', '+', 'X_1', '+', 'X_0', '/', 'C', '*', 'X_1', '*', 'C', '/', 'X_3', '-', 'X_2']","[np.float64(0.5453159678319119), np.float64(-0.7641959276447571), np.float64(-5.0)]",prob = (p_d*Ef*t/(h/(2*pi)))*sin((omega-omega_0)*t/2)^2/((omega-omega_0)*t/2)^2,"['(', 'X_0', '*', 'X_1', '*', 'X_2', '/', '(', 'X_3', '/', '(', '2', '*', 'pi', ')', ')', ')', '*', 'sin', '(', '(', 'X_4', '-', 'X_5', ')', '*', 'X_2', '/', '2', ')', '^2', '/', '(', '(', 'X_4', '-', 'X_5', ')', '*', 'X_2', '/', '2', ')', '^2']",6,10000,((((C*X_0)*X_1)/X_3+C)+X_1)+-1*X_2
III.9.52,2,GRAMS-PUCT,RMSE,12.014250267000076,False,C*(C*X_1-X_1+(X_3*C+X_2)-C*C-C+sqrt((X_4))+cos(X_0)+C*X_1/X_3*X_0)/C-X_3+X_1,"['C', '*', '(', 'C', '*', 'X_1', '-', 'X_1', '+', '(', 'X_3', '*', 'C', '+', 'X_2', ')', '-', 'C', '*', 'C', '-', 'C', '+', 'sqrt', '(', '(', 'X_4', ')', ')', '+', 'cos', '(', 'X_0', ')', '+', 'C', '*', 'X_1', '/', 'X_3', '*', 'X_0', ')', '/', 'C', '-', 'X_3', '+', 'X_1']","[np.float64(-4.14612125990109), np.float64(0.1813485957635813), np.float64(1.0701385264916488), np.float64(-1.1159932169985618), np.float64(-0.41257748275636397), np.float64(4.378326630711926), np.float64(3.7424060056097863), np.float64(-2.0110026518702635)]",prob = (p_d*Ef*t/(h/(2*pi)))*sin((omega-omega_0)*t/2)^2/((omega-omega_0)*t/2)^2,"['(', 'X_0', '*', 'X_1', '*', 'X_2', '/', '(', 'X_3', '/', '(', '2', '*', 'pi', ')', ')', ')', '*', 'sin', '(', '(', 'X_4', '-', 'X_5', ')', '*', 'X_2', '/', '2', ')', '^2', '/', '(', '(', 'X_4', '-', 'X_5', ')', '*', 'X_2', '/', '2', ')', '^2']",6,10000,(((((((((C*X_0)*X_1)/X_3+(2*C)*X_1)+C*X_2)+C*X_3)+C*X_4^0.5)+C*cos(X_0))+C)+X_1)+-1*X_3
III.9.52,0,GRAMS-UCT,BIC,12.023436162554455,False,(X_0)*X_1*C*C/X_3+C+X_0*C/exp(C*X_5-C),"['(', 'X_0', ')', '*', 'X_1', '*', 'C', '*', 'C', '/', 'X_3', '+', 'C', '+', 'X_0', '*', 'C', '/', 'exp', '(', 'C', '*', 'X_5', '-', 'C', ')']","[np.float64(-3.7508055585079947), np.float64(-1.8333584956699713), np.float64(0.4574864815566577), np.float64(-3.807294823945803), np.float64(2.644317035687411), np.float64(2.537022956587452)]",prob = (p_d*Ef*t/(h/(2*pi)))*sin((omega-omega_0)*t/2)^2/((omega-omega_0)*t/2)^2,"['(', 'X_0', '*', 'X_1', '*', 'X_2', '/', '(', 'X_3', '/', '(', '2', '*', 'pi', ')', ')', ')', '*', 'sin', '(', '(', 'X_4', '-', 'X_5', ')', '*', 'X_2', '/', '2', ')', '^2', '/', '(', '(', 'X_4', '-', 'X_5', ')', '*', 'X_2', '/', '2', ')', '^2']",6,10000,(((C*X_0)*X_1)/X_3+(C*X_0)*exp(C*X_5))+C
III.9.52,1,GRAMS-UCT,BIC,12.0932486227615,False,X_5-X_3*X_0/X_3*X_1*(C-X_2)/C/X_3,"['X_5', '-', 'X_3', '*', 'X_0', '/', 'X_3', '*', 'X_1', '*', '(', 'C', '-', 'X_2', ')', '/', 'C', '/', 'X_3']","[np.float64(-2.3070265349340464), np.float64(0.7505902188173121)]",prob = (p_d*Ef*t/(h/(2*pi)))*sin((omega-omega_0)*t/2)^2/((omega-omega_0)*t/2)^2,"['(', 'X_0', '*', 'X_1', '*', 'X_2', '/', '(', 'X_3', '/', '(', '2', '*', 'pi', ')', ')', ')', '*', 'sin', '(', '(', 'X_4', '-', 'X_5', ')', '*', 'X_2', '/', '2', ')', '^2', '/', '(', '(', 'X_4', '-', 'X_5', ')', '*', 'X_2', '/', '2', ')', '^2']",6,10000,((((C*X_0)*X_1)*X_2)/X_3+((C*X_0)*X_1)/X_3)+X_5
III.9.52,2,GRAMS-UCT,BIC,12.10884377469482,False,X_3*X_4/X_4*C+(C)+X_3+X_0*X_1/(X_3/C/C/C)*C,"['X_3', '*', 'X_4', '/', 'X_4', '*', 'C', '+', '(', 'C', ')', '+', 'X_3', '+', 'X_0', '*', 'X_1', '/', '(', 'X_3', '/', 'C', '/', 'C', '/', 'C', ')', '*', 'C']","[np.float64(-1.2963702022955106), np.float64(0.9123721557558437), np.float64(-2.2653114774910015), np.float64(1.7571893015162992), np.float64(4.548270155611906), np.float64(-0.3678453428291009)]",prob = (p_d*Ef*t/(h/(2*pi)))*sin((omega-omega_0)*t/2)^2/((omega-omega_0)*t/2)^2,"['(', 'X_0', '*', 'X_1', '*', 'X_2', '/', '(', 'X_3', '/', '(', '2', '*', 'pi', ')', ')', ')', '*', 'sin', '(', '(', 'X_4', '-', 'X_5', ')', '*', 'X_2', '/', '2', ')', '^2', '/', '(', '(', 'X_4', '-', 'X_5', ')', '*', 'X_2', '/', '2', ')', '^2']",6,10000,((((C*X_0)*X_1)/X_3+C*X_3)+C)+X_3
III.9.52,0,GRAMS-UCT,RMSE,12.176693611207952,False,C*X_1*C/C+X_0-X_0/X_3*X_2*X_1/C,"['C', '*', 'X_1', '*', 'C', '/', 'C', '+', 'X_0', '-', 'X_0', '/', 'X_3', '*', 'X_2', '*', 'X_1', '/', 'C']","[np.float64(2.1430400108679977), np.float64(1.8693926535724235), np.float64(3.918685828794353), np.float64(-0.3968340003085276)]",prob = (p_d*Ef*t/(h/(2*pi)))*sin((omega-omega_0)*t/2)^2/((omega-omega_0)*t/2)^2,"['(', 'X_0', '*', 'X_1', '*', 'X_2', '/', '(', 'X_3', '/', '(', '2', '*', 'pi', ')', ')', ')', '*', 'sin', '(', '(', 'X_4', '-', 'X_5', ')', '*', 'X_2', '/', '2', ')', '^2', '/', '(', '(', 'X_4', '-', 'X_5', ')', '*', 'X_2', '/', '2', ')', '^2']",6,10000,((((C*X_0)*X_1)*X_2)/X_3+C*X_1)+X_0
III.9.52,1,GRAMS-UCT,RMSE,12.014182346063842,False,X_1*(X_3-C*(X_5)+X_4/X_5/X_5/(C)-C-C-C/X_1)/C+X_0,"['X_1', '*', '(', 'X_3', '-', 'C', '*', '(', 'X_5', ')', '+', 'X_4', '/', 'X_5', '/', 'X_5', '/', '(', 'C', ')', '-', 'C', '-', 'C', '-', 'C', '/', 'X_1', ')', '/', 'C', '+', 'X_0']","[np.float64(-0.49186386009249894), np.float64(0.899363317960557), np.float64(1.0362674160380156), np.float64(4.994439210180844), np.float64(-0.601990715330272), np.float64(-0.24451122795023295)]",prob = (p_d*Ef*t/(h/(2*pi)))*sin((omega-omega_0)*t/2)^2/((omega-omega_0)*t/2)^2,"['(', 'X_0', '*', 'X_1', '*', 'X_2', '/', '(', 'X_3', '/', '(', '2', '*', 'pi', ')', ')', ')', '*', 'sin', '(', '(', 'X_4', '-', 'X_5', ')', '*', 'X_2', '/', '2', ')', '^2', '/', '(', '(', 'X_4', '-', 'X_5', ')', '*', 'X_2', '/', '2', ')', '^2']",6,10000,(((((C*X_1)*X_3+((C*X_1)*X_4)/X_5^2)+(C*X_1)*X_5)+C*X_1)+C)+X_0
III.9.52,2,GRAMS-UCT,RMSE,12.26730825473557,False,X_0/X_3*X_1*C-C+X_0+sin(C*C)*X_5,"['X_0', '/', 'X_3', '*', 'X_1', '*', 'C', '-', 'C', '+', 'X_0', '+', 'sin', '(', 'C', '*', 'C', ')', '*', 'X_5']","[np.float64(5.0), np.float64(-2.357444825663685), np.float64(-5.0), np.float64(-5.0)]",prob = (p_d*Ef*t/(h/(2*pi)))*sin((omega-omega_0)*t/2)^2/((omega-omega_0)*t/2)^2,"['(', 'X_0', '*', 'X_1', '*', 'X_2', '/', '(', 'X_3', '/', '(', '2', '*', 'pi', ')', ')', ')', '*', 'sin', '(', '(', 'X_4', '-', 'X_5', ')', '*', 'X_2', '/', '2', ')', '^2', '/', '(', '(', 'X_4', '-', 'X_5', ')', '*', 'X_2', '/', '2', ')', '^2']",6,10000,((((C*X_0)*X_1)/X_3+C*X_5)+C)+X_0
III.9.52,0,MC,N/A,12.381018624475017,False,C+X_1/C/X_3*X_2*C-X_0*C+C*C/C,"['C', '+', 'X_1', '/', 'C', '/', 'X_3', '*', 'X_2', '*', 'C', '-', 'X_0', '*', 'C', '+', 'C', '*', 'C', '/', 'C']","[np.float64(-4.835765267345867), np.float64(0.8967713306639845), np.float64(5.0), np.float64(-5.0), np.float64(2.261160863156397), np.float64(-4.997032725467462), np.float64(4.614448899685796)]",prob = (p_d*Ef*t/(h/(2*pi)))*sin((omega-omega_0)*t/2)^2/((omega-omega_0)*t/2)^2,"['(', 'X_0', '*', 'X_1', '*', 'X_2', '/', '(', 'X_3', '/', '(', '2', '*', 'pi', ')', ')', ')', '*', 'sin', '(', '(', 'X_4', '-', 'X_5', ')', '*', 'X_2', '/', '2', ')', '^2', '/', '(', '(', 'X_4', '-', 'X_5', ')', '*', 'X_2', '/', '2', ')', '^2']",6,10000,(C*X_0+((C*X_1)*X_2)/X_3)+C
III.9.52,1,MC,N/A,12.10650919476836,False,C*C*X_0/(C*X_3)*X_1-X_1+X_1*C,"['C', '*', 'C', '*', 'X_0', '/', '(', 'C', '*', 'X_3', ')', '*', 'X_1', '-', 'X_1', '+', 'X_1', '*', 'C']","[np.float64(-4.124064414159608), np.float64(5.0), np.float64(-3.0879551871887583), np.float64(1.148810837135943)]",prob = (p_d*Ef*t/(h/(2*pi)))*sin((omega-omega_0)*t/2)^2/((omega-omega_0)*t/2)^2,"['(', 'X_0', '*', 'X_1', '*', 'X_2', '/', '(', 'X_3', '/', '(', '2', '*', 'pi', ')', ')', ')', '*', 'sin', '(', '(', 'X_4', '-', 'X_5', ')', '*', 'X_2', '/', '2', ')', '^2', '/', '(', '(', 'X_4', '-', 'X_5', ')', '*', 'X_2', '/', '2', ')', '^2']",6,10000,(((C*X_0)*X_1)/X_3+C*X_1)+-1*X_1
III.9.52,2,MC,N/A,12.004991575746027,False,C+sin(X_4+C-X_5/C/C+C+C)*X_1/C*C,"['C', '+', 'sin', '(', 'X_4', '+', 'C', '-', 'X_5', '/', 'C', '/', 'C', '+', 'C', '+', 'C', ')', '*', 'X_1', '/', 'C', '*', 'C']","[np.float64(5.0), np.float64(-4.591220913032616), np.float64(2.683200926958151), np.float64(0.5757724768532316), np.float64(-3.5606336034991237), np.float64(-3.9079717627185544), np.float64(-0.5515186981698013), np.float64(-4.982275081594455)]",prob = (p_d*Ef*t/(h/(2*pi)))*sin((omega-omega_0)*t/2)^2/((omega-omega_0)*t/2)^2,"['(', 'X_0', '*', 'X_1', '*', 'X_2', '/', '(', 'X_3', '/', '(', '2', '*', 'pi', ')', ')', ')', '*', 'sin', '(', '(', 'X_4', '-', 'X_5', ')', '*', 'X_2', '/', '2', ')', '^2', '/', '(', '(', 'X_4', '-', 'X_5', ')', '*', 'X_2', '/', '2', ')', '^2']",6,10000,(C*X_1)*sin((C*X_5+C)+X_4)+C
